unsigned char pc8201_rom[] = {
  0xc3, 0x94, 0x7c, 0x2d, 0x2e, 0x2d, 0x00, 0x00, 0x7e, 0xe3, 0xbe, 0xc2,
  0x68, 0x05, 0x23, 0xe3, 0xc3, 0x77, 0x0a, 0xeb, 0x2a, 0x07, 0xf5, 0xeb,
  0x7c, 0x92, 0xc0, 0x7d, 0x93, 0xc9, 0x3e, 0x20, 0xc3, 0xfa, 0x4c, 0x00,
  0xc3, 0x92, 0xf3, 0x00, 0xc3, 0x38, 0x13, 0x00, 0xf3, 0xc3, 0x89, 0xf3,
  0xc3, 0x73, 0x31, 0x00, 0xf3, 0xc3, 0x00, 0x6e, 0xc3, 0xbe, 0x7f, 0x00,
  0xf3, 0xc3, 0xbe, 0x1e, 0xef, 0x40, 0x7b, 0x09, 0xca, 0x41, 0x8c, 0x0c,
  0x8c, 0x0f, 0xaa, 0x49, 0xba, 0x0f, 0xb6, 0x0c, 0x19, 0x0c, 0xd0, 0x0b,
  0x00, 0x0e, 0xcf, 0x40, 0xe6, 0x0b, 0x53, 0x0c, 0x8e, 0x0c, 0xea, 0x40,
  0x45, 0x0e, 0x49, 0x41, 0xf5, 0x13, 0xed, 0x22, 0x22, 0x0d, 0x6b, 0x05,
  0x6b, 0x05, 0xe7, 0x15, 0x2a, 0x41, 0xd2, 0x25, 0x03, 0x27, 0xc1, 0x13,
  0x3d, 0x0e, 0xf0, 0x13, 0x6b, 0x05, 0xdf, 0x1f, 0x8e, 0x0c, 0x6b, 0x05,
  0x6b, 0x05, 0x6b, 0x05, 0x6b, 0x05, 0xf5, 0x0d, 0xa3, 0x0d, 0x45, 0x56,
  0x6b, 0x05, 0x17, 0x16, 0x42, 0x0b, 0x45, 0x0b, 0x48, 0x0b, 0x4b, 0x0b,
  0x32, 0x0f, 0x6d, 0x1f, 0x5e, 0x1f, 0x58, 0x42, 0x0f, 0x52, 0x11, 0x1f,
  0xe3, 0x1f, 0x91, 0x1e, 0xfc, 0x7e, 0xe1, 0x1f, 0xfd, 0x1f, 0xe7, 0x1f,
  0x30, 0x60, 0x03, 0x20, 0x1a, 0x20, 0x60, 0x42, 0x7b, 0x18, 0x81, 0x28,
  0x4d, 0x26, 0x07, 0x52, 0x6b, 0x05, 0x6b, 0x05, 0x77, 0x4e, 0x6b, 0x05,
  0x6b, 0x05, 0x6b, 0x05, 0x6b, 0x05, 0xc5, 0x4f, 0x1c, 0x4f, 0x1d, 0x4f,
  0x1d, 0x21, 0x20, 0x22, 0x7b, 0x21, 0x6b, 0x05, 0x6b, 0x05, 0x74, 0x4f,
  0x05, 0x52, 0x6b, 0x05, 0xab, 0x1f, 0x6b, 0x05, 0x6b, 0x05, 0x6b, 0x05,
  0x6c, 0x2d, 0x9d, 0x2d, 0xa7, 0x2d, 0xa8, 0x31, 0x54, 0x33, 0x95, 0x31,
  0x4d, 0x3d, 0x4a, 0x3e, 0xc3, 0x3e, 0xfc, 0x2f, 0xad, 0x3d, 0xbd, 0x3e,
  0x5e, 0x3f, 0x73, 0x3f, 0x8e, 0x2e, 0xb5, 0x13, 0x9d, 0x13, 0x04, 0x2d,
  0xfb, 0x2a, 0xd3, 0x2d, 0x10, 0x2d, 0x20, 0x2d, 0xe0, 0x15, 0x4f, 0x2d,
  0x6b, 0x05, 0x6b, 0x05, 0x97, 0x13, 0x6b, 0x05, 0x6b, 0x05, 0x6b, 0x05,
  0x9e, 0x32, 0xd2, 0x32, 0xfc, 0x32, 0x45, 0x33, 0x6b, 0x05, 0x6b, 0x05,
  0x6b, 0x05, 0x0b, 0x52, 0xfe, 0x1c, 0x03, 0x52, 0x01, 0x52, 0x0d, 0x52,
  0x6b, 0x05, 0x6b, 0x05, 0x6b, 0x05, 0x7e, 0x01, 0x8b, 0x01, 0x9a, 0x01,
  0xda, 0x01, 0x0d, 0x02, 0x31, 0x02, 0x46, 0x02, 0x55, 0x02, 0x56, 0x02,
  0x72, 0x02, 0x73, 0x02, 0x7b, 0x02, 0xb7, 0x02, 0xd0, 0x02, 0xdf, 0x02,
  0xee, 0x02, 0x0e, 0x03, 0x0f, 0x03, 0x3b, 0x03, 0x73, 0x03, 0x86, 0x03,
  0x8c, 0x03, 0x90, 0x03, 0x96, 0x03, 0x9a, 0x03, 0x9b, 0x03, 0x4e, 0xc4,
  0xf8, 0x42, 0xd3, 0x06, 0x54, 0xce, 0x0e, 0x53, 0xc3, 0x15, 0x00, 0x53,
  0x41, 0x56, 0xc5, 0xc1, 0x4c, 0x4f, 0x41, 0xc4, 0xc0, 0x45, 0x45, 0xd0,
  0xb2, 0x00, 0x4f, 0x4c, 0x4f, 0xd2, 0xb5, 0x4c, 0x4f, 0x53, 0xc5, 0xca,
  0x4f, 0x4e, 0xd4, 0x99, 0x4c, 0x45, 0x41, 0xd2, 0x92, 0x4c, 0x4f, 0x41,
  0xc4, 0x9b, 0x53, 0x41, 0x56, 0xc5, 0x9a, 0x53, 0x52, 0x4c, 0x49, 0xce,
  0xe6, 0x49, 0x4e, 0xd4, 0x1f, 0x53, 0x4e, 0xc7, 0x20, 0x44, 0x42, 0xcc,
  0x21, 0x4f, 0xd3, 0x0c, 0x48, 0x52, 0xa4, 0x16, 0x4f, 0xcd, 0xb6, 0x4c,
  0xd3, 0xbe, 0x4d, 0xc4, 0xb8, 0x00, 0x41, 0x54, 0xc1, 0x84, 0x49, 0xcd,
  0x86, 0x45, 0x46, 0x53, 0x54, 0xd2, 0xab, 0x45, 0x46, 0x49, 0x4e, 0xd4,
  0xac, 0x45, 0x46, 0x53, 0x4e, 0xc7, 0xad, 0x45, 0x46, 0x44, 0x42, 0xcc,
  0xae, 0x53, 0x4b, 0x4f, 0xa4, 0xc2, 0x53, 0x4b, 0x49, 0xa4, 0xe8, 0x53,
  0x4b, 0xc6, 0x26, 0x41, 0x54, 0x45, 0xa4, 0xeb, 0x00, 0x4c, 0x53, 0xc5,
  0xa1, 0x4e, 0xc4, 0x81, 0x44, 0x49, 0xd4, 0xbb, 0x52, 0x52, 0x4f, 0xd2,
  0xa6, 0x52, 0xcc, 0xdf, 0x52, 0xd2, 0xe0, 0x58, 0x45, 0xc3, 0xbc, 0x58,
  0xd0, 0x0b, 0x4f, 0xc6, 0x27, 0x51, 0xd6, 0xfb, 0x00, 0x4f, 0x52, 0x4d,
  0x41, 0xd4, 0xb3, 0x4f, 0xd2, 0x82, 0x49, 0x4c, 0x45, 0xd3, 0xcd, 0x52,
  0xc5, 0x0f, 0x49, 0xd8, 0x22, 0x00, 0x4f, 0x54, 0xcf, 0x89, 0x4f, 0x20,
  0x54, 0xcf, 0x89, 0x4f, 0x53, 0x55, 0xc2, 0x8d, 0x00, 0x00, 0x4e, 0x50,
  0x55, 0xd4, 0x85, 0xc6, 0x8b, 0x4e, 0x53, 0x54, 0xd2, 0xe3, 0x4e, 0xd4,
  0x05, 0x4e, 0xd0, 0x10, 0x4d, 0xd0, 0xfc, 0x4e, 0x4b, 0x45, 0x59, 0xa4,
  0xe9, 0x00, 0x00, 0x49, 0x4c, 0xcc, 0xcf, 0x45, 0xd9, 0xb4, 0x00, 0x4f,
  0x43, 0x41, 0x54, 0xc5, 0xd5, 0x50, 0x52, 0x49, 0x4e, 0xd4, 0x9d, 0x4c,
  0x49, 0x53, 0xd4, 0x9e, 0x50, 0x4f, 0xd3, 0x1b, 0x45, 0xd4, 0x88, 0x49,
  0x4e, 0xc5, 0xaf, 0x4f, 0x41, 0xc4, 0xcb, 0x49, 0x53, 0xd4, 0x93, 0x46,
  0x49, 0x4c, 0x45, 0xd3, 0xd3, 0x4f, 0xc7, 0x0a, 0x4f, 0xc3, 0x28, 0x45,
  0xce, 0x12, 0x45, 0x46, 0x54, 0xa4, 0x01, 0x4f, 0xc6, 0x29, 0x00, 0x4f,
  0x54, 0x4f, 0xd2, 0xb9, 0x45, 0x52, 0x47, 0xc5, 0xcc, 0x4f, 0xc4, 0xfd,
  0x49, 0x44, 0xa4, 0x03, 0x41, 0xd8, 0xb7, 0x45, 0x4e, 0xd5, 0xa8, 0x00,
  0x45, 0x58, 0xd4, 0x83, 0x41, 0x4d, 0xc5, 0xce, 0x45, 0xd7, 0x94, 0x4f,
  0xd4, 0xde, 0x00, 0x50, 0x45, 0xce, 0xc5, 0x55, 0xd4, 0x9c, 0xce, 0x95,
  0xd2, 0xf9, 0x46, 0xc6, 0xe7, 0x00, 0x52, 0x49, 0x4e, 0xd4, 0x91, 0x4f,
  0x4b, 0xc5, 0x98, 0x4f, 0xd3, 0x11, 0x45, 0x45, 0xcb, 0x17, 0x53, 0x45,
  0xd4, 0xb1, 0x52, 0x45, 0x53, 0x45, 0xd4, 0xb0, 0x4f, 0x57, 0x45, 0xd2,
  0xbf, 0x00, 0x00, 0x45, 0x54, 0x55, 0x52, 0xce, 0x8e, 0x45, 0x41, 0xc4,
  0x87, 0x55, 0xce, 0x8a, 0x45, 0x53, 0x54, 0x4f, 0x52, 0xc5, 0x8c, 0x45,
  0xcd, 0x8f, 0x45, 0x53, 0x55, 0x4d, 0xc5, 0xa7, 0x49, 0x47, 0x48, 0x54,
  0xa4, 0x02, 0x4e, 0xc4, 0x08, 0x45, 0x4e, 0x55, 0xcd, 0xaa, 0x00, 0x43,
  0x52, 0x45, 0x45, 0xce, 0xbd, 0x54, 0x4f, 0xd0, 0x90, 0x54, 0x41, 0x54,
  0x55, 0xd3, 0xee, 0x41, 0x56, 0xc5, 0xd2, 0x54, 0x45, 0xd0, 0xda, 0x47,
  0xce, 0x04, 0x51, 0xd2, 0x07, 0x49, 0xce, 0x09, 0x54, 0x52, 0xa4, 0x13,
  0x54, 0x52, 0x49, 0x4e, 0x47, 0xa4, 0xe1, 0x50, 0x41, 0x43, 0x45, 0xa4,
  0x18, 0x4f, 0x55, 0x4e, 0xc4, 0xba, 0x00, 0x48, 0x45, 0xce, 0xd8, 0x41,
  0x42, 0xa8, 0xd9, 0xcf, 0xd7, 0x49, 0x4d, 0x45, 0xa4, 0xea, 0x41, 0xce,
  0x0d, 0x00, 0x53, 0x49, 0x4e, 0xc7, 0xe2, 0x00, 0x41, 0xcc, 0x14, 0x00,
  0x49, 0x44, 0x54, 0xc8, 0xa0, 0x00, 0x4f, 0xd2, 0xfa, 0x00, 0x00, 0x00,
  0xab, 0xf3, 0xad, 0xf4, 0xaa, 0xf5, 0xaf, 0xf6, 0xde, 0xf7, 0xdc, 0xfe,
  0xa7, 0xe4, 0xbe, 0xf0, 0xbd, 0xf1, 0xbc, 0xf2, 0x00, 0x79, 0x79, 0x7c,
  0x7c, 0x7f, 0x50, 0x46, 0x3c, 0x32, 0x28, 0x7a, 0x7b, 0xfc, 0x32, 0x00,
  0x00, 0x9e, 0x32, 0x15, 0x33, 0xd2, 0x32, 0xf8, 0x34, 0xf1, 0x34, 0x39,
  0x36, 0x91, 0x36, 0x97, 0x32, 0xc7, 0x2e, 0xc4, 0x2e, 0x40, 0x30, 0xa5,
  0x30, 0x2e, 0x32, 0x03, 0x34, 0xf7, 0x33, 0x23, 0x34, 0x0b, 0x12, 0x59,
  0x32, 0x4e, 0x46, 0x53, 0x4e, 0x52, 0x47, 0x4f, 0x44, 0x46, 0x43, 0x4f,
  0x56, 0x4f, 0x4d, 0x55, 0x4c, 0x42, 0x53, 0x44, 0x44, 0x2f, 0x30, 0x49,
  0x44, 0x54, 0x4d, 0x4f, 0x53, 0x4c, 0x53, 0x53, 0x54, 0x43, 0x4e, 0x55,
  0x46, 0x4e, 0x52, 0x52, 0x57, 0x55, 0x45, 0x4d, 0x4f, 0x42, 0x4f, 0x49,
  0x4f, 0x44, 0x55, 0x49, 0x45, 0x42, 0x4e, 0x46, 0x46, 0x41, 0x4f, 0x45,
  0x46, 0x4e, 0x4d, 0x44, 0x53, 0x46, 0x4c, 0x43, 0x46, 0x50, 0x43, 0x4d,
  0x8a, 0x00, 0x00, 0x80, 0xf3, 0xc9, 0x00, 0x00, 0xfb, 0xc9, 0x00, 0xc9,
  0x00, 0x00, 0xc9, 0x00, 0x00, 0xc3, 0x95, 0x18, 0xdb, 0xa0, 0xe6, 0x0c,
  0xc0, 0x3e, 0x01, 0xd3, 0xa1, 0x21, 0x40, 0x00, 0x11, 0x91, 0xf9, 0x7e,
  0x12, 0x23, 0x13, 0x7d, 0xd6, 0x48, 0xc2, 0xa4, 0xf3, 0xd3, 0xa1, 0x2a,
  0x91, 0xf9, 0x11, 0x41, 0x42, 0xc3, 0x18, 0x00, 0xf3, 0x3e, 0x01, 0xd3,
  0xa1, 0xc7, 0x00, 0x21, 0x53, 0x59, 0x54, 0x40, 0x00, 0xf0, 0x00, 0xc9,
  0x00, 0x00, 0xc9, 0x00, 0x00, 0xc9, 0x00, 0x00, 0xc9, 0x00, 0x00, 0xc9,
  0x00, 0x00, 0xc9, 0x00, 0x00, 0x00, 0x00, 0xc0, 0xc9, 0x00, 0x00, 0x00,
  0x00, 0xff, 0xff, 0x00, 0x01, 0x01, 0x08, 0x28, 0x00, 0x00, 0x00, 0x01,
  0x01, 0x01, 0x01, 0x19, 0x28, 0x00, 0x00, 0x00, 0x50, 0x38, 0x30, 0x00,
  0x00, 0x00, 0x00, 0x00, 0x00, 0x00, 0x00, 0x00, 0x00, 0x64, 0xff, 0x00,
  0x00, 0x38, 0x49, 0x37, 0x31, 0x58, 0x53, 0xc3, 0x00, 0x00, 0x00, 0xc9,
  0x00, 0xc9, 0xd3, 0x00, 0xc9, 0xd6, 0x00, 0x6f, 0x7c, 0xde, 0x00, 0x67,
  0x78, 0xde, 0x00, 0x47, 0x3e, 0x00, 0xc9, 0x00, 0x00, 0x00, 0x35, 0x4a,
  0xca, 0x99, 0x39, 0x1c, 0x76, 0x98, 0x22, 0x95, 0xb3, 0x98, 0x0a, 0xdd,
  0x47, 0x98, 0x53, 0xd1, 0x99, 0x99, 0x0a, 0x1a, 0x9f, 0x98, 0x65, 0xbc,
  0xcd, 0x98, 0xd6, 0x77, 0x3e, 0x98, 0x52, 0xc7, 0x4f, 0x80, 0xdb, 0x00,
  0xc9, 0x3a, 0x00, 0x00, 0x00, 0x00, 0x00, 0x00, 0x00, 0x00, 0x0e, 0x00,
  0xfa, 0xfb, 0xfe, 0xff, 0x97, 0xfb, 0x00, 0x00, 0x20, 0x45, 0x72, 0x72,
  0x6f, 0x72, 0x00, 0x20, 0x69, 0x6e, 0x20, 0x00, 0x4f, 0x6b, 0x0d, 0x0a,
  0x00, 0x42, 0x72, 0x65, 0x61, 0x6b, 0x00, 0x21, 0x04, 0x00, 0x39, 0x7e,
  0x23, 0xfe, 0x82, 0xc0, 0x4e, 0x23, 0x46, 0x23, 0xe5, 0x60, 0x69, 0x7a,
  0xb3, 0xeb, 0xca, 0x3b, 0x05, 0xeb, 0xdf, 0x01, 0x0e, 0x00, 0xe1, 0xc8,
  0x09, 0xc3, 0x27, 0x05, 0x01, 0x2c, 0x06, 0xc3, 0xb5, 0x05, 0x2a, 0x5b,
  0xf4, 0x7c, 0xa5, 0x3c, 0xca, 0x5c, 0x05, 0x3a, 0xda, 0xfa, 0xb7, 0x1e,
  0x13, 0xc2, 0x85, 0x05, 0xc3, 0x06, 0x41, 0xc3, 0x85, 0x05, 0x2a, 0xc7,
  0xfa, 0x22, 0x5b, 0xf4, 0x1e, 0x02, 0x01, 0x1e, 0x3b, 0x01, 0x1e, 0x19,
  0x01, 0x1e, 0x0b, 0x01, 0x1e, 0x01, 0x01, 0x1e, 0x0a, 0x01, 0x1e, 0x14,
  0x01, 0x1e, 0x06, 0x01, 0x1e, 0x16, 0x01, 0x1e, 0x0d, 0xaf, 0x32, 0x8c,
  0xfb, 0x2a, 0x5f, 0xf4, 0x7c, 0xb5, 0xca, 0x9b, 0x05, 0x3a, 0x19, 0xfb,
  0x77, 0x21, 0x00, 0x00, 0x22, 0x5f, 0xf4, 0xfb, 0x2a, 0xfe, 0xf3, 0xe5,
  0x7c, 0xb5, 0xc0, 0x2a, 0x5b, 0xf4, 0x22, 0xd2, 0xfa, 0x7c, 0xa5, 0x3c,
  0xca, 0xb2, 0x05, 0x22, 0xd4, 0xfa, 0x01, 0xbb, 0x05, 0x2a, 0xd0, 0xfa,
  0xc3, 0x42, 0x40, 0xc1, 0x7b, 0x4b, 0x32, 0x53, 0xf4, 0x2a, 0xce, 0xfa,
  0x22, 0xd6, 0xfa, 0xeb, 0x2a, 0xd2, 0xfa, 0x7c, 0xa5, 0x3c, 0xca, 0xd8,
  0x05, 0x22, 0xdd, 0xfa, 0xeb, 0x22, 0xdf, 0xfa, 0x2a, 0xd8, 0xfa, 0x7c,
  0xb5, 0xeb, 0x21, 0xda, 0xfa, 0xca, 0xed, 0x05, 0xa6, 0xc2, 0xed, 0x05,
  0x35, 0xeb, 0xc3, 0x40, 0x0a, 0xaf, 0x77, 0x59, 0xcd, 0x61, 0x4d, 0xcd,
  0xdd, 0xf3, 0x7b, 0xfe, 0x3c, 0xd2, 0x06, 0x06, 0xfe, 0x32, 0xd2, 0x08,
  0x06, 0xfe, 0x1a, 0xda, 0x0b, 0x06, 0x3e, 0x2d, 0xd6, 0x18, 0x5f, 0x16,
  0x00, 0x21, 0xe3, 0x03, 0x19, 0x19, 0x3e, 0x3f, 0xe7, 0x7e, 0xe7, 0xd7,
  0xe7, 0x21, 0x0c, 0x05, 0xe5, 0x2a, 0xd2, 0xfa, 0xe3, 0xcd, 0x72, 0x2b,
  0xe1, 0x7c, 0xa5, 0x3c, 0xc4, 0x90, 0x38, 0x3e, 0xc1, 0xcd, 0x3b, 0x4d,
  0xcd, 0xdb, 0x50, 0xcd, 0x61, 0x4d, 0x21, 0x18, 0x05, 0xcd, 0x72, 0x2b,
  0x21, 0xff, 0xff, 0x22, 0x5b, 0xf4, 0x21, 0x4e, 0xf4, 0x22, 0xce, 0xfa,
  0xcd, 0x98, 0x47, 0xda, 0x3c, 0x06, 0xd7, 0x3c, 0x3d, 0xca, 0x3c, 0x06,
  0xf5, 0xcd, 0x97, 0x0b, 0xd2, 0x61, 0x06, 0xcd, 0x49, 0x42, 0xca, 0x68,
  0x05, 0xcd, 0x68, 0x09, 0x7e, 0xfe, 0x20, 0xcc, 0xe8, 0x31, 0xd5, 0xcd,
  0x7b, 0x07, 0xd1, 0xf1, 0x22, 0xce, 0xfa, 0xd2, 0xb2, 0x50, 0xd5, 0xc5,
  0xd7, 0xb7, 0xf5, 0xeb, 0x22, 0xd4, 0xfa, 0xeb, 0xcd, 0x5d, 0x07, 0xda,
  0x8c, 0x06, 0xf1, 0xf5, 0xca, 0x4e, 0x0c, 0xb7, 0xc5, 0xf5, 0xe5, 0xcd,
  0x45, 0x17, 0xe1, 0xf1, 0xc1, 0xc5, 0xd2, 0xb3, 0x06, 0xcd, 0xc8, 0x15,
  0x79, 0x93, 0x4f, 0x78, 0x9a, 0x47, 0xcd, 0x14, 0x28, 0x2a, 0xe3, 0xfa,
  0x09, 0x22, 0xe3, 0xfa, 0x2a, 0xca, 0xf9, 0x09, 0x22, 0xca, 0xf9, 0xd1,
  0xf1, 0xd5, 0xca, 0xfe, 0x06, 0xd1, 0x21, 0x00, 0x00, 0x22, 0xd8, 0xfa,
  0x2a, 0xe5, 0xfa, 0xe3, 0xc1, 0xe5, 0x09, 0xe5, 0xcd, 0xbd, 0x3f, 0xe1,
  0x22, 0xe5, 0xfa, 0xeb, 0x74, 0xc1, 0xd1, 0xe5, 0x23, 0x23, 0x73, 0x23,
  0x72, 0x23, 0x11, 0x62, 0xf4, 0xe5, 0xcd, 0x14, 0x28, 0x2a, 0xe3, 0xfa,
  0x09, 0x22, 0xe3, 0xfa, 0x2a, 0xca, 0xf9, 0x09, 0x22, 0xca, 0xf9, 0xe1,
  0x0b, 0x0b, 0x0b, 0x0b, 0x1a, 0x77, 0x23, 0x13, 0x0b, 0x79, 0xb0, 0xc2,
  0xf4, 0x06, 0xd1, 0xcd, 0x18, 0x07, 0x2a, 0x6c, 0xfb, 0x22, 0xdb, 0xfa,
  0xcd, 0xf5, 0x3f, 0x2a, 0xdb, 0xfa, 0x22, 0x6c, 0xfb, 0xc3, 0x3c, 0x06,
  0x2a, 0x5d, 0xf4, 0xeb, 0x62, 0x6b, 0x7e, 0x23, 0xb6, 0xc8, 0x23, 0x23,
  0x23, 0x7e, 0xb7, 0xca, 0x37, 0x07, 0xfe, 0x20, 0xd2, 0x20, 0x07, 0xfe,
  0x0b, 0xda, 0x20, 0x07, 0xcd, 0x78, 0x0a, 0xd7, 0xc3, 0x22, 0x07, 0x23,
  0xeb, 0x73, 0x23, 0x72, 0xc3, 0x18, 0x07, 0x11, 0x00, 0x00, 0xd5, 0xca,
  0x50, 0x07, 0xd1, 0xcd, 0x8c, 0x0b, 0xd5, 0xca, 0x59, 0x07, 0xcf, 0xf4,
  0x11, 0xfa, 0xff, 0xc4, 0x8c, 0x0b, 0xc2, 0x68, 0x05, 0xeb, 0xd1, 0xe3,
  0xe5, 0x2a, 0x5d, 0xf4, 0x44, 0x4d, 0x7e, 0x23, 0xb6, 0x2b, 0xc8, 0x23,
  0x23, 0x7e, 0x23, 0x66, 0x6f, 0xdf, 0x60, 0x69, 0x7e, 0x23, 0x66, 0x6f,
  0x3f, 0xc8, 0x3f, 0xd0, 0xc3, 0x60, 0x07, 0xaf, 0x32, 0x8d, 0xfa, 0x32,
  0x8c, 0xfa, 0x01, 0x3b, 0x01, 0x11, 0x62, 0xf4, 0x7e, 0xb7, 0xc2, 0xa0,
  0x07, 0x21, 0x40, 0x01, 0x7d, 0x91, 0x4f, 0x7c, 0x98, 0x47, 0x21, 0x61,
  0xf4, 0xaf, 0x12, 0x13, 0x12, 0x13, 0x12, 0xc9, 0xfe, 0x22, 0xca, 0xdc,
  0x07, 0xfe, 0x20, 0xca, 0xb2, 0x07, 0x3a, 0x8c, 0xfa, 0xb7, 0x7e, 0xca,
  0xe5, 0x07, 0x23, 0xf5, 0xcd, 0x33, 0x09, 0xf1, 0xd6, 0x3a, 0xca, 0xc4,
  0x07, 0xfe, 0x4a, 0xc2, 0xca, 0x07, 0x3e, 0x01, 0x32, 0x8c, 0xfa, 0x32,
  0x8d, 0xfa, 0xd6, 0x55, 0xc2, 0x88, 0x07, 0xf5, 0x7e, 0xb7, 0xe3, 0x7c,
  0xe1, 0xca, 0x8d, 0x07, 0xbe, 0xca, 0xb2, 0x07, 0xf5, 0x7e, 0x23, 0xcd,
  0x33, 0x09, 0xc3, 0xd0, 0x07, 0x23, 0xb7, 0xfa, 0x88, 0x07, 0x2b, 0xfe,
  0x3f, 0x3e, 0x91, 0xd5, 0xc5, 0xca, 0x4d, 0x08, 0x11, 0x9c, 0x03, 0xcd,
  0xb5, 0x12, 0xcd, 0x42, 0x41, 0xda, 0x95, 0x08, 0xe5, 0x21, 0x4a, 0x01,
  0xd6, 0x41, 0x87, 0x4f, 0x06, 0x00, 0x09, 0x5e, 0x23, 0x56, 0xe1, 0x23,
  0xe5, 0xcd, 0xb5, 0x12, 0x4f, 0x1a, 0xe6, 0x7f, 0xca, 0x3e, 0x09, 0x23,
  0xb9, 0xc2, 0x41, 0x08, 0x1a, 0x13, 0xb7, 0xf2, 0x11, 0x08, 0xf1, 0x1a,
  0xb7, 0xfa, 0x4c, 0x08, 0xc1, 0xd1, 0xf6, 0x80, 0xf5, 0x3e, 0xff, 0xcd,
  0x33, 0x09, 0xaf, 0x32, 0x8d, 0xfa, 0xf1, 0xcd, 0x33, 0x09, 0xc3, 0x88,
  0x07, 0xe1, 0x1a, 0x13, 0xb7, 0xf2, 0x42, 0x08, 0x13, 0xc3, 0x10, 0x08,
  0x2b, 0xf5, 0x11, 0x5f, 0x08, 0x4f, 0x1a, 0xb7, 0xca, 0x6d, 0x08, 0x13,
  0xb9, 0xc2, 0x52, 0x08, 0xc3, 0x6f, 0x08, 0x8c, 0xaa, 0xbb, 0xa7, 0xdf,
  0xa1, 0x8a, 0x93, 0x9e, 0x89, 0x8e, 0xd8, 0x8d, 0x00, 0xaf, 0xc2, 0x3e,
  0x01, 0x32, 0x8d, 0xfa, 0xf1, 0xc1, 0xd1, 0xfe, 0xa1, 0xf5, 0xcc, 0x31,
  0x09, 0xf1, 0xfe, 0xe4, 0xc2, 0xb2, 0x07, 0xf5, 0xcd, 0x31, 0x09, 0x3e,
  0x8f, 0xcd, 0x33, 0x09, 0xf1, 0xe5, 0x21, 0x00, 0x00, 0xe3, 0xc3, 0xde,
  0x07, 0x7e, 0xfe, 0x2e, 0xca, 0xa5, 0x08, 0xfe, 0x3a, 0xd2, 0x1e, 0x09,
  0xfe, 0x30, 0xda, 0x1e, 0x09, 0x3a, 0x8d, 0xfa, 0xb7, 0x7e, 0xc1, 0xd1,
  0xfa, 0xb2, 0x07, 0xca, 0xd1, 0x08, 0xfe, 0x2e, 0xca, 0xb2, 0x07, 0x3e,
  0x0e, 0xcd, 0x33, 0x09, 0xd5, 0xcd, 0x97, 0x0b, 0xcd, 0x68, 0x09, 0xe3,
  0xeb, 0x7d, 0xcd, 0x33, 0x09, 0x7c, 0xe1, 0xcd, 0x33, 0x09, 0xc3, 0x88,
  0x07, 0xd5, 0xc5, 0x7e, 0xcd, 0x26, 0x37, 0xcd, 0x68, 0x09, 0xc1, 0xd1,
  0xe5, 0x3a, 0x8b, 0xfa, 0xfe, 0x02, 0xc2, 0xfd, 0x08, 0x2a, 0x28, 0xfb,
  0x7c, 0xb7, 0x3e, 0x02, 0xc2, 0xfd, 0x08, 0x7d, 0x65, 0x2e, 0x0f, 0xfe,
  0x0a, 0xd2, 0xc5, 0x08, 0xc6, 0x11, 0xc3, 0xca, 0x08, 0xf5, 0x0f, 0xc6,
  0x1b, 0xcd, 0x33, 0x09, 0x21, 0x28, 0xfb, 0xef, 0xda, 0x0e, 0x09, 0x21,
  0x24, 0xfb, 0xf1, 0xf5, 0x7e, 0xcd, 0x33, 0x09, 0xf1, 0x23, 0x3d, 0xc2,
  0x0f, 0x09, 0xe1, 0xc3, 0x88, 0x07, 0x11, 0x9b, 0x03, 0x13, 0x1a, 0xe6,
  0x7f, 0xca, 0x4a, 0x09, 0x13, 0xbe, 0x1a, 0xc2, 0x21, 0x09, 0xc3, 0x5c,
  0x09, 0x3e, 0x3a, 0x12, 0x13, 0x0b, 0x79, 0xb0, 0xc0, 0x1e, 0x17, 0xc3,
  0x85, 0x05, 0xe1, 0x2b, 0x3d, 0x32, 0x8d, 0xfa, 0xcd, 0xb5, 0x12, 0xc3,
  0x75, 0x08, 0x7e, 0xfe, 0x20, 0xd2, 0x5c, 0x09, 0xfe, 0x09, 0xca, 0x5c,
  0x09, 0xfe, 0x0a, 0xca, 0x5c, 0x09, 0x3e, 0x20, 0xf5, 0x3a, 0x8d, 0xfa,
  0x3c, 0xca, 0x65, 0x09, 0x3d, 0xc3, 0x71, 0x08, 0x2b, 0x7e, 0xfe, 0x20,
  0xca, 0x68, 0x09, 0xfe, 0x09, 0xca, 0x68, 0x09, 0xfe, 0x0a, 0xca, 0x68,
  0x09, 0x23, 0xc9, 0x3e, 0x64, 0x32, 0xc9, 0xfa, 0xcd, 0xb6, 0x0c, 0xc1,
  0xe5, 0xcd, 0x8c, 0x0c, 0x22, 0xc5, 0xfa, 0x21, 0x02, 0x00, 0x39, 0xcd,
  0x27, 0x05, 0xc2, 0xad, 0x09, 0x09, 0xd5, 0x2b, 0x56, 0x2b, 0x5e, 0x23,
  0x23, 0xe5, 0x2a, 0xc5, 0xfa, 0xdf, 0xe1, 0xd1, 0xc2, 0x8f, 0x09, 0xd1,
  0xf9, 0x22, 0xd0, 0xfa, 0x0e, 0xd1, 0xeb, 0x0e, 0x08, 0xcd, 0xcc, 0x3f,
  0xe5, 0x2a, 0xc5, 0xfa, 0xe3, 0xe5, 0x2a, 0x5b, 0xf4, 0xe3, 0xcf, 0xd7,
  0xef, 0xca, 0x83, 0x05, 0xd2, 0x83, 0x05, 0xf5, 0xcd, 0x91, 0x10, 0xf1,
  0xe5, 0xf2, 0xe6, 0x09, 0xcd, 0x9e, 0x32, 0xe3, 0x11, 0x01, 0x00, 0x7e,
  0xfe, 0xda, 0xcc, 0xc7, 0x13, 0xd5, 0xe5, 0xeb, 0xcd, 0xbc, 0x31, 0xc3,
  0x07, 0x0a, 0xcd, 0xd2, 0x32, 0xcd, 0xde, 0x31, 0xe1, 0xc5, 0xd5, 0x01,
  0x00, 0x81, 0x51, 0x5a, 0x7e, 0xfe, 0xda, 0x3e, 0x01, 0xc2, 0x08, 0x0a,
  0xcd, 0x92, 0x10, 0xe5, 0xcd, 0xd2, 0x32, 0xcd, 0xde, 0x31, 0xf7, 0xe1,
  0xc5, 0xd5, 0xb7, 0xc2, 0x10, 0x0a, 0x3e, 0x02, 0x4f, 0xef, 0x47, 0xc5,
  0xe5, 0x2a, 0xcb, 0xfa, 0xe3, 0x06, 0x82, 0xc5, 0x33, 0xcd, 0xd7, 0xf3,
  0xcd, 0xc2, 0x6d, 0xc4, 0x97, 0x40, 0xcd, 0x55, 0x18, 0x22, 0xce, 0xfa,
  0xeb, 0x21, 0x00, 0x00, 0x39, 0x22, 0xd0, 0xfa, 0xeb, 0x7e, 0xfe, 0x3a,
  0xca, 0x4f, 0x0a, 0xb7, 0xc2, 0x68, 0x05, 0x23, 0x7e, 0x23, 0xb6, 0xca,
  0x4a, 0x05, 0x23, 0x5e, 0x23, 0x56, 0xeb, 0x22, 0x5b, 0xf4, 0xeb, 0xd7,
  0x11, 0x1d, 0x0a, 0xd5, 0xc8, 0xfe, 0xea, 0xca, 0xf9, 0x1d, 0xfe, 0xeb,
  0xca, 0x07, 0x1e, 0xd6, 0x81, 0xda, 0xb6, 0x0c, 0xfe, 0x55, 0xd2, 0x68,
  0x05, 0x07, 0x4f, 0x06, 0x00, 0xeb, 0x2a, 0xc4, 0xf3, 0x09, 0x4e, 0x23,
  0x46, 0xc5, 0xeb, 0x23, 0x7e, 0xfe, 0x3a, 0xd0, 0xfe, 0x20, 0xca, 0x77,
  0x0a, 0xd2, 0xff, 0x0a, 0xb7, 0xc8, 0xfe, 0x0b, 0xda, 0xfa, 0x0a, 0xfe,
  0x0d, 0xd2, 0x92, 0x0a, 0x3e, 0x1c, 0xfe, 0x1e, 0xc2, 0x9c, 0x0a, 0x3a,
  0x90, 0xfa, 0xb7, 0xc9, 0xfe, 0x10, 0xca, 0xd9, 0x0a, 0xf5, 0x23, 0x32,
  0x90, 0xfa, 0xd6, 0x1c, 0xd2, 0xdf, 0x0a, 0xd6, 0xf5, 0xd2, 0xb7, 0x0a,
  0xfe, 0xfe, 0xc2, 0xcb, 0x0a, 0x7e, 0x23, 0x22, 0x8e, 0xfa, 0x26, 0x00,
  0x6f, 0x22, 0x92, 0xfa, 0x3e, 0x02, 0x32, 0x91, 0xfa, 0x21, 0x05, 0x0b,
  0xf1, 0xb7, 0xc9, 0x7e, 0x23, 0x23, 0x22, 0x8e, 0xfa, 0x2b, 0x66, 0xc3,
  0xbc, 0x0a, 0xcd, 0x07, 0x0b, 0x2a, 0x8e, 0xfa, 0xc3, 0x78, 0x0a, 0x3c,
  0x07, 0x32, 0x91, 0xfa, 0xd5, 0xc5, 0x11, 0x92, 0xfa, 0xeb, 0x47, 0xcd,
  0xf7, 0x31, 0xeb, 0xc1, 0xd1, 0x22, 0x8e, 0xfa, 0xf1, 0x21, 0x05, 0x0b,
  0xb7, 0xc9, 0xfe, 0x09, 0xd2, 0x77, 0x0a, 0xfe, 0x30, 0x3f, 0x3c, 0x3d,
  0xc9, 0x1e, 0x10, 0x3a, 0x90, 0xfa, 0xfe, 0x0f, 0xd2, 0x24, 0x0b, 0xfe,
  0x0d, 0xda, 0x24, 0x0b, 0x2a, 0x92, 0xfa, 0xc2, 0x21, 0x0b, 0x23, 0x23,
  0x23, 0x5e, 0x23, 0x56, 0xeb, 0xc3, 0xd5, 0x34, 0x3a, 0x91, 0xfa, 0x32,
  0x8b, 0xfa, 0xfe, 0x08, 0xca, 0x3c, 0x0b, 0x2a, 0x92, 0xfa, 0x22, 0x28,
  0xfb, 0x2a, 0x94, 0xfa, 0x22, 0x2a, 0xfb, 0xc9, 0x21, 0x92, 0xfa, 0xc3,
  0x18, 0x32, 0x1e, 0x03, 0x01, 0x1e, 0x02, 0x01, 0x1e, 0x04, 0x01, 0x1e,
  0x08, 0xcd, 0x41, 0x41, 0x01, 0x68, 0x05, 0xc5, 0xd8, 0xd6, 0x41, 0x4f,
  0x47, 0xd7, 0xfe, 0xf4, 0xc2, 0x68, 0x0b, 0xd7, 0xcd, 0x41, 0x41, 0xd8,
  0xd6, 0x41, 0x47, 0xd7, 0x78, 0x91, 0xd8, 0x3c, 0xe3, 0x21, 0xed, 0xfa,
  0x06, 0x00, 0x09, 0x73, 0x23, 0x3d, 0xc2, 0x73, 0x0b, 0xe1, 0x7e, 0xfe,
  0x2c, 0xc0, 0xd7, 0xc3, 0x4d, 0x0b, 0xd7, 0xcd, 0xc8, 0x13, 0xf0, 0x1e,
  0x05, 0xc3, 0x85, 0x05, 0x7e, 0xfe, 0x2e, 0xeb, 0x2a, 0xd4, 0xfa, 0xeb,
  0xca, 0x77, 0x0a, 0x2b, 0xd7, 0xfe, 0x0e, 0xca, 0xa0, 0x0b, 0xfe, 0x0d,
  0xeb, 0x2a, 0x92, 0xfa, 0xeb, 0xca, 0x77, 0x0a, 0xaf, 0x32, 0x90, 0xfa,
  0x11, 0x00, 0x00, 0x2b, 0xd7, 0xd0, 0xe5, 0xf5, 0x21, 0x98, 0x19, 0xdf,
  0xda, 0xcd, 0x0b, 0x62, 0x6b, 0x19, 0x29, 0x19, 0x29, 0xf1, 0xd6, 0x30,
  0x5f, 0x16, 0x00, 0x19, 0xeb, 0xe1, 0xc3, 0xb0, 0x0b, 0xf1, 0xe1, 0xc9,
  0xca, 0xf5, 0x3f, 0xfe, 0x0e, 0xca, 0xdd, 0x0b, 0xfe, 0x0d, 0xc2, 0x1a,
  0x4f, 0xcd, 0x49, 0x7b, 0x01, 0x1d, 0x0a, 0xc3, 0x18, 0x0c, 0x0e, 0x03,
  0xcd, 0xcc, 0x3f, 0xcd, 0x97, 0x0b, 0xc1, 0xe5, 0xe5, 0x2a, 0x5b, 0xf4,
  0xe3, 0x01, 0x00, 0x00, 0xc5, 0x01, 0x1d, 0x0a, 0x3e, 0x8d, 0xf5, 0x33,
  0xc5, 0xc3, 0x1c, 0x0c, 0xe5, 0xe5, 0x2a, 0x5b, 0xf4, 0xe3, 0xc5, 0x3e,
  0x8d, 0xf5, 0x33, 0xeb, 0x2b, 0x22, 0xce, 0xfa, 0x23, 0xc3, 0x40, 0x0a,
  0xc5, 0xcd, 0x97, 0x0b, 0x3a, 0x90, 0xfa, 0xfe, 0x0d, 0xeb, 0xc8, 0xfe,
  0x0e, 0xc2, 0x68, 0x05, 0xeb, 0xe5, 0x2a, 0x8e, 0xfa, 0xe3, 0xcd, 0x8e,
  0x0c, 0x23, 0xe5, 0x2a, 0x5b, 0xf4, 0xdf, 0xe1, 0xdc, 0x60, 0x07, 0xd4,
  0x5d, 0x07, 0xd2, 0x4e, 0x0c, 0x0b, 0x3e, 0x0d, 0x32, 0xcd, 0xfa, 0xe1,
  0xcd, 0x3c, 0x17, 0x60, 0x69, 0xc9, 0x1e, 0x08, 0xc3, 0x85, 0x05, 0x22,
  0xcb, 0xfa, 0x16, 0xff, 0xcd, 0x23, 0x05, 0xfe, 0x8d, 0xca, 0x61, 0x0c,
  0x2b, 0xf9, 0x22, 0xd0, 0xfa, 0x1e, 0x03, 0xc2, 0x85, 0x05, 0xe1, 0x7c,
  0xb5, 0xca, 0x76, 0x0c, 0x7e, 0xe6, 0x01, 0xc4, 0x7f, 0x40, 0xc1, 0x21,
  0x1d, 0x0a, 0xe3, 0xeb, 0x2a, 0xcb, 0xfa, 0x2b, 0xd7, 0xc2, 0x19, 0x0c,
  0x60, 0x69, 0x22, 0x5b, 0xf4, 0xeb, 0x3e, 0xe1, 0x01, 0x3a, 0x0e, 0x00,
  0x06, 0x00, 0x79, 0x48, 0x47, 0x2b, 0xd7, 0xb7, 0xc8, 0xb8, 0xc8, 0x23,
  0xfe, 0x22, 0xca, 0x92, 0x0c, 0x3c, 0xca, 0x96, 0x0c, 0xd6, 0x8c, 0xc2,
  0x95, 0x0c, 0xb8, 0x8a, 0x57, 0xc3, 0x95, 0x0c, 0xf1, 0xc6, 0x03, 0xc3,
  0xc9, 0x0c, 0xcd, 0xaf, 0x49, 0xcf, 0xf1, 0xeb, 0x22, 0xcb, 0xfa, 0xeb,
  0xd5, 0x3a, 0x8b, 0xfa, 0xf5, 0xcd, 0x91, 0x10, 0xf1, 0xe3, 0x47, 0x3a,
  0x8b, 0xfa, 0xb8, 0x78, 0xca, 0xd9, 0x0c, 0xcd, 0xa6, 0x13, 0x3a, 0x8b,
  0xfa, 0x11, 0x28, 0xfb, 0xfe, 0x05, 0xda, 0xe4, 0x0c, 0x11, 0x24, 0xfb,
  0xe5, 0xfe, 0x03, 0xc2, 0x1c, 0x0d, 0x2a, 0x28, 0xfb, 0xe5, 0x23, 0x5e,
  0x23, 0x56, 0x21, 0x61, 0xf4, 0xdf, 0xda, 0x10, 0x0d, 0x2a, 0xe9, 0xfa,
  0xdf, 0xd1, 0xd2, 0x18, 0x0d, 0x21, 0xbb, 0xfa, 0xdf, 0xda, 0x0f, 0x0d,
  0x21, 0x9d, 0xfa, 0xdf, 0xda, 0x18, 0x0d, 0x3e, 0xd1, 0xcd, 0xf6, 0x2c,
  0xeb, 0xcd, 0x08, 0x2b, 0xcd, 0xf6, 0x2c, 0xe3, 0xcd, 0xf3, 0x31, 0xd1,
  0xe1, 0xc9, 0xfe, 0xa6, 0xc2, 0x4e, 0x0d, 0xd7, 0xcf, 0x89, 0xcd, 0x97,
  0x0b, 0x7a, 0xb3, 0xca, 0x3b, 0x0d, 0xcd, 0x5b, 0x07, 0x50, 0x59, 0xe1,
  0xd2, 0x4e, 0x0c, 0xeb, 0x22, 0xd8, 0xfa, 0xeb, 0xd8, 0x3a, 0xda, 0xfa,
  0xb7, 0x7b, 0xc8, 0x3a, 0x53, 0xf4, 0x5f, 0xc3, 0xb2, 0x05, 0xcd, 0xb0,
  0x1e, 0xda, 0x87, 0x0d, 0xc5, 0xd7, 0xcf, 0x8d, 0xaf, 0xc1, 0xc5, 0xb9,
  0xd2, 0x68, 0x05, 0xf5, 0xcd, 0x97, 0x0b, 0x7a, 0xb3, 0xca, 0x71, 0x0d,
  0xcd, 0x5b, 0x07, 0x50, 0x59, 0xe1, 0xd2, 0x4e, 0x0c, 0xf1, 0xc1, 0xf5,
  0x80, 0xc5, 0xcd, 0xb8, 0x1e, 0x2b, 0xd7, 0xc1, 0xd1, 0xc8, 0xc5, 0xd5,
  0xcf, 0x2c, 0xf1, 0x3c, 0xc3, 0x59, 0x0d, 0xcd, 0xe3, 0x13, 0x7e, 0x47,
  0xfe, 0x8d, 0xca, 0x94, 0x0d, 0xcf, 0x89, 0x2b, 0x4b, 0x0d, 0x78, 0xca,
  0x55, 0x0a, 0xcd, 0x98, 0x0b, 0xfe, 0x2c, 0xc0, 0xc3, 0x95, 0x0d, 0x3a,
  0xda, 0xfa, 0xb7, 0xc2, 0xb3, 0x0d, 0x32, 0xd8, 0xfa, 0x32, 0xd9, 0xfa,
  0xc3, 0x7a, 0x05, 0x3c, 0x32, 0x53, 0xf4, 0x7e, 0xfe, 0x83, 0xca, 0xce,
  0x0d, 0xcd, 0x97, 0x0b, 0xc0, 0x7a, 0xb3, 0xca, 0xd3, 0x0d, 0xcd, 0x1c,
  0x0c, 0xaf, 0x32, 0xda, 0xfa, 0xc9, 0xd7, 0xc0, 0xc3, 0xd8, 0x0d, 0xaf,
  0x32, 0xda, 0xfa, 0x3c, 0x2a, 0xd6, 0xfa, 0xeb, 0x2a, 0xd2, 0xfa, 0x22,
  0x5b, 0xf4, 0xeb, 0xc0, 0x7e, 0xb7, 0xc2, 0xed, 0x0d, 0x23, 0x23, 0x23,
  0x23, 0x23, 0xaf, 0x32, 0xda, 0xfa, 0xc3, 0x8c, 0x0c, 0xcd, 0xe3, 0x13,
  0xc0, 0xb7, 0xca, 0x87, 0x0b, 0xc3, 0x85, 0x05, 0xcd, 0x91, 0x10, 0x7e,
  0xfe, 0x2c, 0xcc, 0x77, 0x0a, 0xfe, 0x89, 0xca, 0x11, 0x0e, 0xcf, 0xd8,
  0x2b, 0xe5, 0xcd, 0xb2, 0x31, 0xe1, 0xca, 0x29, 0x0e, 0xd7, 0xc8, 0xfe,
  0x0e, 0xca, 0x19, 0x0c, 0xfe, 0x0d, 0xc2, 0x55, 0x0a, 0x2a, 0x92, 0xfa,
  0xc9, 0x16, 0x01, 0xcd, 0x8c, 0x0c, 0xb7, 0xc8, 0xd7, 0xfe, 0xa1, 0xc2,
  0x2b, 0x0e, 0x15, 0xc2, 0x2b, 0x0e, 0xc3, 0x19, 0x0e, 0x3e, 0x01, 0x32,
  0x56, 0xf4, 0xc3, 0x4a, 0x0e, 0x0e, 0x02, 0xcd, 0xc1, 0x50, 0x2b, 0xd7,
  0xcc, 0x74, 0x4d, 0xca, 0x26, 0x0f, 0xfe, 0xe2, 0xca, 0xa0, 0x4b, 0xfe,
  0xd9, 0xca, 0xeb, 0x0e, 0xe5, 0xfe, 0x2c, 0xca, 0xb7, 0x0e, 0xfe, 0x3b,
  0xca, 0x21, 0x0f, 0xc1, 0xcd, 0x91, 0x10, 0xe5, 0xef, 0xca, 0xb0, 0x0e,
  0xcd, 0xa7, 0x38, 0xcd, 0x2c, 0x2b, 0x36, 0x20, 0x2a, 0x28, 0xfb, 0x34,
  0xcd, 0x49, 0x42, 0xc2, 0xac, 0x0e, 0x2a, 0x28, 0xfb, 0x3a, 0x56, 0xf4,
  0xb7, 0xca, 0x95, 0x0e, 0x3a, 0x55, 0xf4, 0x86, 0xfe, 0xff, 0xc3, 0xa3,
  0x0e, 0x3a, 0xe8, 0xf3, 0x47, 0x3c, 0xca, 0xac, 0x0e, 0x3a, 0xa4, 0xf6,
  0x86, 0x3d, 0xb8, 0xda, 0xac, 0x0e, 0xcc, 0x7a, 0x4d, 0xc4, 0x74, 0x4d,
  0xcd, 0x75, 0x2b, 0xb7, 0xcc, 0x75, 0x2b, 0xe1, 0xc3, 0x4a, 0x0e, 0x01,
  0x08, 0x00, 0x2a, 0x6c, 0xfb, 0x09, 0xcd, 0x49, 0x42, 0x7e, 0xc2, 0xe2,
  0x0e, 0x3a, 0x56, 0xf4, 0xb7, 0xca, 0xd4, 0x0e, 0x3a, 0x55, 0xf4, 0xfe,
  0xee, 0xc3, 0xdc, 0x0e, 0x3a, 0x57, 0xf4, 0x47, 0x3a, 0xa4, 0xf6, 0xb8,
  0xd4, 0x74, 0x4d, 0xd2, 0x21, 0x0f, 0xd6, 0x0e, 0xd2, 0xe2, 0x0e, 0x2f,
  0xc3, 0x18, 0x0f, 0xcd, 0xe2, 0x13, 0xcf, 0x29, 0x2b, 0xe5, 0xca, 0x13,
  0x0f, 0x01, 0x08, 0x00, 0x2a, 0x6c, 0xfb, 0x09, 0xcd, 0x49, 0x42, 0x7e,
  0xc2, 0x13, 0x0f, 0x3a, 0x56, 0xf4, 0xb7, 0xca, 0x10, 0x0f, 0x3a, 0x55,
  0xf4, 0xc3, 0x13, 0x0f, 0x3a, 0xa4, 0xf6, 0x2f, 0x83, 0xd2, 0x21, 0x0f,
  0x3c, 0x47, 0x3e, 0x20, 0xe7, 0x05, 0xc2, 0x1c, 0x0f, 0xe1, 0xd7, 0xc3,
  0x4f, 0x0e, 0xaf, 0x32, 0x56, 0xf4, 0xe5, 0x67, 0x6f, 0x22, 0x6c, 0xfb,
  0xe1, 0xc9, 0xfe, 0x85, 0xc2, 0x74, 0x1f, 0xd7, 0xfe, 0x23, 0xca, 0xf1,
  0x50, 0xcd, 0x95, 0x0f, 0xcd, 0xaf, 0x49, 0xcd, 0x15, 0x33, 0xd5, 0xe5,
  0xcd, 0xaa, 0x47, 0xd1, 0xc1, 0xda, 0x03, 0x41, 0xc5, 0xd5, 0x06, 0x00,
  0xcd, 0x2f, 0x2b, 0xe1, 0x3e, 0x03, 0xc3, 0xc9, 0x0c, 0x3f, 0x52, 0x65,
  0x64, 0x6f, 0x20, 0x66, 0x72, 0x6f, 0x6d, 0x20, 0x73, 0x74, 0x61, 0x72,
  0x74, 0x0d, 0x0a, 0x00, 0x3a, 0xca, 0xfa, 0xb7, 0xc2, 0x62, 0x05, 0xc1,
  0x21, 0x5d, 0x0f, 0xcd, 0x72, 0x2b, 0x2a, 0xce, 0xfa, 0xc9, 0xcd, 0xbf,
  0x50, 0xe5, 0x21, 0xa0, 0xf5, 0xc3, 0xb5, 0x0f, 0xfe, 0x23, 0xca, 0x82,
  0x0f, 0x01, 0xa5, 0x0f, 0xc5, 0xfe, 0x22, 0x3e, 0x00, 0xc0, 0xcd, 0x2d,
  0x2b, 0xcf, 0x3b, 0xe5, 0xcd, 0x75, 0x2b, 0xe1, 0xc9, 0xe5, 0xcd, 0xa4,
  0x47, 0xc1, 0xda, 0x03, 0x41, 0x23, 0x7e, 0xb7, 0x2b, 0xc5, 0xca, 0x8b,
  0x0c, 0x36, 0x2c, 0xc3, 0xbf, 0x0f, 0xe5, 0x2a, 0xeb, 0xfa, 0xf6, 0xaf,
  0x32, 0xca, 0xfa, 0xe3, 0xc3, 0xc9, 0x0f, 0xcf, 0x2c, 0xcd, 0xaf, 0x49,
  0xe3, 0xd5, 0x7e, 0xfe, 0x2c, 0xca, 0xef, 0x0f, 0x3a, 0xca, 0xfa, 0xb7,
  0xc2, 0x68, 0x10, 0x3e, 0x3f, 0xe7, 0xcd, 0xa4, 0x47, 0xd1, 0xc1, 0xda,
  0x03, 0x41, 0x23, 0x7e, 0x2b, 0xb7, 0xc5, 0xca, 0x8b, 0x0c, 0xd5, 0xcd,
  0x49, 0x42, 0xc2, 0xe3, 0x50, 0xef, 0xf5, 0xc2, 0x1e, 0x10, 0xd7, 0x57,
  0x47, 0xfe, 0x22, 0xca, 0x0f, 0x10, 0x3a, 0xca, 0xfa, 0xb7, 0x57, 0xca,
  0x0c, 0x10, 0x16, 0x3a, 0x06, 0x2c, 0x2b, 0xcd, 0x30, 0x2b, 0xf1, 0xc6,
  0x03, 0xeb, 0x21, 0x2b, 0x10, 0xe3, 0xd5, 0xc3, 0xca, 0x0c, 0xd7, 0xf1,
  0xf5, 0x01, 0x12, 0x10, 0xc5, 0xda, 0x26, 0x37, 0xc3, 0x1f, 0x37, 0x2b,
  0xd7, 0xca, 0x35, 0x10, 0xfe, 0x2c, 0xc2, 0x70, 0x0f, 0xe3, 0x2b, 0xd7,
  0xc2, 0xc7, 0x0f, 0xd1, 0x3a, 0xca, 0xfa, 0xb7, 0xeb, 0xc2, 0xe5, 0x40,
  0xd5, 0xcd, 0x49, 0x42, 0xc2, 0x53, 0x10, 0x7e, 0xb7, 0x21, 0x57, 0x10,
  0xc4, 0x72, 0x2b, 0xe1, 0xc3, 0x26, 0x0f, 0x3f, 0x45, 0x78, 0x74, 0x72,
  0x61, 0x20, 0x69, 0x67, 0x6e, 0x6f, 0x72, 0x65, 0x64, 0x0d, 0x0a, 0x00,
  0xcd, 0x8c, 0x0c, 0xb7, 0xc2, 0x81, 0x10, 0x23, 0x7e, 0x23, 0xb6, 0x1e,
  0x04, 0xca, 0x85, 0x05, 0x23, 0x5e, 0x23, 0x56, 0xeb, 0x22, 0xc7, 0xfa,
  0xeb, 0xd7, 0xfe, 0x84, 0xc2, 0x68, 0x10, 0xc3, 0xef, 0x0f, 0xcf, 0xf1,
  0xc3, 0x91, 0x10, 0xcf, 0x28, 0x2b, 0x16, 0x00, 0xd5, 0x0e, 0x01, 0xcd,
  0xcc, 0x3f, 0xcd, 0x1a, 0x12, 0x22, 0xdb, 0xfa, 0x2a, 0xdb, 0xfa, 0xc1,
  0x7e, 0x22, 0xc1, 0xfa, 0xfe, 0xf0, 0xd8, 0xfe, 0xf3, 0xda, 0x19, 0x11,
  0xd6, 0xf3, 0x5f, 0xc2, 0xbf, 0x10, 0x3a, 0x8b, 0xfa, 0xfe, 0x03, 0x7b,
  0xca, 0x8d, 0x2c, 0xfe, 0x0c, 0xd0, 0x21, 0xb1, 0x03, 0x16, 0x00, 0x19,
  0x78, 0x56, 0xba, 0xd0, 0xc5, 0x01, 0xa0, 0x10, 0xc5, 0x7a, 0xfe, 0x7f,
  0xca, 0x35, 0x11, 0xfe, 0x51, 0xda, 0x43, 0x11, 0xe6, 0xfe, 0xfe, 0x7a,
  0xca, 0x43, 0x11, 0x21, 0x28, 0xfb, 0x3a, 0x8b, 0xfa, 0xd6, 0x03, 0xca,
  0x83, 0x05, 0xb7, 0x4e, 0x23, 0x46, 0xc5, 0xfa, 0x0a, 0x11, 0x23, 0x4e,
  0x23, 0x46, 0xc5, 0xe2, 0x0a, 0x11, 0x21, 0x24, 0xfb, 0x4e, 0x23, 0x46,
  0x23, 0xc5, 0x4e, 0x23, 0x46, 0xc5, 0xc6, 0x03, 0x4b, 0x47, 0xc5, 0x01,
  0x6a, 0x11, 0xc5, 0x2a, 0xc1, 0xfa, 0xc3, 0x94, 0x10, 0x16, 0x00, 0xd6,
  0xf0, 0xda, 0x4f, 0x11, 0xfe, 0x03, 0xd2, 0x4f, 0x11, 0xfe, 0x01, 0x17,
  0xaa, 0xba, 0x57, 0xda, 0x68, 0x05, 0x22, 0xc1, 0xfa, 0xd7, 0xc3, 0x1b,
  0x11, 0xcd, 0xd2, 0x32, 0xcd, 0xc3, 0x31, 0x01, 0x59, 0x3d, 0x16, 0x7f,
  0xc3, 0x12, 0x11, 0xd5, 0xcd, 0x9e, 0x32, 0xd1, 0xe5, 0x01, 0x41, 0x13,
  0xc3, 0x12, 0x11, 0x78, 0xfe, 0x64, 0xd0, 0xc5, 0xd5, 0x11, 0x04, 0x64,
  0x21, 0x16, 0x13, 0xe5, 0xef, 0xc2, 0xe3, 0x10, 0x2a, 0x28, 0xfb, 0xe5,
  0x01, 0xcd, 0x2a, 0xc3, 0x12, 0x11, 0xc1, 0x79, 0x32, 0x8c, 0xfa, 0x3a,
  0x8b, 0xfa, 0xb8, 0xc2, 0x83, 0x11, 0xfe, 0x02, 0xca, 0x9f, 0x11, 0xfe,
  0x04, 0xca, 0xee, 0x11, 0xd2, 0xb2, 0x11, 0x57, 0x78, 0xfe, 0x08, 0xca,
  0xaf, 0x11, 0x7a, 0xfe, 0x08, 0xca, 0xd6, 0x11, 0x78, 0xfe, 0x04, 0xca,
  0xeb, 0x11, 0x7a, 0xfe, 0x03, 0xca, 0x83, 0x05, 0xd2, 0xf6, 0x11, 0x21,
  0xdb, 0x03, 0x06, 0x00, 0x09, 0x09, 0x4e, 0x23, 0x46, 0xd1, 0x2a, 0x28,
  0xfb, 0xc5, 0xc9, 0xcd, 0xfc, 0x32, 0xcd, 0x1e, 0x32, 0xe1, 0x22, 0x26,
  0xfb, 0xe1, 0x22, 0x24, 0xfb, 0xc1, 0xd1, 0xcd, 0xd3, 0x31, 0xcd, 0xfc,
  0x32, 0x21, 0xc7, 0x03, 0x3a, 0x8c, 0xfa, 0x07, 0x85, 0x6f, 0x8c, 0x95,
  0x67, 0x7e, 0x23, 0x66, 0x6f, 0xe9, 0x78, 0xf5, 0xcd, 0x1e, 0x32, 0xf1,
  0x32, 0x8b, 0xfa, 0xfe, 0x04, 0xca, 0xbd, 0x11, 0xe1, 0x22, 0x28, 0xfb,
  0xc3, 0xc2, 0x11, 0xcd, 0xd2, 0x32, 0xc1, 0xd1, 0x21, 0xd1, 0x03, 0xc3,
  0xc8, 0x11, 0xe1, 0xcd, 0xc3, 0x31, 0xcd, 0xf0, 0x32, 0xcd, 0xde, 0x31,
  0xe1, 0x22, 0x2a, 0xfb, 0xe1, 0x22, 0x28, 0xfb, 0xc3, 0xf0, 0x11, 0xe5,
  0xeb, 0xcd, 0xf0, 0x32, 0xe1, 0xcd, 0xc3, 0x31, 0xcd, 0xf0, 0x32, 0xc3,
  0xa3, 0x30, 0xcd, 0xc8, 0xf3, 0xd7, 0xca, 0x80, 0x05, 0xda, 0x26, 0x37,
  0xcd, 0x42, 0x41, 0xd2, 0xa7, 0x12, 0xfe, 0x20, 0xda, 0xd6, 0x0a, 0x3c,
  0xca, 0xbf, 0x12, 0x3d, 0xfe, 0xf3, 0xca, 0x1a, 0x12, 0xfe, 0xf4, 0xca,
  0x99, 0x12, 0xfe, 0x22, 0xca, 0x2d, 0x2b, 0xfe, 0xde, 0xca, 0x23, 0x13,
  0xfe, 0xe0, 0xc2, 0x57, 0x12, 0xd7, 0x3a, 0x53, 0xf4, 0xe5, 0xcd, 0xa0,
  0x13, 0xe1, 0xc9, 0xfe, 0xdf, 0xc2, 0x66, 0x12, 0xd7, 0xe5, 0x2a, 0xd2,
  0xfa, 0xcd, 0xd5, 0x34, 0xe1, 0xc9, 0xfe, 0xea, 0xca, 0x74, 0x1d, 0xfe,
  0xeb, 0xca, 0x94, 0x1d, 0xfe, 0xee, 0xca, 0xe5, 0x1f, 0xfe, 0xe3, 0xca,
  0x03, 0x2e, 0xfe, 0xe9, 0xca, 0x93, 0x4d, 0xfe, 0xe1, 0xca, 0x2e, 0x2d,
  0xfe, 0x85, 0xca, 0x29, 0x50, 0xfe, 0xe6, 0xca, 0xd4, 0x1f, 0xfe, 0xe8,
  0xca, 0x09, 0x52, 0xcd, 0x8f, 0x10, 0xcf, 0x29, 0xc9, 0x16, 0x7d, 0xcd,
  0x94, 0x10, 0x2a, 0xdb, 0xfa, 0xe5, 0xcd, 0x99, 0x31, 0xe1, 0xc9, 0xcd,
  0xaf, 0x49, 0xe5, 0xeb, 0x22, 0x28, 0xfb, 0xef, 0xc4, 0x18, 0x32, 0xe1,
  0xc9, 0x7e, 0xfe, 0x61, 0xd8, 0xfe, 0x7b, 0xd0, 0xe6, 0x5f, 0xc9, 0x23,
  0x7e, 0xd6, 0x81, 0x06, 0x00, 0x07, 0x4f, 0xc5, 0xd7, 0x79, 0xfe, 0x05,
  0xd2, 0xe6, 0x12, 0xcd, 0x8f, 0x10, 0xcf, 0x2c, 0xcd, 0x15, 0x33, 0xeb,
  0x2a, 0x28, 0xfb, 0xe3, 0xe5, 0xeb, 0xcd, 0xe3, 0x13, 0xeb, 0xe3, 0xc3,
  0xfb, 0x12, 0xcd, 0x93, 0x12, 0xe3, 0x7d, 0xfe, 0x0c, 0xda, 0xf7, 0x12,
  0xfe, 0x1b, 0xe5, 0xdc, 0xd2, 0x32, 0xe1, 0x11, 0xa5, 0x12, 0xd5, 0x44,
  0x4d, 0x2a, 0xc6, 0xf3, 0x09, 0x4e, 0x23, 0x66, 0x69, 0xe9, 0x15, 0xfe,
  0xf4, 0xc8, 0xfe, 0x2d, 0xc8, 0x14, 0xfe, 0x2b, 0xc8, 0xfe, 0xf3, 0xc8,
  0x2b, 0xc9, 0x3c, 0x8f, 0xc1, 0xa0, 0xc6, 0xff, 0x9f, 0xcd, 0xab, 0x31,
  0xc3, 0x35, 0x13, 0x16, 0x5a, 0xcd, 0x94, 0x10, 0xcd, 0x9e, 0x32, 0x7d,
  0x2f, 0x6f, 0x7c, 0x2f, 0x67, 0x22, 0x28, 0xfb, 0xc1, 0xc3, 0xa0, 0x10,
  0x3a, 0x8b, 0xfa, 0xfe, 0x08, 0x3d, 0x3d, 0x3d, 0xc9, 0x78, 0xf5, 0xcd,
  0x9e, 0x32, 0xf1, 0xd1, 0xfe, 0x7a, 0xca, 0xdf, 0x34, 0xfe, 0x7b, 0xca,
  0x7a, 0x34, 0x01, 0xa2, 0x13, 0xc5, 0xfe, 0x46, 0xc2, 0x61, 0x13, 0x7b,
  0xb5, 0x6f, 0x7c, 0xb2, 0xc9, 0xfe, 0x50, 0xc2, 0x6c, 0x13, 0x7b, 0xa5,
  0x6f, 0x7c, 0xa2, 0xc9, 0xfe, 0x3c, 0xc2, 0x77, 0x13, 0x7b, 0xad, 0x6f,
  0x7c, 0xaa, 0xc9, 0xfe, 0x32, 0xc2, 0x84, 0x13, 0x7b, 0xad, 0x2f, 0x6f,
  0x7c, 0xaa, 0x2f, 0xc9, 0x7d, 0x2f, 0xa3, 0x2f, 0x6f, 0x7c, 0x2f, 0xa2,
  0x2f, 0xc9, 0x7d, 0x93, 0x6f, 0x7c, 0x9a, 0x67, 0xc3, 0xd5, 0x34, 0x3a,
  0x55, 0xf4, 0xc3, 0xa0, 0x13, 0x3a, 0xa4, 0xf6, 0x6f, 0xaf, 0x67, 0xc3,
  0xba, 0x32, 0xe5, 0xe6, 0x07, 0x21, 0xbd, 0x03, 0x4f, 0x06, 0x00, 0x09,
  0xcd, 0x00, 0x13, 0xe1, 0xc9, 0xcd, 0xe6, 0x13, 0x32, 0x4c, 0xf4, 0xcd,
  0x4b, 0xf4, 0xc3, 0xa0, 0x13, 0xcd, 0xd4, 0x13, 0xc3, 0x13, 0xf4, 0xd7,
  0xcd, 0x91, 0x10, 0xe5, 0xcd, 0x9e, 0x32, 0xeb, 0xe1, 0x7a, 0xb7, 0xc9,
  0xcd, 0xe3, 0x13, 0x32, 0x4c, 0xf4, 0x32, 0x14, 0xf4, 0xcf, 0x2c, 0xc3,
  0xe3, 0x13, 0xd7, 0xcd, 0x91, 0x10, 0xcd, 0xcb, 0x13, 0xc2, 0x87, 0x0b,
  0x2b, 0xd7, 0x7b, 0xc9, 0x3e, 0x01, 0x32, 0x56, 0xf4, 0xc1, 0xcd, 0x3f,
  0x07, 0xc5, 0x60, 0x69, 0x22, 0xaa, 0xf9, 0x21, 0xff, 0xff, 0x22, 0x5b,
  0xf4, 0xe1, 0x22, 0xac, 0xf9, 0xd1, 0x4e, 0x23, 0x46, 0x23, 0x78, 0xb1,
  0xca, 0x4e, 0x14, 0x3a, 0xba, 0xf9, 0xa7, 0xcc, 0x49, 0x42, 0xcc, 0x55,
  0x18, 0xc5, 0x4e, 0x23, 0x46, 0x23, 0xc5, 0xe3, 0xeb, 0xdf, 0xc1, 0xda,
  0x4d, 0x14, 0xe3, 0xe5, 0xc5, 0xeb, 0x22, 0xd4, 0xfa, 0xcd, 0x98, 0x38,
  0xe1, 0x7e, 0xfe, 0x09, 0xca, 0x3e, 0x14, 0x3e, 0x20, 0xe7, 0xcd, 0x6a,
  0x14, 0x21, 0xa1, 0xf5, 0xcd, 0x62, 0x14, 0xcd, 0x74, 0x4d, 0xc3, 0xff,
  0x13, 0xc1, 0x3a, 0xfd, 0xf3, 0xa7, 0xc2, 0x6c, 0x60, 0x3e, 0x1a, 0xe7,
  0x3a, 0xba, 0xf9, 0xa7, 0xc2, 0x4b, 0x5b, 0xc3, 0x2d, 0x06, 0x7e, 0xb7,
  0xc8, 0xe7, 0x23, 0xc3, 0x62, 0x14, 0x01, 0xa1, 0xf5, 0x16, 0xff, 0xaf,
  0x32, 0x8c, 0xfa, 0xc3, 0x7a, 0x14, 0x03, 0x23, 0x15, 0xc8, 0x7e, 0xb7,
  0x02, 0xc8, 0xfe, 0x0b, 0xda, 0xab, 0x14, 0xfe, 0x20, 0xda, 0x65, 0x15,
  0xfe, 0x22, 0xc2, 0x97, 0x14, 0x3a, 0x8c, 0xfa, 0xee, 0x01, 0x32, 0x8c,
  0xfa, 0x3e, 0x22, 0xfe, 0x3a, 0xc2, 0xab, 0x14, 0x3a, 0x8c, 0xfa, 0x1f,
  0xda, 0xa9, 0x14, 0x17, 0xe6, 0xfd, 0x32, 0x8c, 0xfa, 0x3e, 0x3a, 0xb7,
  0xf2, 0x76, 0x14, 0x3a, 0x8c, 0xfa, 0x1f, 0xda, 0xe6, 0x14, 0x1f, 0x1f,
  0xd2, 0xfb, 0x14, 0x7e, 0xfe, 0xe4, 0xe5, 0xc5, 0x21, 0xe3, 0x14, 0xe5,
  0xc0, 0x0b, 0x0a, 0xfe, 0x4d, 0xc0, 0x0b, 0x0a, 0xfe, 0x45, 0xc0, 0x0b,
  0x0a, 0xfe, 0x52, 0xc0, 0x0b, 0x0a, 0xfe, 0x3a, 0xc0, 0xf1, 0xf1, 0xe1,
  0x14, 0x14, 0x14, 0x14, 0xc3, 0x0a, 0x15, 0xc1, 0xe1, 0x7e, 0xc3, 0x76,
  0x14, 0x3a, 0x8c, 0xfa, 0xf6, 0x02, 0x32, 0x8c, 0xfa, 0xaf, 0xc9, 0x3a,
  0x8c, 0xfa, 0xf6, 0x04, 0xc3, 0xee, 0x14, 0x17, 0xda, 0xe6, 0x14, 0x7e,
  0xfe, 0x84, 0xcc, 0xe9, 0x14, 0xfe, 0x8f, 0xcc, 0xf3, 0x14, 0x7e, 0x3c,
  0x7e, 0xc2, 0x14, 0x15, 0x23, 0x7e, 0xe6, 0x7f, 0x23, 0xfe, 0xa1, 0xc2,
  0x1c, 0x15, 0x0b, 0x14, 0xe5, 0xc5, 0xd5, 0x21, 0x7d, 0x01, 0x47, 0x0e,
  0x40, 0x0c, 0x79, 0xfe, 0x5c, 0xd2, 0x59, 0x15, 0x23, 0x54, 0x5d, 0x7e,
  0xb7, 0xca, 0x25, 0x15, 0x23, 0xf2, 0x2f, 0x15, 0x7e, 0xb8, 0xc2, 0x2c,
  0x15, 0xeb, 0x79, 0xd1, 0xc1, 0xfe, 0x5b, 0xc2, 0x48, 0x15, 0x7e, 0x23,
  0x5f, 0xe6, 0x7f, 0x02, 0x03, 0x15, 0xca, 0xa3, 0x2b, 0xb3, 0xf2, 0x46,
  0x15, 0xe1, 0xc3, 0x7a, 0x14, 0xd1, 0xc1, 0x21, 0x61, 0x15, 0xc3, 0x46,
  0x15, 0x2a, 0x50, 0x43, 0xaa, 0x2b, 0xd7, 0xd5, 0xc5, 0xf5, 0xcd, 0x07,
  0x0b, 0xf1, 0x2a, 0x92, 0xfa, 0xcd, 0xa7, 0x38, 0xc1, 0xd1, 0x3a, 0x91,
  0xfa, 0xfe, 0x04, 0x1e, 0x00, 0xda, 0x87, 0x15, 0x1e, 0x21, 0xca, 0x87,
  0x15, 0x1e, 0x23, 0x7e, 0xfe, 0x20, 0xcc, 0xe8, 0x31, 0x7e, 0x23, 0xb7,
  0xca, 0xb9, 0x15, 0x02, 0x03, 0x15, 0xc8, 0x3a, 0x91, 0xfa, 0xfe, 0x04,
  0xda, 0x8d, 0x15, 0x0b, 0x0a, 0x03, 0xc2, 0xaa, 0x15, 0xfe, 0x2e, 0xca,
  0xb4, 0x15, 0xfe, 0x44, 0xca, 0xb4, 0x15, 0xfe, 0x45, 0xc2, 0x8d, 0x15,
  0x1e, 0x00, 0xc3, 0x8d, 0x15, 0x7b, 0xb7, 0xca, 0xc2, 0x15, 0x02, 0x03,
  0x15, 0xc8, 0x2a, 0x8e, 0xfa, 0xc3, 0x7a, 0x14, 0xeb, 0x2a, 0xe5, 0xfa,
  0x1a, 0x02, 0x03, 0x13, 0xdf, 0xc2, 0xcc, 0x15, 0x60, 0x69, 0x22, 0xe5,
  0xfa, 0x22, 0xe7, 0xfa, 0x22, 0xe9, 0xfa, 0xc9, 0xcd, 0xfd, 0x15, 0x7e,
  0xc3, 0xa0, 0x13, 0xcd, 0xf3, 0x15, 0xd5, 0xcf, 0x2c, 0xcd, 0xe3, 0x13,
  0xd1, 0x12, 0xc9, 0xcd, 0x91, 0x10, 0xe5, 0xcd, 0xfd, 0x15, 0xeb, 0xe1,
  0xc9, 0x01, 0x9e, 0x32, 0xc5, 0xef, 0xf8, 0x3a, 0x2b, 0xfb, 0xfe, 0x90,
  0xc0, 0xf7, 0xf8, 0xcd, 0xd2, 0x32, 0x01, 0x80, 0x91, 0x11, 0x00, 0x00,
  0xc3, 0xc7, 0x2e, 0x01, 0x0a, 0x00, 0xc5, 0x50, 0x58, 0xca, 0x49, 0x16,
  0xfe, 0x2c, 0xca, 0x2f, 0x16, 0xd5, 0xcd, 0x8c, 0x0b, 0x42, 0x4b, 0xd1,
  0xca, 0x49, 0x16, 0xcf, 0x2c, 0xcd, 0x8c, 0x0b, 0xca, 0x49, 0x16, 0xf1,
  0xcf, 0x2c, 0xd5, 0xcd, 0x97, 0x0b, 0xc2, 0x68, 0x05, 0x7a, 0xb3, 0xca,
  0x87, 0x0b, 0xeb, 0xe3, 0xeb, 0xc5, 0xcd, 0x5d, 0x07, 0xd1, 0xd5, 0xc5,
  0xcd, 0x5d, 0x07, 0x60, 0x69, 0xd1, 0xdf, 0xeb, 0xda, 0x87, 0x0b, 0xd1,
  0xc1, 0xf1, 0xe5, 0xd5, 0xc3, 0x71, 0x16, 0x09, 0xda, 0x87, 0x0b, 0xeb,
  0xe5, 0x21, 0xf9, 0xff, 0xdf, 0xe1, 0xda, 0x87, 0x0b, 0xd5, 0x5e, 0x23,
  0x56, 0x7a, 0xb3, 0xeb, 0xd1, 0xca, 0x84, 0x16, 0x7e, 0x23, 0xb6, 0x2b,
  0xeb, 0xc2, 0x63, 0x16, 0xc5, 0xcd, 0xa7, 0x16, 0xc1, 0xd1, 0xe1, 0xd5,
  0x5e, 0x23, 0x56, 0x7a, 0xb3, 0xca, 0xa2, 0x16, 0xeb, 0xe3, 0xeb, 0x23,
  0x73, 0x23, 0x72, 0xeb, 0x09, 0xeb, 0xe1, 0xc3, 0x8b, 0x16, 0x01, 0x2c,
  0x06, 0xc5, 0xfe, 0xf6, 0xaf, 0x32, 0xcd, 0xfa, 0x2a, 0x5d, 0xf4, 0x2b,
  0x23, 0x7e, 0x23, 0xb6, 0xc8, 0x23, 0x5e, 0x23, 0x56, 0xd7, 0xb7, 0xca,
  0xb0, 0x16, 0x4f, 0x3a, 0xcd, 0xfa, 0xb7, 0x79, 0xca, 0x22, 0x17, 0xfe,
  0xa6, 0xc2, 0xe4, 0x16, 0xd7, 0xfe, 0x89, 0xc2, 0xba, 0x16, 0xd7, 0xfe,
  0x0e, 0xc2, 0xba, 0x16, 0xd5, 0xcd, 0xa0, 0x0b, 0x7a, 0xb3, 0xc2, 0xed,
  0x16, 0xc3, 0x0d, 0x17, 0xfe, 0x0e, 0xc2, 0xb9, 0x16, 0xd5, 0xcd, 0xa0,
  0x0b, 0xe5, 0xcd, 0x5d, 0x07, 0x0b, 0x3e, 0x0d, 0xda, 0x35, 0x17, 0xcd,
  0x61, 0x4d, 0x21, 0x12, 0x17, 0xd5, 0xcd, 0x72, 0x2b, 0xe1, 0xcd, 0x98,
  0x38, 0xc1, 0xe1, 0xe5, 0xc5, 0xcd, 0x90, 0x38, 0xe1, 0xd1, 0x2b, 0xc3,
  0xb9, 0x16, 0x55, 0x6e, 0x64, 0x65, 0x66, 0x69, 0x6e, 0x65, 0x64, 0x20,
  0x6c, 0x69, 0x6e, 0x65, 0x20, 0x00, 0xfe, 0x0d, 0xc2, 0x0f, 0x17, 0xd5,
  0xcd, 0xa0, 0x0b, 0xe5, 0xeb, 0x23, 0x23, 0x23, 0x4e, 0x23, 0x46, 0x3e,
  0x0e, 0x21, 0x0c, 0x17, 0xe5, 0x2a, 0x8e, 0xfa, 0xe5, 0x2b, 0x70, 0x2b,
  0x71, 0x2b, 0x77, 0xe1, 0xc9, 0x3a, 0xcd, 0xfa, 0xb7, 0xc8, 0xc3, 0xa8,
  0x16, 0xe5, 0xd5, 0xc5, 0xcd, 0x56, 0x17, 0xc3, 0x5e, 0x19, 0xff, 0x04,
  0x2a, 0xe0, 0xf3, 0x24, 0x25, 0xca, 0x7d, 0x17, 0x46, 0x23, 0x7e, 0xb7,
  0xc2, 0x68, 0x17, 0x67, 0x22, 0xe0, 0xf3, 0x78, 0xc9, 0x3a, 0xfc, 0xf3,
  0x87, 0xd8, 0x21, 0x00, 0x00, 0x22, 0xe2, 0xf3, 0x3e, 0x0d, 0x32, 0x8e,
  0xf9, 0x2a, 0xe2, 0xf3, 0x7d, 0xa4, 0x3c, 0xca, 0xba, 0x17, 0xe5, 0x3a,
  0x8e, 0xf9, 0xfe, 0x0d, 0xcc, 0x3a, 0x23, 0x2a, 0x7c, 0xf8, 0xd1, 0x19,
  0x7e, 0x32, 0x8e, 0xf9, 0x47, 0xfe, 0x1a, 0x3e, 0x00, 0xca, 0xb3, 0x17,
  0xcd, 0xa6, 0x72, 0xda, 0xb3, 0x17, 0x23, 0x7e, 0xeb, 0x23, 0x22, 0xe2,
  0xf3, 0xfe, 0x1a, 0x78, 0x37, 0x3f, 0xc0, 0x21, 0xff, 0xff, 0x22, 0xe2,
  0xf3, 0xc9, 0xcd, 0x3d, 0x18, 0xc2, 0xd5, 0x17, 0xcd, 0x24, 0x18, 0x3e,
  0xff, 0x32, 0x01, 0xf4, 0xcd, 0x3d, 0x18, 0xca, 0xc8, 0x17, 0xaf, 0x32,
  0x01, 0xf4, 0xcd, 0x32, 0x18, 0x21, 0x41, 0xf8, 0x7e, 0xa7, 0xc2, 0x17,
  0x18, 0xcd, 0xf4, 0x1e, 0xcd, 0x79, 0x72, 0xd0, 0xd6, 0x0a, 0xca, 0x6d,
  0x17, 0xd2, 0x22, 0x18, 0x5f, 0x3a, 0xfc, 0xf3, 0xe6, 0x60, 0x37, 0x7b,
  0xc0, 0x16, 0xff, 0xeb, 0x29, 0x29, 0x29, 0x29, 0x11, 0x45, 0xf7, 0x19,
  0x3a, 0xfc, 0xf3, 0xa7, 0xf2, 0x0b, 0x18, 0x23, 0x23, 0x23, 0x23, 0x22,
  0xe0, 0xf3, 0xc3, 0x56, 0x17, 0xca, 0xc3, 0x42, 0xc3, 0xe4, 0x42, 0xf3,
  0x36, 0x00, 0x3a, 0x02, 0xf4, 0x2b, 0x77, 0xcd, 0xa9, 0x18, 0xaf, 0xc9,
  0x3a, 0xeb, 0xf3, 0x32, 0xbe, 0xf9, 0xa7, 0xc0, 0xcd, 0x78, 0x42, 0xc3,
  0x91, 0x42, 0x3a, 0xbe, 0xf9, 0xa7, 0xc0, 0xcd, 0x7d, 0x42, 0xc3, 0x91,
  0x42, 0x3a, 0xe1, 0xf3, 0xa7, 0xc0, 0x3a, 0x41, 0xf8, 0xa7, 0xc0, 0xe5,
  0x2a, 0xe2, 0xf3, 0x7d, 0xa4, 0x3c, 0xe1, 0xc0, 0xff, 0x06, 0xc3, 0xa6,
  0x72, 0xcd, 0xb9, 0x72, 0xc8, 0xfe, 0x03, 0xca, 0x74, 0x18, 0xfe, 0x13,
  0xc0, 0xcd, 0x24, 0x18, 0xcd, 0xb9, 0x72, 0xfe, 0x11, 0xca, 0x32, 0x18,
  0xfe, 0x03, 0xc2, 0x64, 0x18, 0xcd, 0x32, 0x18, 0xaf, 0x32, 0x68, 0xfe,
  0xc3, 0xea, 0x40, 0xd6, 0x99, 0xca, 0xc6, 0x18, 0xfe, 0x4e, 0xc2, 0xce,
  0x18, 0xd7, 0xca, 0xbb, 0x18, 0xcf, 0x2c, 0xcf, 0xa7, 0xc2, 0x68, 0x05,
  0xc3, 0xa9, 0x18, 0xf1, 0xc9, 0xf5, 0xdb, 0xd8, 0xa7, 0xfa, 0x93, 0x18,
  0x3a, 0x01, 0xf4, 0xa7, 0x3e, 0x01, 0x32, 0x01, 0xf4, 0xc2, 0xbb, 0x18,
  0xf1, 0xf3, 0xe5, 0xd5, 0xc5, 0xf5, 0x21, 0x00, 0x00, 0x39, 0x22, 0xae,
  0xf9, 0x21, 0x0b, 0x9c, 0x22, 0x82, 0xf3, 0xf3, 0xc3, 0x92, 0x7b, 0xdb,
  0xba, 0xf6, 0x10, 0xd3, 0xba, 0x76, 0xcd, 0xd6, 0x18, 0x32, 0x41, 0xf8,
  0xd7, 0xc9, 0xcd, 0xe3, 0x13, 0xfe, 0x0a, 0xda, 0x87, 0x0b, 0x32, 0x02,
  0xf4, 0x32, 0x40, 0xf8, 0xc9, 0xff, 0x0c, 0xcd, 0x92, 0x6d, 0xf5, 0xcd,
  0xf4, 0x1e, 0xf1, 0xd0, 0xaf, 0x32, 0x55, 0xf4, 0xc3, 0xfc, 0x18, 0xcd,
  0xd4, 0xf3, 0xcd, 0x13, 0x19, 0xcd, 0x59, 0x70, 0xd0, 0xcd, 0x15, 0x19,
  0x1e, 0x18, 0xc3, 0x85, 0x05, 0xcd, 0xd1, 0xf3, 0xcd, 0x13, 0x19, 0x01,
  0x00, 0x00, 0x0b, 0x78, 0xb1, 0xc2, 0x0a, 0x19, 0xc3, 0x47, 0x70, 0xf3,
  0x11, 0xfb, 0x1e, 0x00, 0xc3, 0xd9, 0x6f, 0xcd, 0xcb, 0xf3, 0xd5, 0xe5,
  0xc5, 0xcd, 0x8e, 0x70, 0xda, 0xf9, 0x18, 0x57, 0xc1, 0x81, 0x4f, 0x7a,
  0xe1, 0xd1, 0xc9, 0xcd, 0xce, 0xf3, 0xe5, 0xd5, 0x57, 0x81, 0x4f, 0xc5,
  0x7a, 0xcd, 0xeb, 0x6f, 0xda, 0xf9, 0x18, 0xc3, 0x5e, 0x19, 0x48, 0x19,
  0x05, 0x4f, 0x55, 0x19, 0x3e, 0x02, 0xbb, 0xc2, 0xe4, 0x51, 0x22, 0x6c,
  0xfb, 0x73, 0xf1, 0xe1, 0xc9, 0xf1, 0xf5, 0xcd, 0x6f, 0x43, 0xcd, 0xf4,
  0x1e, 0xf1, 0xc1, 0xd1, 0xe1, 0xc9, 0x6c, 0x19, 0x05, 0x4f, 0x6e, 0x19,
  0x70, 0x19, 0x72, 0x19, 0xff, 0x62, 0xff, 0x66, 0xff, 0x68, 0xff, 0x6a,
  0x7e, 0x19, 0x05, 0x1a, 0x24, 0x1a, 0x3c, 0x1a, 0x93, 0x1a, 0xe5, 0xd5,
  0x23, 0x23, 0xe5, 0x7b, 0xfe, 0x01, 0xca, 0xb9, 0x19, 0xfe, 0x08, 0xca,
  0xd4, 0x19, 0xcd, 0x0b, 0x24, 0xda, 0xf8, 0x19, 0xd5, 0xcd, 0x4a, 0x1d,
  0xd1, 0x01, 0x00, 0x00, 0xe1, 0x1a, 0xe6, 0x02, 0xc2, 0xe7, 0x51, 0x1a,
  0xf6, 0x02, 0x12, 0x13, 0x73, 0x23, 0x72, 0x23, 0x23, 0x23, 0x36, 0x00,
  0x23, 0x71, 0x23, 0x70, 0xd1, 0xe1, 0xc3, 0x4e, 0x19, 0x3a, 0xfd, 0xf3,
  0xa7, 0x21, 0x86, 0xf8, 0xcc, 0x78, 0x22, 0xca, 0xed, 0x51, 0xeb, 0xcd,
  0xed, 0x1a, 0xaf, 0x77, 0x6f, 0x67, 0x22, 0xca, 0xf9, 0xc3, 0x99, 0x19,
  0xe1, 0xd1, 0x1e, 0x02, 0xd5, 0xe5, 0xcd, 0x3a, 0x23, 0xcd, 0x78, 0x22,
  0xca, 0x8e, 0x19, 0x5d, 0x54, 0x23, 0x7e, 0x23, 0x66, 0x6f, 0x01, 0xff,
  0xff, 0x7e, 0x23, 0x03, 0xfe, 0x1a, 0xc2, 0xed, 0x19, 0xc3, 0x9c, 0x19,
  0x1a, 0xe6, 0x02, 0xc2, 0xe7, 0x51, 0xeb, 0xcd, 0xa8, 0x21, 0xc3, 0x8e,
  0x19, 0xe5, 0xcd, 0x18, 0x1a, 0xe1, 0xcd, 0xa2, 0x1b, 0xc4, 0x99, 0x1a,
  0xcd, 0xed, 0x1a, 0x36, 0x00, 0xc3, 0x05, 0x4f, 0x23, 0x23, 0x7e, 0x23,
  0x66, 0x6f, 0x2b, 0x7e, 0xe6, 0xfd, 0x77, 0xc9, 0xf1, 0xf5, 0x01, 0x5a,
  0x19, 0xc5, 0xa7, 0xc8, 0xfe, 0x1a, 0xc8, 0xfe, 0x7f, 0xc8, 0xcd, 0xb1,
  0x1b, 0xc0, 0x01, 0x00, 0x01, 0xc3, 0x99, 0x1a, 0xeb, 0xcd, 0xed, 0x1a,
  0xcd, 0x37, 0x1d, 0xeb, 0xcd, 0xc1, 0x1b, 0xc2, 0x81, 0x1a, 0xeb, 0x2a,
  0x67, 0xfb, 0xdf, 0xf5, 0xd5, 0xc4, 0x3a, 0x23, 0xe1, 0xf1, 0x01, 0xf9,
  0xff, 0x09, 0x5e, 0x23, 0x56, 0xeb, 0x7e, 0x23, 0x66, 0x6f, 0xc2, 0x6d,
  0x1a, 0xd5, 0xeb, 0x2a, 0xca, 0xf9, 0xeb, 0x19, 0xd1, 0xeb, 0x23, 0x23,
  0x23, 0x23, 0x4e, 0x23, 0x46, 0x34, 0x23, 0xeb, 0x09, 0x06, 0x00, 0xcd,
  0xfd, 0x28, 0xeb, 0x25, 0xaf, 0x4f, 0x09, 0x7e, 0xfe, 0x1a, 0x37, 0x3f,
  0xc2, 0x25, 0x50, 0xcd, 0xed, 0x1a, 0x77, 0x37, 0xc3, 0x25, 0x50, 0xcd,
  0xed, 0x1a, 0xc3, 0x4a, 0x1c, 0xe5, 0xc5, 0xe5, 0xeb, 0x2a, 0x67, 0xfb,
  0xdf, 0xc4, 0x3a, 0x23, 0xe1, 0x2b, 0x56, 0x2b, 0x5e, 0xeb, 0xc1, 0xc5,
  0xe5, 0x09, 0xeb, 0x73, 0x23, 0x72, 0x01, 0xfa, 0xff, 0x09, 0x5e, 0x23,
  0x56, 0x1a, 0x6f, 0x13, 0x1a, 0x67, 0xc1, 0x09, 0xc1, 0xe5, 0xc5, 0xcd,
  0x0a, 0x6c, 0xd4, 0x4d, 0x1d, 0xc1, 0xd1, 0xe1, 0xda, 0xe1, 0x1a, 0xe5,
  0x7e, 0x12, 0x13, 0x23, 0x0d, 0xc2, 0xd0, 0x1a, 0xd1, 0x2a, 0x67, 0xfb,
  0xdf, 0xc8, 0xc3, 0x3a, 0x23, 0x01, 0xf7, 0xff, 0x09, 0x36, 0x00, 0xcd,
  0x18, 0x1a, 0xc3, 0xe4, 0x3f, 0xd5, 0x2a, 0x8f, 0xf9, 0x11, 0x7e, 0xf9,
  0x19, 0xd1, 0xc9, 0x01, 0x1b, 0x25, 0x1b, 0x3f, 0x1b, 0x4a, 0x1b, 0x88,
  0x1b, 0xe5, 0xd5, 0x01, 0x06, 0x00, 0x09, 0xaf, 0x77, 0x32, 0x7b, 0xf9,
  0x7b, 0xfe, 0x08, 0xca, 0xe4, 0x51, 0xfe, 0x01, 0xca, 0x1f, 0x1b, 0xcd,
  0x86, 0x29, 0xd1, 0xe1, 0xc3, 0x4e, 0x19, 0xcd, 0x0f, 0x2a, 0xc3, 0x1a,
  0x1b, 0xcd, 0xa2, 0x1b, 0xca, 0x38, 0x1b, 0xe5, 0x09, 0x36, 0x1a, 0x23,
  0x0c, 0xc2, 0x2d, 0x1b, 0xe1, 0xcd, 0x8e, 0x1b, 0xaf, 0x32, 0x7b, 0xf9,
  0xc3, 0x05, 0x4f, 0xf1, 0xf5, 0xcd, 0xb1, 0x1b, 0xcc, 0x8e, 0x1b, 0xc3,
  0x5a, 0x19, 0xeb, 0x21, 0x7b, 0xf9, 0xcd, 0x37, 0x1d, 0xeb, 0xcd, 0xc1,
  0x1b, 0xc2, 0x77, 0x1b, 0xe5, 0xcd, 0x84, 0x2a, 0xe1, 0x01, 0x00, 0x00,
  0xcd, 0x1b, 0x19, 0x77, 0x23, 0x05, 0xc2, 0x60, 0x1b, 0xcd, 0x1b, 0x19,
  0x79, 0xa7, 0xc2, 0xf9, 0x18, 0xcd, 0x15, 0x19, 0x25, 0xaf, 0x47, 0x4f,
  0x09, 0x7e, 0xfe, 0x1a, 0x37, 0x3f, 0xc2, 0x25, 0x50, 0x32, 0x7b, 0xf9,
  0x37, 0xc3, 0x25, 0x50, 0x21, 0x7b, 0xf9, 0xc3, 0x4a, 0x1c, 0xe5, 0xcd,
  0xc0, 0x29, 0xe1, 0x01, 0x00, 0x00, 0x7e, 0xcd, 0x2f, 0x19, 0x23, 0x05,
  0xc2, 0x96, 0x1b, 0xc3, 0xad, 0x29, 0x7e, 0xfe, 0x01, 0xc8, 0x01, 0x06,
  0x00, 0x09, 0x7e, 0x4f, 0x36, 0x00, 0xc3, 0xc7, 0x1b, 0x5f, 0x01, 0x06,
  0x00, 0x09, 0x7e, 0x34, 0x23, 0x23, 0x23, 0xe5, 0x4f, 0x09, 0x73, 0xe1,
  0xc9, 0x01, 0x06, 0x00, 0x09, 0x7e, 0x34, 0x23, 0x23, 0x23, 0xa7, 0xc9,
  0x48, 0x19, 0x05, 0x4f, 0xd2, 0x1b, 0xf1, 0xf5, 0xcd, 0x0b, 0x4d, 0xc3,
  0x5a, 0x19, 0xe4, 0x1b, 0x01, 0x1c, 0x1d, 0x1c, 0x28, 0x1c, 0x47, 0x1c,
  0xff, 0x4e, 0xe5, 0xd5, 0x21, 0x78, 0xfb, 0xcd, 0x4e, 0x1c, 0xd1, 0x7b,
  0xfe, 0x08, 0xca, 0xe4, 0x51, 0xd6, 0x01, 0xc2, 0xfd, 0x1b, 0x32, 0x7c,
  0xf9, 0xe1, 0xc3, 0x4e, 0x19, 0xff, 0x50, 0xdb, 0xd8, 0xe6, 0x10, 0xca,
  0x01, 0x1c, 0x01, 0x00, 0x50, 0x0b, 0x78, 0xb1, 0xc2, 0x0d, 0x1c, 0xcd,
  0xa8, 0x6f, 0xaf, 0x32, 0x7c, 0xf9, 0xc3, 0x05, 0x4f, 0xf1, 0xf5, 0xcd,
  0xbe, 0x6e, 0xd2, 0x5a, 0x19, 0xc3, 0xfc, 0x18, 0x21, 0x7c, 0xf9, 0xcd,
  0x37, 0x1d, 0xcd, 0xd3, 0x6d, 0xda, 0xfc, 0x18, 0xca, 0x39, 0x1c, 0x3e,
  0x82, 0xfe, 0x1a, 0x37, 0x3f, 0xc2, 0x25, 0x50, 0x32, 0x7c, 0xf9, 0x37,
  0xc3, 0x25, 0x50, 0x21, 0x7c, 0xf9, 0x71, 0xc3, 0xb9, 0x51, 0x5d, 0x54,
  0x06, 0x06, 0x1a, 0xfe, 0x20, 0xc2, 0x60, 0x1c, 0x13, 0x05, 0xc2, 0x52,
  0x1c, 0x21, 0x06, 0xf4, 0x01, 0xe4, 0x51, 0xc5, 0x7e, 0xd6, 0x31, 0xfe,
  0x09, 0xd0, 0x3c, 0x57, 0x23, 0xcd, 0xb5, 0x12, 0x47, 0xfe, 0x49, 0xca,
  0x7f, 0x1c, 0xfe, 0x45, 0x1e, 0x02, 0xca, 0x87, 0x1c, 0xd6, 0x4e, 0x1e,
  0x04, 0xca, 0x87, 0x1c, 0x3d, 0xc0, 0x5f, 0x23, 0x7e, 0xd6, 0x36, 0xfe,
  0x03, 0xd0, 0x3c, 0x87, 0x87, 0x87, 0xb3, 0x5f, 0x78, 0xfe, 0x49, 0xc2,
  0xac, 0x1c, 0x7b, 0xe6, 0x18, 0xfe, 0x18, 0xc8, 0x7b, 0xc6, 0x08, 0x5f,
  0xe6, 0x08, 0x87, 0x87, 0x87, 0xf6, 0x3f, 0xca, 0x3e, 0xff, 0x4f, 0x23,
  0x7e, 0xd6, 0x31, 0xfe, 0x02, 0xd0, 0xb3, 0x5f, 0x23, 0xcd, 0xb5, 0x12,
  0xfe, 0x4e, 0xca, 0xc8, 0x1c, 0xfe, 0x58, 0xc0, 0xcd, 0x8d, 0x6f, 0x37,
  0xd4, 0x8e, 0x6f, 0x23, 0xcd, 0xb5, 0x12, 0xfe, 0x53, 0xca, 0xd7, 0x1c,
  0xfe, 0x4e, 0xc0, 0xf1, 0xd5, 0x11, 0x0b, 0xf4, 0x06, 0x06, 0xcd, 0xb5,
  0x12, 0x12, 0x2b, 0x1b, 0x05, 0xc2, 0xde, 0x1c, 0xe1, 0xc3, 0x58, 0x6f,
  0xf6, 0x1c, 0xf8, 0x1c, 0x87, 0x0b, 0xfa, 0x1c, 0xfc, 0x1c, 0xff, 0x6c,
  0xff, 0x6e, 0xff, 0x70, 0xff, 0x72, 0xff, 0x28, 0xcd, 0x2d, 0x4e, 0xca,
  0xf0, 0x51, 0xfe, 0x01, 0xc2, 0xe4, 0x51, 0xe5, 0xcd, 0x2f, 0x1d, 0x4f,
  0x9f, 0xcd, 0xab, 0x31, 0xe1, 0x23, 0x23, 0x23, 0x23, 0x7e, 0x21, 0x7c,
  0xf9, 0xfe, 0xfc, 0xca, 0x2d, 0x1d, 0xcd, 0xed, 0x1a, 0xfe, 0xf9, 0xca,
  0x2d, 0x1d, 0x21, 0x7b, 0xf9, 0x71, 0xc9, 0xc5, 0xe5, 0xd5, 0x3e, 0x06,
  0xc3, 0xb9, 0x52, 0x7e, 0x36, 0x00, 0xa7, 0xc8, 0x33, 0x33, 0xfe, 0x1a,
  0x37, 0x3f, 0xc2, 0x25, 0x50, 0x77, 0x37, 0xc3, 0x25, 0x50, 0x01, 0x01,
  0x00, 0x2a, 0xd0, 0xfa, 0x7e, 0xa7, 0xc8, 0xeb, 0x2a, 0x59, 0xf4, 0xeb,
  0xdf, 0xd0, 0x7e, 0xfe, 0x82, 0x11, 0x07, 0x00, 0xc2, 0x70, 0x1d, 0x23,
  0x5e, 0x23, 0x56, 0xeb, 0x09, 0xeb, 0x72, 0x2b, 0x73, 0x11, 0x10, 0x00,
  0x19, 0xc3, 0x50, 0x1d, 0xd7, 0xe5, 0xcd, 0xdb, 0x1d, 0xcd, 0x7f, 0x1d,
  0xc3, 0x4e, 0x2b, 0xcd, 0xee, 0x1d, 0x11, 0x37, 0xf8, 0xcd, 0xe4, 0x1d,
  0x36, 0x3a, 0x23, 0xcd, 0xe4, 0x1d, 0x36, 0x3a, 0x23, 0xc3, 0xe4, 0x1d,
  0xd7, 0xe5, 0xcd, 0xdb, 0x1d, 0xcd, 0x9f, 0x1d, 0xc3, 0x4e, 0x2b, 0xcd,
  0xee, 0x1d, 0xe5, 0x21, 0x3d, 0xf8, 0x06, 0x00, 0xf3, 0xcd, 0xec, 0x7e,
  0xfb, 0x7a, 0xe3, 0xcd, 0xe8, 0x1d, 0xe3, 0x2b, 0xf3, 0xcd, 0xec, 0x7e,
  0xfb, 0x7a, 0xe1, 0xcd, 0xe8, 0x1d, 0x11, 0x3b, 0xf8, 0x36, 0x2f, 0x23,
  0x1a, 0xfe, 0x0a, 0x06, 0x30, 0xda, 0xd0, 0x1d, 0x06, 0x31, 0xd6, 0x0a,
  0x70, 0x23, 0xcd, 0xe8, 0x1d, 0x1b, 0x36, 0x2f, 0xc3, 0x90, 0x1d, 0x3e,
  0x08, 0xcd, 0x1e, 0x2b, 0x2a, 0xbd, 0xfa, 0xc9, 0xcd, 0xe7, 0x1d, 0x1a,
  0xf6, 0x30, 0x77, 0x1b, 0x23, 0xc9, 0xe5, 0x21, 0x32, 0xf8, 0xf3, 0xcd,
  0x59, 0x73, 0xfb, 0xe1, 0xc9, 0xd7, 0xcd, 0x5b, 0x1e, 0x21, 0x32, 0xf8,
  0xf3, 0xcd, 0x5a, 0x73, 0xfb, 0xe1, 0xc9, 0xd7, 0xcd, 0x45, 0x1e, 0xc2,
  0x68, 0x05, 0x2b, 0xd7, 0xe5, 0x21, 0x3d, 0xf8, 0xf3, 0xcd, 0xe3, 0x7e,
  0xfb, 0xe3, 0xd7, 0xe3, 0x2b, 0xf3, 0xcd, 0xe3, 0x7e, 0xfb, 0xe1, 0x23,
  0xcf, 0x2f, 0xcd, 0xe3, 0x13, 0x3d, 0xfe, 0x0c, 0xd2, 0x68, 0x05, 0x3c,
  0x11, 0x3b, 0xf8, 0x12, 0xcf, 0x2f, 0x1b, 0xcd, 0x83, 0x1e, 0xfe, 0x04,
  0xd2, 0x68, 0x05, 0xcd, 0x83, 0x1e, 0xc3, 0xfd, 0x1d, 0xcf, 0xf1, 0xcd,
  0x91, 0x10, 0xe3, 0xe5, 0xcd, 0xee, 0x1d, 0xcd, 0xd7, 0x2c, 0x7e, 0x23,
  0x5e, 0x23, 0x66, 0x6b, 0xfe, 0x08, 0xc9, 0xcd, 0x45, 0x1e, 0xc2, 0x68,
  0x05, 0xeb, 0xe1, 0xe3, 0xe5, 0xeb, 0x11, 0x38, 0xf8, 0xcd, 0x83, 0x1e,
  0xfe, 0x03, 0xd2, 0x68, 0x05, 0xcd, 0x83, 0x1e, 0xcf, 0x3a, 0xcd, 0x7b,
  0x1e, 0xcf, 0x3a, 0xcd, 0x83, 0x1e, 0xfe, 0x06, 0xd2, 0x68, 0x05, 0x1b,
  0x7e, 0x23, 0xd6, 0x30, 0xfe, 0x0a, 0xd2, 0x68, 0x05, 0xe6, 0x0f, 0x12,
  0xc9, 0xe5, 0x21, 0x4c, 0xf8, 0xcd, 0x9e, 0x1e, 0xe1, 0xf1, 0xd7, 0xc3,
  0x26, 0x0a, 0xfe, 0x95, 0xca, 0x6a, 0x40, 0xfe, 0xe7, 0xca, 0x73, 0x40,
  0xfe, 0x90, 0xca, 0x78, 0x40, 0xc3, 0x68, 0x05, 0xfe, 0xb6, 0x01, 0x01,
  0x00, 0xc8, 0x37, 0xc9, 0xeb, 0x22, 0x4d, 0xf8, 0xeb, 0xc9, 0xcd, 0x8f,
  0xf3, 0xe5, 0xd5, 0xc5, 0xf5, 0x3e, 0x0d, 0x30, 0xfb, 0x21, 0x3e, 0xf8,
  0x35, 0xc2, 0xf1, 0x1e, 0x36, 0x7d, 0x23, 0x35, 0xc2, 0xf1, 0x1e, 0x36,
  0x0c, 0x23, 0xe5, 0x2a, 0x5b, 0xf4, 0x23, 0x7c, 0xb5, 0xe1, 0xc4, 0xf4,
  0x1e, 0x7e, 0xa7, 0xca, 0xf1, 0x1e, 0x35, 0xc2, 0xf1, 0x1e, 0x23, 0x36,
  0xff, 0xc3, 0xc1, 0x73, 0x3a, 0x02, 0xf4, 0x32, 0x40, 0xf8, 0xc9, 0x7e,
  0xfe, 0x7f, 0xca, 0x06, 0x1f, 0xfe, 0x20, 0xd2, 0x08, 0x1f, 0x3e, 0x20,
  0xe7, 0x23, 0x05, 0xc2, 0xfb, 0x1e, 0x3e, 0x20, 0xc9, 0xcd, 0xe3, 0x13,
  0x3d, 0xfe, 0x0a, 0xd2, 0x87, 0x0b, 0xeb, 0x6f, 0x26, 0x00, 0x29, 0x29,
  0x29, 0x29, 0x01, 0xa5, 0xf6, 0x09, 0xe5, 0xeb, 0xcf, 0x2c, 0xcd, 0x91,
  0x10, 0xe5, 0xcd, 0xd7, 0x2c, 0x46, 0x23, 0x5e, 0x23, 0x56, 0xe1, 0xe3,
  0x0e, 0x0f, 0x78, 0xa7, 0xca, 0x4f, 0x1f, 0x1a, 0xa7, 0xca, 0x87, 0x0b,
  0x77, 0x13, 0x23, 0x0d, 0xca, 0x55, 0x1f, 0x05, 0xc2, 0x3f, 0x1f, 0x70,
  0x23, 0x0d, 0xc2, 0x4f, 0x1f, 0x71, 0xcd, 0xfb, 0x5d, 0xcd, 0xf7, 0x6c,
  0xe1, 0xc9, 0xcd, 0x76, 0x1f, 0x0f, 0xe5, 0xf5, 0xdc, 0xd0, 0x74, 0xf1,
  0xd4, 0xd1, 0x74, 0xe1, 0xc9, 0xcd, 0x76, 0x1f, 0x2f, 0xc3, 0x61, 0x1f,
  0xff, 0x86, 0xcf, 0x28, 0xcd, 0xe3, 0x13, 0xfe, 0xf0, 0xda, 0x82, 0x1f,
  0x3e, 0xef, 0xf5, 0xcf, 0x2c, 0xcd, 0xe3, 0x13, 0xfe, 0x40, 0xda, 0x8f,
  0x1f, 0x1e, 0x3f, 0xf1, 0x57, 0xeb, 0x22, 0xfa, 0xf3, 0xeb, 0x7e, 0xfe,
  0x29, 0xc2, 0xa0, 0x1f, 0xd7, 0x3e, 0x01, 0xc9, 0xd5, 0xcf, 0x2c, 0xcd,
  0xe3, 0x13, 0xcf, 0x29, 0x7b, 0xd1, 0xc9, 0xcd, 0xe3, 0x13, 0xf5, 0xcf,
  0x2c, 0xcd, 0xe3, 0x13, 0xf1, 0x57, 0x3a, 0xe8, 0xf3, 0x14, 0xba, 0xd2,
  0xbf, 0x1f, 0x57, 0x3a, 0xe7, 0xf3, 0x1c, 0xbb, 0xd2, 0xc8, 0x1f, 0x5f,
  0xe5, 0xeb, 0xcd, 0xb5, 0x42, 0x7c, 0x3d, 0x32, 0xa4, 0xf6, 0xe1, 0xc9,
  0xe5, 0x3a, 0xe5, 0xf3, 0x3d, 0xcd, 0xab, 0x31, 0xe1, 0xd7, 0xc9, 0xff,
  0x5e, 0xff, 0x8a, 0xff, 0x88, 0xff, 0x8c, 0xcd, 0xf3, 0x15, 0x7a, 0xe6,
  0xc0, 0xc2, 0x87, 0x0b, 0xd5, 0xcf, 0x2c, 0xcd, 0xe3, 0x13, 0xa7, 0x47,
  0xd1, 0xc2, 0x0d, 0x73, 0xc9, 0xcd, 0xe3, 0x13, 0xc3, 0xd9, 0x6f, 0xcd,
  0xf3, 0x15, 0xe5, 0x3a, 0xa7, 0xf9, 0x2a, 0xa8, 0xf9, 0xcd, 0x18, 0x20,
  0x32, 0xa7, 0xf9, 0x22, 0xa8, 0xf9, 0xe1, 0xc9, 0xd5, 0xc9, 0xfe, 0x2c,
  0x3a, 0xe4, 0xf3, 0xc4, 0xe3, 0x13, 0xcd, 0x34, 0x20, 0x2b, 0xd7, 0xc8,
  0xcf, 0x2c, 0xcd, 0xe3, 0x13, 0xe5, 0xa7, 0xcd, 0x11, 0x18, 0xe1, 0xc9,
  0xe5, 0x32, 0xe4, 0xf3, 0xa7, 0x11, 0x08, 0x28, 0x2a, 0xec, 0xf3, 0x3e,
  0x0e, 0xff, 0x36, 0xca, 0x4c, 0x20, 0xaf, 0x32, 0xe4, 0xf3, 0xff, 0x60,
  0x22, 0xe5, 0xf3, 0xeb, 0x22, 0xe7, 0xf3, 0x32, 0x57, 0xf4, 0xe1, 0xc9,
  0xe5, 0xcd, 0x5e, 0x24, 0xcd, 0x37, 0x23, 0x2a, 0x7e, 0xfb, 0x11, 0x20,
  0x20, 0xdf, 0xf5, 0xca, 0x71, 0x20, 0x11, 0x42, 0x41, 0xdf, 0xc2, 0xa7,
  0x20, 0xcd, 0x92, 0x22, 0xca, 0xa7, 0x20, 0xf1, 0xc1, 0xf1, 0xca, 0x87,
  0x0b, 0x3e, 0x00, 0xf5, 0xc5, 0x22, 0x79, 0xf9, 0xeb, 0x22, 0x5d, 0xf4,
  0xcd, 0x14, 0x07, 0xe1, 0x7e, 0xfe, 0x2c, 0xc2, 0x9a, 0x20, 0xd7, 0xcf,
  0x52, 0xf1, 0x3e, 0x80, 0x37, 0xf5, 0xf1, 0x32, 0x8c, 0xfb, 0xda, 0xf5,
  0x3f, 0xcd, 0xf5, 0x3f, 0xc3, 0x2d, 0x06, 0xf1, 0xe1, 0x16, 0xf9, 0xc2,
  0x32, 0x4f, 0xe5, 0x21, 0x20, 0x20, 0x22, 0x7e, 0xfb, 0xe1, 0xc3, 0x32,
  0x4f, 0xe5, 0xcd, 0x5e, 0x24, 0x2a, 0x7e, 0xfb, 0x11, 0x44, 0x4f, 0xdf,
  0x06, 0x00, 0xca, 0xdb, 0x20, 0x11, 0x42, 0x41, 0xdf, 0x06, 0x01, 0xca,
  0xdb, 0x20, 0x11, 0x20, 0x20, 0xdf, 0x06, 0x02, 0xc2, 0xe4, 0x51, 0xe1,
  0xc5, 0x2b, 0xd7, 0xca, 0xf3, 0x20, 0xcf, 0x2c, 0xcf, 0x41, 0xc1, 0x05,
  0xca, 0xe4, 0x51, 0xaf, 0x11, 0x02, 0xf9, 0xf5, 0xc3, 0xa8, 0x4f, 0xc1,
  0x05, 0xfa, 0xeb, 0x20, 0xcd, 0x6a, 0x22, 0xc2, 0x87, 0x0b, 0xcd, 0x37,
  0x7b, 0xc4, 0x00, 0x22, 0xcd, 0x3a, 0x23, 0xcd, 0xd3, 0x22, 0x22, 0x79,
  0xf9, 0x3e, 0x80, 0xeb, 0x2a, 0x5d, 0xf4, 0xeb, 0xcd, 0x35, 0x24, 0xcd,
  0xd0, 0x23, 0xc3, 0x2d, 0x06, 0xff, 0x34, 0xe5, 0xcd, 0x27, 0x21, 0xe1,
  0xc3, 0x61, 0x4d, 0x21, 0x44, 0xf8, 0x0e, 0x03, 0x3a, 0xe8, 0xf3, 0xfe,
  0x28, 0xca, 0x36, 0x21, 0x0e, 0x06, 0xcd, 0xc4, 0x22, 0xc8, 0xe6, 0x18,
  0xc2, 0x36, 0x21, 0xe5, 0x23, 0x5e, 0x23, 0x56, 0x23, 0xd5, 0x06, 0x06,
  0x7e, 0xe7, 0x23, 0x05, 0xc2, 0x48, 0x21, 0x3e, 0x2e, 0xe7, 0x7e, 0xe7,
  0x23, 0x7e, 0xe7, 0xd1, 0x2a, 0x5d, 0xf4, 0xdf, 0x3e, 0x2a, 0x06, 0x20,
  0xca, 0x64, 0x21, 0x78, 0xe7, 0x78, 0xe7, 0xe7, 0xe1, 0x0d, 0xc2, 0x36,
  0x21, 0xcd, 0x51, 0x42, 0xe5, 0x21, 0x00, 0x00, 0xcd, 0x55, 0x18, 0xe1,
  0xc3, 0x2a, 0x21, 0xcd, 0x63, 0x22, 0x2b, 0xd7, 0xc2, 0x68, 0x05, 0x7a,
  0xfe, 0xf9, 0xca, 0x8b, 0x21, 0xff, 0x7e, 0xe5, 0xcd, 0x3a, 0x23, 0xcd,
  0x9b, 0x22, 0xca, 0xed, 0x51, 0x47, 0xe6, 0x20, 0xc2, 0xc3, 0x21, 0x78,
  0xe6, 0x40, 0xca, 0xee, 0x21, 0x78, 0xe6, 0x02, 0xc2, 0xe7, 0x51, 0x3e,
  0xe5, 0x01, 0x00, 0x00, 0x71, 0x6b, 0x62, 0x1a, 0x13, 0x03, 0xfe, 0x1a,
  0xc2, 0xaf, 0x21, 0xcd, 0x3c, 0x6c, 0xcd, 0x4d, 0x1d, 0xcd, 0x3a, 0x23,
  0xe1, 0xc9, 0xe5, 0x36, 0x00, 0x2a, 0xe3, 0xfa, 0xe5, 0xeb, 0xe5, 0x23,
  0x23, 0x4e, 0x23, 0x46, 0x21, 0x06, 0x00, 0x09, 0x44, 0x4d, 0xe1, 0xcd,
  0x3c, 0x6c, 0xe1, 0x22, 0xe3, 0xfa, 0xc3, 0xba, 0x21, 0xcd, 0x3a, 0x23,
  0x2a, 0x87, 0xf8, 0xeb, 0x21, 0x86, 0xf8, 0xc3, 0xa8, 0x21, 0xe5, 0x2a,
  0x5d, 0xf4, 0xdf, 0xe1, 0xca, 0x87, 0x0b, 0xcd, 0x00, 0x22, 0xcd, 0xf9,
  0x3f, 0xc3, 0x2d, 0x06, 0x36, 0x00, 0xcd, 0x3e, 0x7b, 0xdf, 0xf5, 0xd5,
  0xcd, 0x18, 0x07, 0xd1, 0x23, 0xcd, 0x25, 0x23, 0xc5, 0xcd, 0x3a, 0x23,
  0xc1, 0xf1, 0xc8, 0xd8, 0x2a, 0x5d, 0xf4, 0x09, 0x22, 0x5d, 0xf4, 0xc9,
  0xcd, 0x63, 0x22, 0xd5, 0xcd, 0x48, 0x24, 0xcf, 0x41, 0xcf, 0x53, 0xcd,
  0x63, 0x22, 0x7a, 0xd1, 0xba, 0xc2, 0x87, 0x0b, 0xfe, 0xf9, 0xca, 0x3b,
  0x22, 0xff, 0x80, 0xe5, 0xcd, 0x9b, 0x22, 0xc2, 0x87, 0x0b, 0xcd, 0x48,
  0x24, 0xcd, 0x9b, 0x22, 0xca, 0xed, 0x51, 0xe5, 0x2a, 0x7e, 0xfb, 0xeb,
  0x2a, 0x87, 0xfb, 0xdf, 0xc2, 0x87, 0x0b, 0xe1, 0xcd, 0x48, 0x24, 0x23,
  0x23, 0x23, 0xcd, 0x3d, 0x24, 0xe1, 0xc9, 0xcd, 0xbd, 0x4d, 0xc0, 0x16,
  0xf9, 0xc9, 0x2a, 0x79, 0xf9, 0x11, 0x70, 0xf8, 0xdf, 0xc9, 0x01, 0x4f,
  0x43, 0xc3, 0x95, 0x22, 0xcd, 0x5e, 0x24, 0x2a, 0x7e, 0xfb, 0x11, 0x20,
  0x20, 0xdf, 0xca, 0x8c, 0x22, 0x11, 0x44, 0x4f, 0xdf, 0xc2, 0xe4, 0x51,
  0x01, 0x4f, 0x44, 0xc3, 0x95, 0x22, 0x01, 0x41, 0x42, 0x21, 0x7e, 0xfb,
  0x70, 0x23, 0x71, 0xcd, 0x5e, 0x24, 0x21, 0x44, 0xf8, 0x3e, 0xe1, 0xcd,
  0xc4, 0x22, 0xc8, 0xe5, 0x23, 0x23, 0x11, 0x77, 0xfb, 0x06, 0x08, 0x13,
  0x23, 0x1a, 0xbe, 0xc2, 0xa2, 0x22, 0x05, 0xc2, 0xaf, 0x22, 0xe1, 0x7e,
  0x23, 0x5e, 0x23, 0x56, 0x2b, 0x2b, 0xa7, 0xc9, 0xc5, 0x01, 0x0b, 0x00,
  0x09, 0xc1, 0x7e, 0xfe, 0xff, 0xc8, 0xa7, 0xf2, 0xc4, 0x22, 0xc9, 0x3a,
  0xfd, 0xf3, 0xa7, 0x21, 0x86, 0xf8, 0xc0, 0x21, 0x86, 0xf8, 0x01, 0x0b,
  0x00, 0x09, 0x7e, 0xfe, 0xff, 0xca, 0xfc, 0x51, 0x87, 0xda, 0xe1, 0x22,
  0xc9, 0xc0, 0xcd, 0x6a, 0x22, 0xc4, 0x37, 0x23, 0xcd, 0xbf, 0x4f, 0x21,
  0x70, 0xf8, 0x22, 0x79, 0xf9, 0x2a, 0x71, 0xf8, 0x22, 0x5d, 0xf4, 0xaf,
  0x32, 0xcd, 0xfa, 0x77, 0x23, 0x77, 0x23, 0xeb, 0x2a, 0xe1, 0xfa, 0xcd,
  0x25, 0x23, 0x21, 0x00, 0x00, 0x22, 0xca, 0xf9, 0xcd, 0x3a, 0x23, 0xc3,
  0xf5, 0x3f, 0x2a, 0xaa, 0xf9, 0xeb, 0x2a, 0xac, 0xf9, 0x7d, 0x93, 0x4f,
  0x7c, 0x9a, 0x47, 0xeb, 0xcd, 0x3c, 0x6c, 0x2a, 0xe1, 0xfa, 0x09, 0x22,
  0xe1, 0xfa, 0xc9, 0xcd, 0xa8, 0x16, 0xcd, 0x89, 0x23, 0xaf, 0x32, 0x45,
  0xf7, 0x2a, 0xb0, 0xf9, 0x23, 0xe5, 0x21, 0x65, 0xf8, 0x11, 0xff, 0xff,
  0xcd, 0xc4, 0x22, 0xca, 0x71, 0x23, 0xfe, 0xf0, 0xca, 0x4c, 0x23, 0x0f,
  0xda, 0x4c, 0x23, 0xe5, 0x23, 0x7e, 0x23, 0x66, 0x6f, 0xdf, 0xe1, 0xd2,
  0x4c, 0x23, 0x44, 0x4d, 0x23, 0x5e, 0x23, 0x56, 0x2b, 0x2b, 0xc3, 0x4c,
  0x23, 0x7b, 0xa2, 0x3c, 0xd1, 0xca, 0x89, 0x23, 0x60, 0x69, 0x7e, 0xf6,
  0x01, 0x77, 0x23, 0x73, 0x23, 0x72, 0xeb, 0xcd, 0x96, 0x23, 0xc3, 0x45,
  0x23, 0x21, 0x44, 0xf8, 0xcd, 0xc4, 0x22, 0xc8, 0xe6, 0xfe, 0x77, 0xc3,
  0x8c, 0x23, 0x3a, 0x45, 0xf7, 0x3d, 0xfa, 0xbe, 0x23, 0xca, 0xaa, 0x23,
  0x23, 0x23, 0x5e, 0x23, 0x56, 0x23, 0x23, 0x23, 0x19, 0xc9, 0x3e, 0x1a,
  0xbe, 0x23, 0xc2, 0xac, 0x23, 0xeb, 0x2a, 0xe3, 0xfa, 0xeb, 0xdf, 0xc0,
  0x3e, 0x02, 0x32, 0x45, 0xf7, 0xc9, 0xeb, 0xcd, 0x18, 0x07, 0x23, 0xeb,
  0x2a, 0xe1, 0xfa, 0xeb, 0xdf, 0xc0, 0x3e, 0x01, 0x32, 0x45, 0xf7, 0xc9,
  0x2a, 0xe5, 0xfa, 0x22, 0xe7, 0xfa, 0x22, 0xe9, 0xfa, 0x2a, 0xe1, 0xfa,
  0x2b, 0x22, 0x71, 0xf8, 0x23, 0x01, 0x02, 0x00, 0xeb, 0xcd, 0x1c, 0x6c,
  0xaf, 0x77, 0x23, 0x77, 0x2a, 0xe1, 0xfa, 0x09, 0x22, 0xe1, 0xfa, 0xc3,
  0x3a, 0x23, 0xe5, 0x1e, 0xff, 0x1c, 0x7e, 0x23, 0xa7, 0xc2, 0xf9, 0x23,
  0xe1, 0xc9, 0xcd, 0xf6, 0x23, 0xcd, 0xb9, 0x4d, 0xc2, 0x68, 0x05, 0xcd,
  0x3a, 0x23, 0xcd, 0x78, 0x22, 0xeb, 0x37, 0xc0, 0xcd, 0xd3, 0x22, 0xe5,
  0x2a, 0xe1, 0xfa, 0xe5, 0x3e, 0x1a, 0xcd, 0xfe, 0x6b, 0xda, 0xe4, 0x3f,
  0xd1, 0xe1, 0xe5, 0xd5, 0x3e, 0xc0, 0x1b, 0xcd, 0x35, 0x24, 0xcd, 0x3a,
  0x23, 0xe1, 0xd1, 0xa7, 0xc9, 0xd5, 0x77, 0x23, 0x73, 0x23, 0x72, 0x23,
  0x3e, 0xd5, 0x11, 0x78, 0xfb, 0x06, 0x08, 0xcd, 0xf7, 0x31, 0xd1, 0xc9,
  0xe5, 0x06, 0x09, 0x11, 0x78, 0xfb, 0x21, 0x81, 0xfb, 0x4e, 0x1a, 0x77,
  0x79, 0x12, 0x13, 0x23, 0x05, 0xc2, 0x51, 0x24, 0xe1, 0xc9, 0xe5, 0x21,
  0x7e, 0xfb, 0x06, 0x03, 0xcd, 0xb5, 0x12, 0x77, 0x23, 0x05, 0xc2, 0x64,
  0x24, 0xe1, 0xc9, 0xcd, 0x3a, 0x23, 0x21, 0xff, 0xff, 0x22, 0xe2, 0xf3,
  0x44, 0x4d, 0x2a, 0x7c, 0xf8, 0xe5, 0x3e, 0x1a, 0xbe, 0x03, 0x23, 0xc2,
  0x80, 0x24, 0xe1, 0xcd, 0x3c, 0x6c, 0xc3, 0x3a, 0x23, 0xf5, 0xcd, 0x61,
  0x4d, 0xcd, 0x8c, 0x42, 0xf1, 0x87, 0x87, 0xda, 0x08, 0x25, 0xfa, 0x7a,
  0x25, 0xff, 0x3c, 0x2a, 0x71, 0xf8, 0x22, 0x5d, 0xf4, 0xcd, 0x1b, 0x65,
  0x78, 0xb1, 0xca, 0x28, 0x29, 0x22, 0xeb, 0xfa, 0xe5, 0xcd, 0x14, 0x28,
  0x21, 0xf7, 0x24, 0x22, 0xfe, 0xf3, 0xcd, 0x0c, 0x2a, 0xf3, 0xd1, 0xd5,
  0x2a, 0x5d, 0xf4, 0x06, 0x0a, 0xcd, 0x1b, 0x19, 0x77, 0x4f, 0x23, 0xdf,
  0xd2, 0xf7, 0x24, 0x79, 0xa7, 0xc2, 0xc3, 0x24, 0x05, 0xc2, 0xc5, 0x24,
  0xcd, 0x15, 0x19, 0xcd, 0x14, 0x07, 0x23, 0xd1, 0xcd, 0x0b, 0x28, 0xcd,
  0x6f, 0x25, 0xcd, 0xd3, 0x22, 0x3e, 0x80, 0xeb, 0x2a, 0x71, 0xf8, 0xeb,
  0x1b, 0xcd, 0x35, 0x24, 0xc3, 0x45, 0x56, 0xcd, 0x15, 0x19, 0x2a, 0x5d,
  0xf4, 0xeb, 0x2a, 0xeb, 0xfa, 0xeb, 0xcd, 0x0b, 0x28, 0xc3, 0x28, 0x29,
  0x21, 0x15, 0x61, 0xaf, 0x32, 0xb6, 0xf9, 0x1e, 0x01, 0xcd, 0xbe, 0x4e,
  0x21, 0x5e, 0x25, 0x22, 0xfe, 0xf3, 0xcd, 0x18, 0x65, 0x78, 0xb1, 0xca,
  0x69, 0x25, 0x60, 0x69, 0x22, 0xeb, 0xfa, 0x2a, 0xe1, 0xfa, 0x22, 0xcb,
  0xfa, 0xcd, 0x15, 0x50, 0xda, 0x42, 0x25, 0xcd, 0xd0, 0x55, 0xca, 0x2d,
  0x25, 0xdc, 0x57, 0x25, 0xcd, 0x57, 0x25, 0xc3, 0x2d, 0x25, 0x36, 0x1a,
  0xcd, 0xdb, 0x50, 0xcd, 0x6f, 0x25, 0xcd, 0xd3, 0x22, 0x3e, 0xc0, 0xeb,
  0x2a, 0xe1, 0xfa, 0xeb, 0xc3, 0xf0, 0x24, 0x77, 0x23, 0x7e, 0xa7, 0x3e,
  0x0a, 0xc8, 0x2a, 0xeb, 0xfa, 0x44, 0x4d, 0x2a, 0xcb, 0xfa, 0xcd, 0x3c,
  0x6c, 0xcd, 0xdb, 0x50, 0xc3, 0x28, 0x29, 0x06, 0x09, 0x11, 0x78, 0xfb,
  0x21, 0x9b, 0xf9, 0xc3, 0xfd, 0x28, 0xff, 0x3e, 0xcd, 0x12, 0x2a, 0x2a,
  0xe3, 0xfa, 0xe5, 0x2a, 0xc2, 0xf9, 0xe5, 0x01, 0x06, 0x00, 0x09, 0x22,
  0xeb, 0xfa, 0x44, 0x4d, 0x2a, 0xe5, 0xfa, 0x22, 0xcb, 0xfa, 0xcd, 0x0a,
  0x6c, 0xda, 0x28, 0x29, 0xeb, 0x21, 0xc0, 0xf9, 0xcd, 0xfb, 0x28, 0xd5,
  0x21, 0xcc, 0x25, 0x22, 0xfe, 0xf3, 0xcd, 0x84, 0x2a, 0xe1, 0xd1, 0xcd,
  0xd1, 0x27, 0xc2, 0xcc, 0x25, 0xcd, 0x15, 0x19, 0xe1, 0x22, 0xe3, 0xfa,
  0xcd, 0x6f, 0x25, 0xcd, 0xd3, 0x22, 0x3e, 0xa0, 0xeb, 0x2a, 0xe5, 0xfa,
  0xeb, 0xc3, 0xf1, 0x24, 0xcd, 0x15, 0x19, 0xc3, 0x5e, 0x25, 0xcd, 0x77,
  0x29, 0x2b, 0xd7, 0xca, 0xe5, 0x25, 0xcf, 0x2c, 0xcf, 0x41, 0x1e, 0x02,
  0xa7, 0xf5, 0xc3, 0xa8, 0x4f, 0x21, 0x7d, 0xfb, 0x06, 0x06, 0x7e, 0xd6,
  0x20, 0xc2, 0xf6, 0x25, 0x77, 0x2b, 0x05, 0xc2, 0xea, 0x25, 0xcd, 0xa8,
  0x16, 0x23, 0xe5, 0xcd, 0x01, 0x19, 0x06, 0x0a, 0x3e, 0xd3, 0xcd, 0x2f,
  0x19, 0x05, 0xc2, 0x00, 0x26, 0x06, 0x06, 0x21, 0x78, 0xfb, 0x7e, 0xcd,
  0x2f, 0x19, 0x23, 0x05, 0xc2, 0x0e, 0x26, 0x01, 0x20, 0x4e, 0x0b, 0x78,
  0xb1, 0xc2, 0x1a, 0x26, 0xd1, 0x2a, 0x5d, 0xf4, 0x7e, 0xcd, 0x2f, 0x19,
  0x23, 0xdf, 0xc2, 0x24, 0x26, 0x06, 0x09, 0xaf, 0xcd, 0x2f, 0x19, 0x05,
  0xc2, 0x2f, 0x26, 0x01, 0x40, 0x1f, 0x0b, 0x78, 0xb1, 0xc2, 0x3a, 0x26,
  0xcd, 0x15, 0x19, 0x3a, 0xba, 0xf9, 0xa7, 0xc2, 0x4b, 0x5b, 0xc3, 0x2c,
  0x06, 0xcd, 0x63, 0x22, 0x7a, 0xfe, 0xfd, 0xca, 0x5d, 0x26, 0xfe, 0xf9,
  0xca, 0x80, 0x26, 0xff, 0x82, 0xcd, 0xd2, 0x26, 0xcd, 0x89, 0x29, 0xcd,
  0xc0, 0x29, 0x2a, 0xc2, 0xf9, 0xeb, 0x2a, 0xc0, 0xf9, 0x0e, 0x00, 0x7e,
  0xcd, 0x2f, 0x19, 0x23, 0x1b, 0x7a, 0xb3, 0xc2, 0x6f, 0x26, 0xcd, 0xad,
  0x29, 0xc3, 0x43, 0x26, 0xcd, 0xd2, 0x26, 0xcd, 0x3a, 0x23, 0xcd, 0x72,
  0x22, 0xc4, 0xc2, 0x21, 0xcd, 0xd3, 0x22, 0xe5, 0x2a, 0xe3, 0xfa, 0xe5,
  0x2a, 0xc2, 0xf9, 0x7c, 0xb5, 0xca, 0xe4, 0x3f, 0xe5, 0x01, 0x06, 0x00,
  0x09, 0x44, 0x4d, 0x2a, 0xe5, 0xfa, 0x22, 0xcb, 0xfa, 0xd4, 0x0a, 0x6c,
  0xda, 0xe4, 0x3f, 0xeb, 0x21, 0xc0, 0xf9, 0xcd, 0xfb, 0x28, 0x2a, 0xc0,
  0xf9, 0xc1, 0xcd, 0x78, 0x6c, 0xe1, 0x22, 0xe3, 0xfa, 0xe1, 0x3e, 0xa0,
  0xeb, 0x2a, 0xcb, 0xfa, 0xeb, 0xcd, 0x35, 0x24, 0xcd, 0x3a, 0x23, 0xc3,
  0x2c, 0x06, 0xcd, 0xfe, 0x26, 0xd5, 0xcd, 0xfe, 0x26, 0x7a, 0xb3, 0xca,
  0x87, 0x0b, 0xd5, 0x2b, 0xd7, 0x11, 0x00, 0x00, 0xc4, 0xfe, 0x26, 0x2b,
  0xd7, 0xc2, 0x68, 0x05, 0xeb, 0x22, 0xc4, 0xf9, 0xd1, 0xe1, 0x22, 0xc0,
  0xf9, 0x19, 0xda, 0x87, 0x0b, 0xeb, 0x22, 0xc2, 0xf9, 0xc9, 0xcf, 0x2c,
  0xc3, 0xf3, 0x15, 0xfe, 0x91, 0xca, 0x4d, 0x28, 0xcd, 0x62, 0x29, 0xf6,
  0xff, 0xf5, 0xf1, 0xf5, 0xc2, 0x18, 0x27, 0x2b, 0xd7, 0xc2, 0x87, 0x0b,
  0x2b, 0xd7, 0x3e, 0x00, 0x37, 0x3f, 0xca, 0x2d, 0x27, 0xcf, 0x2c, 0xcf,
  0x52, 0xc2, 0x68, 0x05, 0xf1, 0x37, 0xf5, 0x3e, 0x80, 0xf5, 0x32, 0x8c,
  0xfb, 0xc1, 0xf1, 0xf5, 0xc5, 0xca, 0x5f, 0x27, 0xcd, 0xa8, 0x16, 0xcd,
  0x3a, 0x23, 0x2a, 0x71, 0xf8, 0x22, 0x5d, 0xf4, 0x21, 0x70, 0xf8, 0x22,
  0x79, 0xf9, 0x2a, 0xe5, 0xfa, 0x22, 0xe7, 0xfa, 0x22, 0xe9, 0xfa, 0xcd,
  0x18, 0x65, 0xcd, 0x14, 0x28, 0x21, 0xe4, 0x27, 0x22, 0xfe, 0xf3, 0xcd,
  0x38, 0x2a, 0xca, 0x73, 0x27, 0xfe, 0x9c, 0xca, 0x1c, 0x28, 0xcd, 0x90,
  0x2a, 0xcd, 0x61, 0x4d, 0xc3, 0x5f, 0x27, 0xcd, 0xc8, 0x29, 0xc2, 0x5f,
  0x27, 0xcd, 0xd5, 0x29, 0xc2, 0x6a, 0x27, 0xc1, 0xf1, 0xf5, 0xc5, 0xca,
  0x6a, 0x27, 0xf1, 0xf1, 0x9f, 0x32, 0x72, 0xfb, 0xcd, 0x96, 0x2a, 0xf3,
  0x2a, 0xe1, 0xfa, 0xeb, 0x2a, 0x5d, 0xf4, 0x06, 0x0a, 0xcd, 0x1b, 0x19,
  0x77, 0x4f, 0x23, 0xdf, 0xd2, 0xf0, 0x27, 0x79, 0xa7, 0xc2, 0x97, 0x27,
  0x05, 0xc2, 0x99, 0x27, 0xcd, 0x14, 0x07, 0x23, 0xeb, 0x2a, 0xe1, 0xfa,
  0xeb, 0xcd, 0x0b, 0x28, 0xaf, 0x6f, 0x67, 0x22, 0xfe, 0xf3, 0xcd, 0x15,
  0x19, 0xcd, 0x61, 0x4d, 0xcd, 0xf5, 0x3f, 0x3a, 0x72, 0xfb, 0xa7, 0xc2,
  0x1d, 0x0a, 0xc3, 0x2d, 0x06, 0x0e, 0x00, 0xcd, 0x1b, 0x19, 0x77, 0x23,
  0x1b, 0x7a, 0xb3, 0xc2, 0xd3, 0x27, 0xcd, 0x1b, 0x19, 0x79, 0xa7, 0xc9,
  0xcd, 0xff, 0x27, 0x21, 0x00, 0x00, 0x22, 0xfe, 0xf3, 0xc3, 0xf9, 0x18,
  0xcd, 0xff, 0x27, 0x21, 0x00, 0x00, 0x22, 0xfe, 0xf3, 0xcd, 0x15, 0x19,
  0xc3, 0xe4, 0x3f, 0x2a, 0xe1, 0xfa, 0xeb, 0x2a, 0x5d, 0xf4, 0xaf, 0x77,
  0x23, 0x77, 0x23, 0x7b, 0x95, 0x4f, 0x7a, 0x9c, 0x47, 0xcd, 0x3c, 0x6c,
  0x2a, 0xe1, 0xfa, 0x09, 0x22, 0xe1, 0xfa, 0xc9, 0xcd, 0x96, 0x2a, 0xcd,
  0x61, 0x4d, 0xc1, 0xf1, 0xf5, 0xc5, 0xc4, 0xff, 0x27, 0x21, 0x00, 0x00,
  0x22, 0xfe, 0xf3, 0x2a, 0x63, 0xfb, 0x7e, 0x23, 0x66, 0x6f, 0x22, 0x6c,
  0xfb, 0x36, 0x01, 0x23, 0x23, 0x23, 0x23, 0x36, 0xfd, 0x23, 0x23, 0xaf,
  0x77, 0x23, 0x77, 0x32, 0x7b, 0xf9, 0xc3, 0x4b, 0x4f, 0xe5, 0xcd, 0xa8,
  0x16, 0x23, 0xe3, 0xcd, 0x63, 0x29, 0xe5, 0xcd, 0x0c, 0x2a, 0xf3, 0xe1,
  0xd1, 0xe5, 0x2a, 0x5d, 0xf4, 0xcd, 0x1b, 0x19, 0xbe, 0xc2, 0x72, 0x28,
  0x23, 0xdf, 0xda, 0x61, 0x28, 0xcd, 0x15, 0x19, 0xe1, 0xc9, 0x21, 0x7b,
  0x28, 0xcd, 0x3f, 0x56, 0xc3, 0x6d, 0x28, 0x42, 0x61, 0x64, 0x0d, 0x0a,
  0x00, 0xfe, 0x91, 0xca, 0x2e, 0x29, 0xcd, 0x63, 0x22, 0x7a, 0xfe, 0xfd,
  0xca, 0x96, 0x28, 0xfe, 0xf9, 0xca, 0xbb, 0x28, 0xff, 0x84, 0x2b, 0xd7,
  0xc2, 0x68, 0x05, 0xe5, 0xcd, 0x12, 0x2a, 0xcd, 0xdf, 0x28, 0xda, 0xe4,
  0x3f, 0xcd, 0x84, 0x2a, 0x2a, 0xc2, 0xf9, 0xeb, 0x2a, 0xc0, 0xf9, 0xcd,
  0xd1, 0x27, 0xc2, 0xf9, 0x18, 0xcd, 0x15, 0x19, 0xc3, 0xdd, 0x28, 0xe5,
  0xcd, 0x3a, 0x23, 0xcd, 0x72, 0x22, 0xca, 0xed, 0x51, 0xeb, 0xcd, 0xf8,
  0x28, 0xe5, 0xcd, 0xdf, 0x28, 0xda, 0xe4, 0x3f, 0x2a, 0xc2, 0xf9, 0x44,
  0x4d, 0x2a, 0xc0, 0xf9, 0xeb, 0xe1, 0xcd, 0x78, 0x6c, 0xe1, 0xc9, 0x2a,
  0x84, 0xf3, 0xeb, 0x2a, 0xc0, 0xf9, 0xdf, 0xd8, 0xeb, 0x2a, 0xc2, 0xf9,
  0x19, 0xeb, 0x21, 0x80, 0xf3, 0xff, 0x44, 0xdf, 0x2a, 0xc0, 0xf9, 0xc9,
  0x11, 0xc0, 0xf9, 0x06, 0x06, 0x7e, 0x12, 0x23, 0x13, 0x05, 0xc2, 0xfd,
  0x28, 0xc9, 0xcd, 0xf8, 0x28, 0xe5, 0xcd, 0xdf, 0x28, 0xda, 0x28, 0x29,
  0xeb, 0x2a, 0xc2, 0xf9, 0x44, 0x4d, 0xe1, 0xcd, 0x78, 0x6c, 0x2a, 0xc4,
  0xf9, 0x7c, 0xb5, 0x22, 0x0d, 0xf4, 0xc4, 0x0c, 0xf4, 0xc3, 0x45, 0x56,
  0xcd, 0x58, 0x42, 0xc3, 0x45, 0x56, 0xd7, 0xcd, 0x63, 0x22, 0xcd, 0x7f,
  0x29, 0xe5, 0xcd, 0x12, 0x2a, 0xcd, 0x84, 0x2a, 0x2a, 0xc2, 0xf9, 0xeb,
  0x2a, 0xc0, 0xf9, 0xcd, 0x4e, 0x29, 0xc2, 0x72, 0x28, 0xcd, 0x15, 0x19,
  0xe1, 0xc9, 0x0e, 0x00, 0xcd, 0x1b, 0x19, 0xbe, 0xc0, 0x23, 0x1b, 0x7a,
  0xb3, 0xc2, 0x50, 0x29, 0xcd, 0x1b, 0x19, 0x79, 0xa7, 0xc9, 0x2b, 0xd7,
  0xc2, 0x77, 0x29, 0x06, 0x06, 0x11, 0x78, 0xfb, 0x3e, 0x20, 0x12, 0x13,
  0x05, 0xc2, 0x6e, 0x29, 0xc3, 0x7d, 0x29, 0xcd, 0xbd, 0x4d, 0xc2, 0x7f,
  0x29, 0x16, 0xfd, 0x7a, 0xfe, 0xfd, 0xc2, 0x87, 0x0b, 0xc9, 0x3e, 0x9c,
  0x01, 0x3e, 0xd0, 0xf5, 0xcd, 0x01, 0x19, 0xf1, 0xcd, 0x2f, 0x19, 0x0e,
  0x00, 0x21, 0x78, 0xfb, 0x11, 0x02, 0x06, 0x7e, 0xcd, 0x2f, 0x19, 0x23,
  0x15, 0xc2, 0x9b, 0x29, 0x21, 0xc0, 0xf9, 0x16, 0x0a, 0x1d, 0xc2, 0x9b,
  0x29, 0x79, 0x2f, 0x3c, 0xcd, 0x2f, 0x19, 0x06, 0x14, 0xaf, 0xcd, 0x2f,
  0x19, 0x05, 0xc2, 0xb5, 0x29, 0xc3, 0x15, 0x19, 0xcd, 0x01, 0x19, 0x3e,
  0x8d, 0xc3, 0x2f, 0x19, 0x06, 0x09, 0xcd, 0x1b, 0x19, 0xfe, 0xd3, 0xc0,
  0x05, 0xc2, 0xca, 0x29, 0xc9, 0x06, 0x06, 0x21, 0x81, 0xfb, 0xcd, 0x1b,
  0x19, 0x77, 0x23, 0x05, 0xc2, 0xda, 0x29, 0x21, 0x78, 0xfb, 0x06, 0x06,
  0x3e, 0x20, 0xbe, 0xc2, 0xf4, 0x29, 0x23, 0x05, 0xc2, 0xea, 0x29, 0xc9,
  0x21, 0x78, 0xfb, 0x11, 0x81, 0xfb, 0x06, 0x06, 0x1a, 0xa7, 0xc2, 0x03,
  0x2a, 0x3e, 0x20, 0xbe, 0xc0, 0x13, 0x23, 0x05, 0xc2, 0xfc, 0x29, 0xc9,
  0x06, 0xd3, 0x11, 0x06, 0x9c, 0x11, 0x06, 0xd0, 0xc5, 0xcd, 0x38, 0x2a,
  0xc2, 0x29, 0x2a, 0xcd, 0xc8, 0x29, 0xc2, 0x15, 0x2a, 0xcd, 0xd5, 0x29,
  0xc2, 0x2f, 0x2a, 0x3e, 0xd3, 0xc1, 0xb8, 0xca, 0x96, 0x2a, 0xc5, 0xcd,
  0x90, 0x2a, 0xcd, 0x61, 0x4d, 0xc3, 0x15, 0x2a, 0xcd, 0xef, 0x18, 0xcd,
  0x1b, 0x19, 0xfe, 0xd3, 0xc8, 0xfe, 0x9c, 0xca, 0x4b, 0x2a, 0xfe, 0xd0,
  0xc2, 0x38, 0x2a, 0xf5, 0x21, 0x81, 0xfb, 0x11, 0x02, 0x06, 0x0e, 0x00,
  0xcd, 0x1b, 0x19, 0x77, 0x23, 0x15, 0xc2, 0x54, 0x2a, 0x21, 0xc0, 0xf9,
  0x16, 0x0a, 0x1d, 0xc2, 0x54, 0x2a, 0xcd, 0x1b, 0x19, 0x79, 0xa7, 0xc2,
  0x80, 0x2a, 0xcd, 0x15, 0x19, 0xcd, 0xe3, 0x29, 0xc2, 0x7a, 0x2a, 0xf1,
  0xa7, 0xc9, 0xcd, 0x90, 0x2a, 0xcd, 0x61, 0x4d, 0xf1, 0xc3, 0x38, 0x2a,
  0xcd, 0xef, 0x18, 0xcd, 0x1b, 0x19, 0xfe, 0x8d, 0xc2, 0xf9, 0x18, 0xc9,
  0x11, 0xc6, 0x2a, 0xc3, 0x99, 0x2a, 0x11, 0xbf, 0x2a, 0x2a, 0x5b, 0xf4,
  0x23, 0x7c, 0xb5, 0xc0, 0xeb, 0xcd, 0x3f, 0x56, 0xaf, 0x32, 0x87, 0xfb,
  0x21, 0x81, 0xfb, 0xcd, 0x72, 0x2b, 0x3e, 0x0d, 0x21, 0xe6, 0xf3, 0x96,
  0xd8, 0xc8, 0x47, 0x3e, 0x20, 0xe7, 0x05, 0xc2, 0xb9, 0x2a, 0xc9, 0x46,
  0x6f, 0x75, 0x6e, 0x64, 0x3a, 0x00, 0x53, 0x6b, 0x69, 0x70, 0x20, 0x3a,
  0x00, 0xcd, 0xd7, 0x2c, 0x7e, 0x23, 0x4e, 0x23, 0x46, 0xd1, 0xc5, 0xf5,
  0xcd, 0xde, 0x2c, 0xf1, 0x57, 0x5e, 0x23, 0x4e, 0x23, 0x46, 0xe1, 0x7b,
  0xb2, 0xc8, 0x7a, 0xd6, 0x01, 0xd8, 0xaf, 0xbb, 0x3c, 0xd0, 0x15, 0x1d,
  0x0a, 0x03, 0xbe, 0x23, 0xca, 0xe3, 0x2a, 0x3f, 0xc3, 0x7e, 0x31, 0xcd,
  0xa7, 0x38, 0xcd, 0x2c, 0x2b, 0xcd, 0xda, 0x2c, 0x01, 0x2a, 0x2d, 0xc5,
  0x7e, 0x23, 0xe5, 0xcd, 0x89, 0x2b, 0xe1, 0x4e, 0x23, 0x46, 0xcd, 0x21,
  0x2b, 0xe5, 0x6f, 0xcd, 0xcd, 0x2c, 0xd1, 0xc9, 0x3e, 0x01, 0xcd, 0x89,
  0x2b, 0x21, 0xbc, 0xfa, 0xe5, 0x77, 0x23, 0x73, 0x23, 0x72, 0xe1, 0xc9,
  0x2b, 0x06, 0x22, 0x50, 0xe5, 0x0e, 0xff, 0x23, 0x7e, 0x0c, 0xb7, 0xca,
  0x42, 0x2b, 0xba, 0xca, 0x42, 0x2b, 0xb8, 0xc2, 0x33, 0x2b, 0xfe, 0x22,
  0xcc, 0x77, 0x0a, 0xe3, 0x23, 0xeb, 0x79, 0xcd, 0x21, 0x2b, 0x11, 0xbc,
  0xfa, 0x3e, 0xd5, 0x2a, 0x9c, 0xfa, 0x22, 0x28, 0xfb, 0x3e, 0x03, 0x32,
  0x8b, 0xfa, 0xcd, 0xf3, 0x31, 0x11, 0xbf, 0xfa, 0xdf, 0x22, 0x9c, 0xfa,
  0xe1, 0x7e, 0xc0, 0x11, 0x10, 0x00, 0xc3, 0x85, 0x05, 0x23, 0xcd, 0x2c,
  0x2b, 0xcd, 0xda, 0x2c, 0xcd, 0xe3, 0x31, 0x14, 0x15, 0xc8, 0x0a, 0xe7,
  0xfe, 0x0d, 0xcc, 0x7a, 0x4d, 0x03, 0xc3, 0x7c, 0x2b, 0xb7, 0x0e, 0xf1,
  0xf5, 0x2a, 0x59, 0xf4, 0xeb, 0x2a, 0xbf, 0xfa, 0x2f, 0x4f, 0x06, 0xff,
  0x09, 0x23, 0xdf, 0xda, 0xa5, 0x2b, 0x22, 0xbf, 0xfa, 0x23, 0xeb, 0xf1,
  0xc9, 0xf1, 0x11, 0x0e, 0x00, 0xca, 0x85, 0x05, 0xbf, 0xf5, 0x01, 0x8b,
  0x2b, 0xc5, 0x2a, 0x9a, 0xfa, 0x22, 0xbf, 0xfa, 0x21, 0x00, 0x00, 0xe5,
  0x2a, 0xe9, 0xfa, 0xe5, 0x21, 0x9e, 0xfa, 0xeb, 0x2a, 0x9c, 0xfa, 0xeb,
  0xdf, 0x01, 0xc3, 0x2b, 0xc2, 0x48, 0x2c, 0x21, 0x0c, 0xfb, 0x22, 0x15,
  0xfb, 0x2a, 0xe7, 0xfa, 0x22, 0x12, 0xfb, 0x2a, 0xe5, 0xfa, 0xeb, 0x2a,
  0x12, 0xfb, 0xeb, 0xdf, 0xca, 0xfb, 0x2b, 0x7e, 0x23, 0x23, 0x23, 0xfe,
  0x03, 0xc2, 0xf4, 0x2b, 0xcd, 0x49, 0x2c, 0xaf, 0x5f, 0x16, 0x00, 0x19,
  0xc3, 0xde, 0x2b, 0x2a, 0x15, 0xfb, 0x5e, 0x23, 0x56, 0x7a, 0xb3, 0x2a,
  0xe7, 0xfa, 0xca, 0x1d, 0x2c, 0xeb, 0x22, 0x15, 0xfb, 0x23, 0x23, 0x5e,
  0x23, 0x56, 0x23, 0xeb, 0x19, 0x22, 0x12, 0xfb, 0xeb, 0xc3, 0xde, 0x2b,
  0xc1, 0xeb, 0x2a, 0xe9, 0xfa, 0xeb, 0xdf, 0xca, 0x69, 0x2c, 0x7e, 0x23,
  0xcd, 0xe1, 0x31, 0xe5, 0x09, 0xfe, 0x03, 0xc2, 0x1c, 0x2c, 0x22, 0xc3,
  0xfa, 0xe1, 0x4e, 0x06, 0x00, 0x09, 0x09, 0x23, 0xeb, 0x2a, 0xc3, 0xfa,
  0xeb, 0xdf, 0xca, 0x1d, 0x2c, 0x01, 0x3c, 0x2c, 0xc5, 0xaf, 0xb6, 0x23,
  0x5e, 0x23, 0x56, 0x23, 0xc8, 0x44, 0x4d, 0x2a, 0xbf, 0xfa, 0xdf, 0x60,
  0x69, 0xd8, 0xe1, 0xe3, 0xdf, 0xe3, 0xe5, 0x60, 0x69, 0xd0, 0xc1, 0xf1,
  0xf1, 0xe5, 0xd5, 0xc5, 0xc9, 0xd1, 0xe1, 0x7c, 0xb5, 0xc8, 0x2b, 0x46,
  0x2b, 0x4e, 0xe5, 0x2b, 0x6e, 0x26, 0x00, 0x09, 0x50, 0x59, 0x2b, 0x44,
  0x4d, 0x2a, 0xbf, 0xfa, 0xcd, 0xc0, 0x3f, 0xe1, 0x71, 0x23, 0x70, 0x60,
  0x69, 0x2b, 0xc3, 0xb5, 0x2b, 0xc5, 0xe5, 0x2a, 0x28, 0xfb, 0xe3, 0xcd,
  0x1a, 0x12, 0xe3, 0xcd, 0x15, 0x33, 0x7e, 0xe5, 0x2a, 0x28, 0xfb, 0xe5,
  0x86, 0x11, 0x0f, 0x00, 0xda, 0x85, 0x05, 0xcd, 0x1e, 0x2b, 0xd1, 0xcd,
  0xde, 0x2c, 0xe3, 0xcd, 0xdd, 0x2c, 0xe5, 0x2a, 0xbd, 0xfa, 0xeb, 0xcd,
  0xc5, 0x2c, 0xcd, 0xc5, 0x2c, 0x21, 0x9d, 0x10, 0xe3, 0xe5, 0xc3, 0x4e,
  0x2b, 0xe1, 0xe3, 0x7e, 0x23, 0x4e, 0x23, 0x46, 0x6f, 0x2c, 0x2d, 0xc8,
  0x0a, 0x12, 0x03, 0x13, 0xc3, 0xce, 0x2c, 0xcd, 0x15, 0x33, 0x2a, 0x28,
  0xfb, 0xeb, 0xcd, 0xf6, 0x2c, 0xeb, 0xc0, 0xd5, 0x50, 0x59, 0x1b, 0x4e,
  0x2a, 0xbf, 0xfa, 0xdf, 0xc2, 0xf4, 0x2c, 0x47, 0x09, 0x22, 0xbf, 0xfa,
  0xe1, 0xc9, 0x2a, 0x9c, 0xfa, 0x2b, 0x46, 0x2b, 0x4e, 0x2b, 0xdf, 0xc0,
  0x22, 0x9c, 0xfa, 0xc9, 0x01, 0xa0, 0x13, 0xc5, 0xcd, 0xd7, 0x2c, 0xaf,
  0x57, 0x7e, 0xb7, 0xc9, 0x01, 0xa0, 0x13, 0xc5, 0xcd, 0x08, 0x2d, 0xca,
  0x87, 0x0b, 0x23, 0x5e, 0x23, 0x56, 0x1a, 0xc9, 0xcd, 0x1c, 0x2b, 0xcd,
  0xe6, 0x13, 0x2a, 0xbd, 0xfa, 0x73, 0xc1, 0xc3, 0x4e, 0x2b, 0xd7, 0xcf,
  0x28, 0xcd, 0xe3, 0x13, 0xd5, 0xcf, 0x2c, 0xcd, 0x91, 0x10, 0xcf, 0x29,
  0xe3, 0xe5, 0xef, 0xca, 0x48, 0x2d, 0xcd, 0xe6, 0x13, 0xc3, 0x4b, 0x2d,
  0xcd, 0x14, 0x2d, 0xd1, 0xcd, 0x54, 0x2d, 0xcd, 0xe6, 0x13, 0x3e, 0x20,
  0xf5, 0x7b, 0xcd, 0x1e, 0x2b, 0x47, 0xf1, 0x04, 0x05, 0xca, 0x2a, 0x2d,
  0x2a, 0xbd, 0xfa, 0x77, 0x23, 0x05, 0xc2, 0x63, 0x2d, 0xc3, 0x2a, 0x2d,
  0xcd, 0xfb, 0x2d, 0xaf, 0xe3, 0x4f, 0x3e, 0xe5, 0xe5, 0x7e, 0xb8, 0xda,
  0x7c, 0x2d, 0x78, 0x11, 0x0e, 0x00, 0xc5, 0xcd, 0x89, 0x2b, 0xc1, 0xe1,
  0xe5, 0x23, 0x46, 0x23, 0x66, 0x68, 0x06, 0x00, 0x09, 0x44, 0x4d, 0xcd,
  0x21, 0x2b, 0x6f, 0xcd, 0xcd, 0x2c, 0xd1, 0xcd, 0xde, 0x2c, 0xc3, 0x4e,
  0x2b, 0xcd, 0xfb, 0x2d, 0xd1, 0xd5, 0x1a, 0x90, 0xc3, 0x70, 0x2d, 0xeb,
  0x7e, 0xcd, 0xfe, 0x2d, 0x04, 0x05, 0xca, 0x87, 0x0b, 0xc5, 0x1e, 0xff,
  0xfe, 0x29, 0xca, 0xbe, 0x2d, 0xcf, 0x2c, 0xcd, 0xe3, 0x13, 0xcf, 0x29,
  0xf1, 0xe3, 0x01, 0x74, 0x2d, 0xc5, 0x3d, 0xbe, 0x06, 0x00, 0xd0, 0x4f,
  0x7e, 0x91, 0xbb, 0x47, 0xd8, 0x43, 0xc9, 0xcd, 0x08, 0x2d, 0xca, 0xa0,
  0x13, 0x5f, 0x23, 0x7e, 0x23, 0x66, 0x6f, 0xe5, 0x19, 0x46, 0x22, 0x5f,
  0xf4, 0x78, 0x32, 0x19, 0xfb, 0x72, 0xe3, 0xc5, 0x2b, 0xd7, 0xcd, 0x1f,
  0x37, 0x21, 0x00, 0x00, 0x22, 0x5f, 0xf4, 0xc1, 0xe1, 0x70, 0xc9, 0xeb,
  0xcf, 0x29, 0xc1, 0xd1, 0xc5, 0x43, 0xc9, 0xd7, 0xcd, 0x8f, 0x10, 0xef,
  0x3e, 0x01, 0xf5, 0xca, 0x1f, 0x2e, 0xf1, 0xcd, 0xe6, 0x13, 0xb7, 0xca,
  0x87, 0x0b, 0xf5, 0xcf, 0x2c, 0xcd, 0x91, 0x10, 0xcd, 0x15, 0x33, 0xcf,
  0x2c, 0xe5, 0x2a, 0x28, 0xfb, 0xe3, 0xcd, 0x91, 0x10, 0xcf, 0x29, 0xe5,
  0xcd, 0xd7, 0x2c, 0xeb, 0xc1, 0xe1, 0xf1, 0xc5, 0x01, 0x93, 0x30, 0xc5,
  0x01, 0xa0, 0x13, 0xc5, 0xf5, 0xd5, 0xcd, 0xdd, 0x2c, 0xd1, 0xf1, 0x47,
  0x3d, 0x4f, 0xbe, 0x3e, 0x00, 0xd0, 0x1a, 0xb7, 0x78, 0xc8, 0x7e, 0x23,
  0x46, 0x23, 0x66, 0x68, 0x06, 0x00, 0x09, 0x91, 0x47, 0xc5, 0xd5, 0xe3,
  0x4e, 0x23, 0x5e, 0x23, 0x56, 0xe1, 0xe5, 0xd5, 0xc5, 0x1a, 0xbe, 0xc2,
  0x83, 0x2e, 0x13, 0x0d, 0xca, 0x7a, 0x2e, 0x23, 0x05, 0xc2, 0x65, 0x2e,
  0xd1, 0xd1, 0xc1, 0xd1, 0xaf, 0xc9, 0xe1, 0xd1, 0xd1, 0xc1, 0x78, 0x94,
  0x81, 0x3c, 0xc9, 0xc1, 0xd1, 0xe1, 0x23, 0x05, 0xc2, 0x62, 0x2e, 0xc3,
  0x77, 0x2e, 0x2a, 0xe9, 0xfa, 0xeb, 0x21, 0x00, 0x00, 0x39, 0xef, 0xc2,
  0x8e, 0x13, 0xcd, 0xda, 0x2c, 0xcd, 0xb2, 0x2b, 0xeb, 0x2a, 0x59, 0xf4,
  0xeb, 0x2a, 0xbf, 0xfa, 0xc3, 0x8e, 0x13, 0xcd, 0x1e, 0x32, 0x21, 0xe2,
  0x3c, 0xcd, 0x18, 0x32, 0xcd, 0xf8, 0x34, 0xc9, 0x21, 0xe6, 0x3c, 0xcd,
  0xe1, 0x31, 0xc3, 0xc7, 0x2e, 0xcd, 0xe1, 0x31, 0xcd, 0xa0, 0x31, 0x78,
  0xb7, 0xc8, 0x3a, 0x2b, 0xfb, 0xb7, 0xca, 0xd3, 0x31, 0x90, 0xd2, 0xe1,
  0x2e, 0x2f, 0x3c, 0xeb, 0xcd, 0xc3, 0x31, 0xeb, 0xcd, 0xd3, 0x31, 0xc1,
  0xd1, 0xfe, 0x19, 0xd0, 0xf5, 0xcd, 0x00, 0x32, 0x67, 0xf1, 0xcd, 0xa1,
  0x2f, 0x7c, 0xb7, 0x21, 0x28, 0xfb, 0xf2, 0x08, 0x2f, 0xcd, 0x81, 0x2f,
  0xd2, 0x62, 0x2f, 0x23, 0x34, 0xca, 0x7d, 0x05, 0x2e, 0x01, 0xcd, 0xc8,
  0x2f, 0xc3, 0x62, 0x2f, 0xaf, 0x90, 0x47, 0x7e, 0x9b, 0x5f, 0x23, 0x7e,
  0x9a, 0x57, 0x23, 0x7e, 0x99, 0x4f, 0xdc, 0x8d, 0x2f, 0x68, 0x63, 0xaf,
  0x47, 0x79, 0xb7, 0xc2, 0x4d, 0x2f, 0x4a, 0x54, 0x65, 0x6f, 0x78, 0xd6,
  0x08, 0xfe, 0xe0, 0xc2, 0x1c, 0x2f, 0xaf, 0x32, 0x2b, 0xfb, 0xc9, 0x7c,
  0xb5, 0xb2, 0xc2, 0x45, 0x2f, 0x79, 0x05, 0x17, 0xd2, 0x3a, 0x2f, 0x04,
  0x1f, 0x4f, 0xc3, 0x50, 0x2f, 0x05, 0x29, 0x7a, 0x17, 0x57, 0x79, 0x8f,
  0x4f, 0xf2, 0x33, 0x2f, 0x78, 0x5c, 0x45, 0xb7, 0xca, 0x62, 0x2f, 0x21,
  0x2b, 0xfb, 0x86, 0x77, 0xd2, 0x2e, 0x2f, 0xca, 0x2e, 0x2f, 0x78, 0x21,
  0x2b, 0xfb, 0xb7, 0xfc, 0x74, 0x2f, 0x46, 0x23, 0x7e, 0xe6, 0x80, 0xa9,
  0x4f, 0xc3, 0xd3, 0x31, 0x1c, 0xc0, 0x14, 0xc0, 0x0c, 0xc0, 0x0e, 0x80,
  0x34, 0xc0, 0xc3, 0x7d, 0x05, 0x7e, 0x83, 0x5f, 0x23, 0x7e, 0x8a, 0x57,
  0x23, 0x7e, 0x89, 0x4f, 0xc9, 0x21, 0x2c, 0xfb, 0x7e, 0x2f, 0x77, 0xaf,
  0x6f, 0x90, 0x47, 0x7d, 0x9b, 0x5f, 0x7d, 0x9a, 0x57, 0x7d, 0x99, 0x4f,
  0xc9, 0x06, 0x00, 0xd6, 0x08, 0xda, 0xb0, 0x2f, 0x43, 0x5a, 0x51, 0x0e,
  0x00, 0xc3, 0xa3, 0x2f, 0xc6, 0x09, 0x6f, 0x7a, 0xb3, 0xb0, 0xc2, 0xc4,
  0x2f, 0x79, 0x2d, 0xc8, 0x1f, 0x4f, 0xd2, 0xba, 0x2f, 0xc3, 0xca, 0x2f,
  0xaf, 0x2d, 0xc8, 0x79, 0x1f, 0x4f, 0x7a, 0x1f, 0x57, 0x7b, 0x1f, 0x5f,
  0x78, 0x1f, 0x47, 0xc3, 0xc4, 0x2f, 0x00, 0x00, 0x00, 0x81, 0x04, 0x9a,
  0xf7, 0x19, 0x83, 0x24, 0x63, 0x43, 0x83, 0x75, 0xcd, 0x8d, 0x84, 0xa9,
  0x7f, 0x83, 0x82, 0x04, 0x00, 0x00, 0x00, 0x81, 0xe2, 0xb0, 0x4d, 0x83,
  0x0a, 0x72, 0x11, 0x83, 0xf4, 0x04, 0x35, 0x7f, 0xf7, 0xb7, 0xea, 0x87,
  0x0b, 0xcd, 0x0d, 0x30, 0x01, 0x31, 0x80, 0x11, 0x18, 0x72, 0xc3, 0x40,
  0x30, 0xcd, 0xde, 0x31, 0x3e, 0x80, 0x32, 0x2b, 0xfb, 0xa8, 0xf5, 0xcd,
  0xc3, 0x31, 0x21, 0xda, 0x2f, 0xcd, 0x29, 0x3e, 0xc1, 0xe1, 0xcd, 0xc3,
  0x31, 0xeb, 0xcd, 0xd3, 0x31, 0x21, 0xeb, 0x2f, 0xcd, 0x29, 0x3e, 0xc1,
  0xd1, 0xcd, 0xa5, 0x30, 0xf1, 0xcd, 0xc3, 0x31, 0xcd, 0x82, 0x31, 0xc1,
  0xd1, 0xc3, 0xc7, 0x2e, 0xf7, 0xc8, 0x2e, 0x00, 0xcd, 0x33, 0x31, 0x79,
  0x32, 0x5e, 0xfb, 0xeb, 0x22, 0x5f, 0xfb, 0x01, 0x00, 0x00, 0x50, 0x58,
  0x21, 0x19, 0x2f, 0xe5, 0x21, 0x60, 0x30, 0xe5, 0xe5, 0x21, 0x28, 0xfb,
  0x7e, 0x23, 0xb7, 0xca, 0x95, 0x30, 0xe5, 0x2e, 0x08, 0x1f, 0x67, 0x79,
  0xd2, 0x7a, 0x30, 0xe5, 0x2a, 0x5f, 0xfb, 0x19, 0xeb, 0xe1, 0x3a, 0x5e,
  0xfb, 0x89, 0x1f, 0x4f, 0x7a, 0x1f, 0x57, 0x7b, 0x1f, 0x5f, 0x78, 0x1f,
  0x47, 0xe6, 0x10, 0xca, 0x8e, 0x30, 0x78, 0xf6, 0x20, 0x47, 0x2d, 0x7c,
  0xc2, 0x69, 0x30, 0xe1, 0xc9, 0x43, 0x5a, 0x51, 0x4f, 0xc9, 0xcd, 0xc3,
  0x31, 0x21, 0x81, 0x36, 0xcd, 0xd0, 0x31, 0xc1, 0xd1, 0xf7, 0xca, 0x71,
  0x05, 0x2e, 0xff, 0xcd, 0x33, 0x31, 0x34, 0xca, 0x7d, 0x05, 0x34, 0xca,
  0x7d, 0x05, 0x2b, 0x7e, 0x32, 0x1f, 0xf4, 0x2b, 0x7e, 0x32, 0x1b, 0xf4,
  0x2b, 0x7e, 0x32, 0x17, 0xf4, 0x41, 0xeb, 0xaf, 0x4f, 0x57, 0x5f, 0x32,
  0x22, 0xf4, 0xe5, 0xc5, 0x7d, 0xcd, 0x16, 0xf4, 0xde, 0x00, 0x3f, 0xd2,
  0xe1, 0x30, 0x32, 0x22, 0xf4, 0xf1, 0xf1, 0x37, 0xd2, 0xc1, 0xe1, 0x79,
  0x3c, 0x3d, 0x1f, 0xf2, 0xff, 0x30, 0x17, 0x3a, 0x22, 0xf4, 0x1f, 0xe6,
  0xc0, 0xf5, 0x78, 0xb4, 0xb5, 0xca, 0xfa, 0x30, 0x3e, 0x20, 0xe1, 0xb4,
  0xc3, 0x63, 0x2f, 0x17, 0x7b, 0x17, 0x5f, 0x7a, 0x17, 0x57, 0x79, 0x17,
  0x4f, 0x29, 0x78, 0x17, 0x47, 0x3a, 0x22, 0xf4, 0x17, 0x32, 0x22, 0xf4,
  0x79, 0xb2, 0xb3, 0xc2, 0xce, 0x30, 0xe5, 0x21, 0x2b, 0xfb, 0x35, 0xe1,
  0xc2, 0xce, 0x30, 0xc3, 0x2e, 0x2f, 0x3e, 0xff, 0x2e, 0xaf, 0x21, 0x34,
  0xfb, 0x4e, 0x23, 0xae, 0x47, 0x2e, 0x00, 0x78, 0xb7, 0xca, 0x55, 0x31,
  0x7d, 0x21, 0x2b, 0xfb, 0xae, 0x80, 0x47, 0x1f, 0xa8, 0x78, 0xf2, 0x54,
  0x31, 0xc6, 0x80, 0x77, 0xca, 0x93, 0x30, 0xcd, 0x00, 0x32, 0x77, 0x2b,
  0xc9, 0xf7, 0x2f, 0xe1, 0xb7, 0xe1, 0xf2, 0x2e, 0x2f, 0xc3, 0x7d, 0x05,
  0xcd, 0xde, 0x31, 0x78, 0xb7, 0xc8, 0xc6, 0x02, 0xda, 0x7d, 0x05, 0x47,
  0xcd, 0xc7, 0x2e, 0x21, 0x2b, 0xfb, 0x34, 0xc0, 0xc3, 0x7d, 0x05, 0x3a,
  0x2b, 0xfb, 0xb7, 0xc8, 0x3a, 0x2a, 0xfb, 0xfe, 0x2f, 0x17, 0x9f, 0xc0,
  0x3c, 0xc9, 0x06, 0x88, 0x11, 0x00, 0x00, 0x21, 0x2b, 0xfb, 0x4f, 0x70,
  0x06, 0x00, 0x23, 0x36, 0x80, 0x17, 0xc3, 0x16, 0x2f, 0xcd, 0xb2, 0x31,
  0xf0, 0xef, 0xfa, 0xca, 0x34, 0xca, 0x83, 0x05, 0x21, 0x2a, 0xfb, 0x7e,
  0xee, 0x80, 0x77, 0xc9, 0xcd, 0xb2, 0x31, 0x6f, 0x17, 0x9f, 0x67, 0xc3,
  0xba, 0x32, 0xef, 0xca, 0x83, 0x05, 0xf2, 0x73, 0x31, 0x2a, 0x28, 0xfb,
  0x7c, 0xb5, 0xc8, 0x7c, 0xc3, 0x7d, 0x31, 0xeb, 0x2a, 0x28, 0xfb, 0xe3,
  0xe5, 0x2a, 0x2a, 0xfb, 0xe3, 0xe5, 0xeb, 0xc9, 0xcd, 0xe1, 0x31, 0xeb,
  0x22, 0x28, 0xfb, 0x60, 0x69, 0x22, 0x2a, 0xfb, 0xeb, 0xc9, 0x21, 0x28,
  0xfb, 0x5e, 0x23, 0x56, 0x23, 0x4e, 0x23, 0x46, 0x23, 0xc9, 0x11, 0x28,
  0xfb, 0x06, 0x04, 0xc3, 0xf7, 0x31, 0xeb, 0x3a, 0x8b, 0xfa, 0x47, 0x1a,
  0x77, 0x13, 0x23, 0x05, 0xc2, 0xf7, 0x31, 0xc9, 0x21, 0x2a, 0xfb, 0x7e,
  0x07, 0x37, 0x1f, 0x77, 0x3f, 0x1f, 0x23, 0x23, 0x77, 0x79, 0x07, 0x37,
  0x1f, 0x4f, 0x1f, 0xae, 0xc9, 0x21, 0x2e, 0xfb, 0x11, 0xf2, 0x31, 0xc3,
  0x24, 0x32, 0x21, 0x2e, 0xfb, 0x11, 0xf3, 0x31, 0xd5, 0x11, 0x28, 0xfb,
  0xef, 0xd8, 0x11, 0x24, 0xfb, 0xc9, 0x78, 0xb7, 0xca, 0x73, 0x31, 0x21,
  0x7c, 0x31, 0xe5, 0xf7, 0x79, 0xc8, 0x21, 0x2a, 0xfb, 0xae, 0x79, 0xf8,
  0xcd, 0x46, 0x32, 0x1f, 0xa9, 0xc9, 0x23, 0x78, 0xbe, 0xc0, 0x2b, 0x79,
  0xbe, 0xc0, 0x2b, 0x7a, 0xbe, 0xc0, 0x2b, 0x7b, 0x96, 0xc0, 0xe1, 0xe1,
  0xc9, 0x7a, 0xac, 0x7c, 0xfa, 0x7d, 0x31, 0xba, 0xc2, 0x66, 0x32, 0x7d,
  0x93, 0xc8, 0xc3, 0x7e, 0x31, 0x21, 0x2e, 0xfb, 0xcd, 0xf3, 0x31, 0x11,
  0x35, 0xfb, 0x1a, 0xb7, 0xca, 0x73, 0x31, 0x21, 0x7c, 0x31, 0xe5, 0xf7,
  0x1b, 0x1a, 0x4f, 0xc8, 0x21, 0x2a, 0xfb, 0xae, 0x79, 0xf8, 0x13, 0x23,
  0x06, 0x08, 0x1a, 0x96, 0xc2, 0x43, 0x32, 0x1b, 0x2b, 0x05, 0xc2, 0x8a,
  0x32, 0xc1, 0xc9, 0xcd, 0x6f, 0x32, 0xc2, 0x7c, 0x31, 0xc9, 0xef, 0x2a,
  0x28, 0xfb, 0xf8, 0xca, 0x83, 0x05, 0xd4, 0xda, 0x32, 0x21, 0x7d, 0x05,
  0xe5, 0x3a, 0x2b, 0xfb, 0xfe, 0x90, 0xd2, 0xc3, 0x32, 0xcd, 0x1a, 0x33,
  0xeb, 0xd1, 0x22, 0x28, 0xfb, 0x3e, 0x02, 0x32, 0x8b, 0xfa, 0xc9, 0x01,
  0x80, 0x90, 0x11, 0x00, 0x00, 0xcd, 0x2e, 0x32, 0xc0, 0x61, 0x6a, 0xc3,
  0xb9, 0x32, 0xef, 0xe0, 0xfa, 0xed, 0x32, 0xca, 0x83, 0x05, 0xcd, 0xde,
  0x31, 0xcd, 0x10, 0x33, 0x78, 0xb7, 0xc8, 0xcd, 0x00, 0x32, 0x21, 0x27,
  0xfb, 0x46, 0xc3, 0x62, 0x2f, 0x2a, 0x28, 0xfb, 0xcd, 0x10, 0x33, 0x7c,
  0x55, 0x1e, 0x00, 0x06, 0x90, 0xc3, 0x87, 0x31, 0xef, 0xd0, 0xca, 0x83,
  0x05, 0xfc, 0xed, 0x32, 0x21, 0x00, 0x00, 0x22, 0x24, 0xfb, 0x22, 0x26,
  0xfb, 0x3e, 0x08, 0x01, 0x3e, 0x04, 0xc3, 0xbf, 0x32, 0xef, 0xc8, 0xc3,
  0x83, 0x05, 0x47, 0x4f, 0x57, 0x5f, 0xb7, 0xc8, 0xe5, 0xcd, 0xde, 0x31,
  0xcd, 0x00, 0x32, 0xae, 0x67, 0xfc, 0x3e, 0x33, 0x3e, 0x98, 0x90, 0xcd,
  0xa1, 0x2f, 0x7c, 0x17, 0xdc, 0x74, 0x2f, 0x06, 0x00, 0xdc, 0x8d, 0x2f,
  0xe1, 0xc9, 0x1b, 0x7a, 0xa3, 0x3c, 0xc0, 0x0b, 0xc9, 0xef, 0xf8, 0xf7,
  0xf2, 0x54, 0x33, 0xcd, 0xa0, 0x31, 0xcd, 0x54, 0x33, 0xc3, 0x99, 0x31,
  0xef, 0xf8, 0xd2, 0x78, 0x33, 0xca, 0x83, 0x05, 0xcd, 0xad, 0x32, 0x21,
  0x2b, 0xfb, 0x7e, 0xfe, 0x98, 0x3a, 0x28, 0xfb, 0xd0, 0x7e, 0xcd, 0x1a,
  0x33, 0x36, 0x98, 0x7b, 0xf5, 0x79, 0x17, 0xcd, 0x16, 0x2f, 0xf1, 0xc9,
  0x21, 0x2b, 0xfb, 0x7e, 0xfe, 0x90, 0xc2, 0x9c, 0x33, 0x4f, 0x2b, 0x7e,
  0xee, 0x80, 0x06, 0x06, 0x2b, 0xb6, 0x05, 0xc2, 0x88, 0x33, 0xb7, 0x21,
  0x00, 0x80, 0xc2, 0x9b, 0x33, 0xcd, 0xba, 0x32, 0xc3, 0xfc, 0x32, 0x79,
  0xb7, 0xc8, 0xfe, 0xb8, 0xd0, 0xf5, 0xcd, 0xde, 0x31, 0xcd, 0x00, 0x32,
  0xae, 0x2b, 0x36, 0xb8, 0xf5, 0x2b, 0x71, 0xfc, 0xcc, 0x33, 0x3a, 0x2a,
  0xfb, 0x4f, 0x21, 0x2a, 0xfb, 0x3e, 0xb8, 0x90, 0xcd, 0xfa, 0x35, 0xf1,
  0xfc, 0xad, 0x35, 0xaf, 0x32, 0x23, 0xfb, 0xf1, 0xd0, 0xc3, 0x61, 0x35,
  0x21, 0x24, 0xfb, 0x7e, 0x35, 0xb7, 0x23, 0xca, 0xcf, 0x33, 0xc9, 0xe5,
  0x21, 0x00, 0x00, 0x78, 0xb1, 0xca, 0xf4, 0x33, 0x3e, 0x10, 0x29, 0xda,
  0x05, 0x4b, 0xeb, 0x29, 0xeb, 0xd2, 0xf0, 0x33, 0x09, 0xda, 0x05, 0x4b,
  0x3d, 0xc2, 0xe2, 0x33, 0xeb, 0xe1, 0xc9, 0x7c, 0x17, 0x9f, 0x47, 0xcd,
  0xc0, 0x34, 0x79, 0x98, 0xc3, 0x06, 0x34, 0x7c, 0x17, 0x9f, 0x47, 0xe5,
  0x7a, 0x17, 0x9f, 0x19, 0x88, 0x0f, 0xac, 0xf2, 0xb9, 0x32, 0xc5, 0xeb,
  0xcd, 0xf0, 0x32, 0xf1, 0xe1, 0xcd, 0xc3, 0x31, 0xeb, 0xcd, 0xda, 0x34,
  0xc3, 0x77, 0x38, 0x7c, 0xb5, 0xca, 0xba, 0x32, 0xe5, 0xd5, 0xcd, 0xb4,
  0x34, 0xc5, 0x44, 0x4d, 0x21, 0x00, 0x00, 0x3e, 0x10, 0x29, 0xda, 0x5b,
  0x34, 0xeb, 0x29, 0xeb, 0xd2, 0x43, 0x34, 0x09, 0xda, 0x5b, 0x34, 0x3d,
  0xc2, 0x35, 0x34, 0xc1, 0xd1, 0x7c, 0xb7, 0xfa, 0x53, 0x34, 0xd1, 0x78,
  0xc3, 0xbc, 0x34, 0xee, 0x80, 0xb5, 0xca, 0x6c, 0x34, 0xeb, 0x01, 0xc1,
  0xe1, 0xcd, 0xf0, 0x32, 0xe1, 0xcd, 0xc3, 0x31, 0xcd, 0xf0, 0x32, 0xc1,
  0xd1, 0xc3, 0x40, 0x30, 0x78, 0xb7, 0xc1, 0xfa, 0xba, 0x32, 0xd5, 0xcd,
  0xf0, 0x32, 0xd1, 0xc3, 0xa0, 0x31, 0x7c, 0xb5, 0xca, 0x71, 0x05, 0xcd,
  0xb4, 0x34, 0xc5, 0xeb, 0xcd, 0xc0, 0x34, 0x44, 0x4d, 0x21, 0x00, 0x00,
  0x3e, 0x11, 0xf5, 0xb7, 0xc3, 0x9d, 0x34, 0xf5, 0xe5, 0x09, 0xd2, 0x9c,
  0x34, 0xf1, 0x37, 0x3e, 0xe1, 0x7b, 0x17, 0x5f, 0x7a, 0x17, 0x57, 0x7d,
  0x17, 0x6f, 0x7c, 0x17, 0x67, 0xf1, 0x3d, 0xc2, 0x93, 0x34, 0xeb, 0xc1,
  0xd5, 0xc3, 0x49, 0x34, 0x7c, 0xaa, 0x47, 0xcd, 0xbb, 0x34, 0xeb, 0x7c,
  0xb7, 0xf2, 0xba, 0x32, 0xaf, 0x4f, 0x95, 0x6f, 0x79, 0x9c, 0x67, 0xc3,
  0xba, 0x32, 0x2a, 0x28, 0xfb, 0xcd, 0xc0, 0x34, 0x7c, 0xee, 0x80, 0xb5,
  0xc0, 0xeb, 0xcd, 0x10, 0x33, 0xaf, 0x06, 0x98, 0xc3, 0x87, 0x31, 0xd5,
  0xcd, 0x7a, 0x34, 0xaf, 0x82, 0x1f, 0x67, 0x7b, 0x1f, 0x6f, 0xcd, 0xbd,
  0x32, 0xf1, 0xc3, 0xbc, 0x34, 0x21, 0x34, 0xfb, 0x7e, 0xee, 0x80, 0x77,
  0x21, 0x35, 0xfb, 0x7e, 0xb7, 0xc8, 0x47, 0x2b, 0x4e, 0x11, 0x2b, 0xfb,
  0x1a, 0xb7, 0xca, 0x15, 0x32, 0x90, 0xd2, 0x24, 0x35, 0x2f, 0x3c, 0xf5,
  0x0e, 0x08, 0x23, 0xe5, 0x1a, 0x46, 0x77, 0x78, 0x12, 0x1b, 0x2b, 0x0d,
  0xc2, 0x14, 0x35, 0xe1, 0x46, 0x2b, 0x4e, 0xf1, 0xfe, 0x39, 0xd0, 0xf5,
  0xcd, 0x00, 0x32, 0x21, 0x2d, 0xfb, 0x47, 0x3e, 0x00, 0x77, 0x32, 0x23,
  0xfb, 0xf1, 0x21, 0x34, 0xfb, 0xcd, 0xfa, 0x35, 0x78, 0xb7, 0xf2, 0x58,
  0x35, 0x3a, 0x2d, 0xfb, 0x32, 0x23, 0xfb, 0xcd, 0xc1, 0x35, 0xd2, 0x9b,
  0x35, 0xeb, 0x34, 0xca, 0x7d, 0x05, 0xcd, 0x26, 0x36, 0xc3, 0x9b, 0x35,
  0xcd, 0xd4, 0x35, 0x21, 0x2c, 0xfb, 0xdc, 0xe7, 0x35, 0xaf, 0x47, 0x3a,
  0x2a, 0xfb, 0xb7, 0xc2, 0x8a, 0x35, 0x21, 0x23, 0xfb, 0x0e, 0x08, 0x56,
  0x77, 0x7a, 0x23, 0x0d, 0xc2, 0x6f, 0x35, 0x78, 0xd6, 0x08, 0xfe, 0xc0,
  0xc2, 0x62, 0x35, 0xc3, 0x2e, 0x2f, 0x05, 0x21, 0x23, 0xfb, 0xcd, 0x2e,
  0x36, 0xb7, 0xf2, 0x82, 0x35, 0x78, 0xb7, 0xca, 0x9b, 0x35, 0x21, 0x2b,
  0xfb, 0x86, 0x77, 0xd2, 0x2e, 0x2f, 0xc8, 0x3a, 0x23, 0xfb, 0xb7, 0xfc,
  0xad, 0x35, 0x21, 0x2c, 0xfb, 0x7e, 0xe6, 0x80, 0x2b, 0x2b, 0xae, 0x77,
  0xc9, 0x21, 0x24, 0xfb, 0x06, 0x07, 0x34, 0xc0, 0x23, 0x05, 0xc2, 0xb2,
  0x35, 0x34, 0xca, 0x7d, 0x05, 0x2b, 0x36, 0x80, 0xc9, 0x21, 0x2e, 0xfb,
  0x11, 0x24, 0xfb, 0x0e, 0x07, 0xaf, 0x1a, 0x8e, 0x12, 0x13, 0x23, 0x0d,
  0xc2, 0xca, 0x35, 0xc9, 0x21, 0x2e, 0xfb, 0x11, 0x24, 0xfb, 0x0e, 0x07,
  0xaf, 0x1a, 0x9e, 0x12, 0x13, 0x23, 0x0d, 0xc2, 0xdd, 0x35, 0xc9, 0x7e,
  0x2f, 0x77, 0x21, 0x23, 0xfb, 0x06, 0x08, 0xaf, 0x4f, 0x79, 0x9e, 0x77,
  0x23, 0x05, 0xc2, 0xf1, 0x35, 0xc9, 0x71, 0xe5, 0xd6, 0x08, 0xda, 0x11,
  0x36, 0xe1, 0xe5, 0x11, 0x00, 0x08, 0x4e, 0x73, 0x59, 0x2b, 0x15, 0xc2,
  0x06, 0x36, 0xc3, 0xfc, 0x35, 0xc6, 0x09, 0x57, 0xaf, 0xe1, 0x15, 0xc8,
  0xe5, 0x1e, 0x08, 0x7e, 0x1f, 0x77, 0x2b, 0x1d, 0xc2, 0x1b, 0x36, 0xc3,
  0x14, 0x36, 0x21, 0x2a, 0xfb, 0x16, 0x01, 0xc3, 0x18, 0x36, 0x0e, 0x08,
  0x7e, 0x17, 0x77, 0x23, 0x0d, 0xc2, 0x30, 0x36, 0xc9, 0xf7, 0xc8, 0x3a,
  0x35, 0xfb, 0xb7, 0xca, 0x2e, 0x2f, 0xcd, 0x29, 0x31, 0xcd, 0xf2, 0x36,
  0x71, 0x13, 0x06, 0x07, 0x1a, 0x13, 0xb7, 0xd5, 0xca, 0x6c, 0x36, 0x0e,
  0x08, 0xc5, 0x1f, 0x47, 0xdc, 0xc1, 0x35, 0xcd, 0x26, 0x36, 0x78, 0xc1,
  0x0d, 0xc2, 0x55, 0x36, 0xd1, 0x05, 0xc2, 0x4c, 0x36, 0xc3, 0x61, 0x35,
  0x21, 0x2a, 0xfb, 0xcd, 0x02, 0x36, 0xc3, 0x64, 0x36, 0xcd, 0xcc, 0xcc,
  0xcc, 0xcc, 0xcc, 0x4c, 0x7d, 0x00, 0x00, 0x00, 0x00, 0x00, 0x00, 0x20,
  0x84, 0x11, 0x75, 0x36, 0x21, 0x2e, 0xfb, 0xcd, 0xf3, 0x31, 0xc3, 0x39,
  0x36, 0x3a, 0x35, 0xfb, 0xb7, 0xca, 0x71, 0x05, 0x3a, 0x2b, 0xfb, 0xb7,
  0xca, 0x2e, 0x2f, 0xcd, 0x26, 0x31, 0x34, 0x34, 0xca, 0x7d, 0x05, 0xcd,
  0xf2, 0x36, 0x21, 0x58, 0xfb, 0x71, 0x41, 0x11, 0x51, 0xfb, 0x21, 0x2e,
  0xfb, 0xcd, 0xda, 0x35, 0x1a, 0x99, 0x3f, 0xda, 0xc9, 0x36, 0x11, 0x51,
  0xfb, 0x21, 0x2e, 0xfb, 0xcd, 0xc7, 0x35, 0xaf, 0xda, 0x12, 0x04, 0x3a,
  0x2a, 0xfb, 0x3c, 0x3d, 0x1f, 0xfa, 0x9e, 0x35, 0x17, 0x21, 0x24, 0xfb,
  0x0e, 0x07, 0xcd, 0x30, 0x36, 0x21, 0x51, 0xfb, 0xcd, 0x2e, 0x36, 0x78,
  0xb7, 0xc2, 0xaf, 0x36, 0x21, 0x2b, 0xfb, 0x35, 0xc2, 0xaf, 0x36, 0xc3,
  0x2e, 0x2f, 0x79, 0x32, 0x34, 0xfb, 0x2b, 0x11, 0x57, 0xfb, 0x01, 0x00,
  0x07, 0x7e, 0x12, 0x71, 0x1b, 0x2b, 0x05, 0xc2, 0xfd, 0x36, 0xc9, 0xcd,
  0x1e, 0x32, 0xeb, 0x2b, 0x7e, 0xb7, 0xc8, 0xc6, 0x02, 0xda, 0x7d, 0x05,
  0x77, 0xe5, 0xcd, 0xf8, 0x34, 0xe1, 0x34, 0xc0, 0xc3, 0x7d, 0x05, 0xcd,
  0x2e, 0x2f, 0xcd, 0x0d, 0x33, 0xf6, 0xaf, 0xeb, 0x01, 0xff, 0x00, 0x60,
  0x68, 0xcc, 0xba, 0x32, 0xeb, 0x7e, 0xfe, 0x2d, 0xf5, 0xca, 0x3e, 0x37,
  0xfe, 0x2b, 0xca, 0x3e, 0x37, 0x2b, 0xd7, 0xda, 0x0d, 0x38, 0xfe, 0x2e,
  0xca, 0xc1, 0x37, 0xfe, 0x65, 0xca, 0x4e, 0x37, 0xfe, 0x45, 0xc2, 0x76,
  0x37, 0xe5, 0xd7, 0xfe, 0x6c, 0xca, 0x64, 0x37, 0xfe, 0x4c, 0xca, 0x64,
  0x37, 0xfe, 0x71, 0xca, 0x64, 0x37, 0xfe, 0x51, 0xe1, 0xca, 0x75, 0x37,
  0x3a, 0x8b, 0xfa, 0xfe, 0x08, 0xca, 0x8f, 0x37, 0x3e, 0x00, 0xc3, 0x8f,
  0x37, 0x7e, 0xfe, 0x25, 0xca, 0xcc, 0x37, 0xfe, 0x23, 0xca, 0xd7, 0x37,
  0xfe, 0x21, 0xca, 0xd8, 0x37, 0xfe, 0x64, 0xca, 0x8f, 0x37, 0xfe, 0x44,
  0xc2, 0xa2, 0x37, 0xb7, 0xcd, 0xdf, 0x37, 0xd7, 0xcd, 0x06, 0x13, 0xd7,
  0xda, 0x7c, 0x38, 0x14, 0xc2, 0xa2, 0x37, 0xaf, 0x93, 0x5f, 0xe5, 0x7b,
  0x90, 0x5f, 0xf4, 0xee, 0x37, 0xfc, 0xfc, 0x37, 0xc2, 0xa6, 0x37, 0xe1,
  0xf1, 0xe5, 0xcc, 0x99, 0x31, 0xe1, 0xef, 0xe8, 0xe5, 0x21, 0x93, 0x30,
  0xe5, 0xcd, 0xc3, 0x32, 0xc9, 0xef, 0x0c, 0xc2, 0xa2, 0x37, 0xdc, 0xdf,
  0x37, 0xc3, 0x3e, 0x37, 0xd7, 0xf1, 0xe5, 0x21, 0x93, 0x30, 0xe5, 0xf5,
  0xc3, 0xa2, 0x37, 0xb7, 0xcd, 0xdf, 0x37, 0xd7, 0xc3, 0xa2, 0x37, 0xe5,
  0xd5, 0xc5, 0xf5, 0xcc, 0xd2, 0x32, 0xf1, 0xc4, 0xfc, 0x32, 0xc1, 0xd1,
  0xe1, 0xc9, 0xc8, 0xf5, 0xef, 0xf5, 0xe4, 0x5c, 0x31, 0xf1, 0xec, 0x07,
  0x37, 0xf1, 0x3d, 0xc9, 0xd5, 0xe5, 0xf5, 0xef, 0xf5, 0xe4, 0x9a, 0x30,
  0xf1, 0xec, 0x85, 0x36, 0xf1, 0xe1, 0xd1, 0x3c, 0xc9, 0xd5, 0x78, 0x89,
  0x47, 0xc5, 0xe5, 0x7e, 0xd6, 0x30, 0xf5, 0xef, 0xf2, 0x42, 0x38, 0x2a,
  0x28, 0xfb, 0x11, 0xcd, 0x0c, 0xdf, 0xd2, 0x3e, 0x38, 0x54, 0x5d, 0x29,
  0x29, 0x19, 0x29, 0xf1, 0x4f, 0x09, 0x7c, 0xb7, 0xfa, 0x3c, 0x38, 0x22,
  0x28, 0xfb, 0xe1, 0xc1, 0xd1, 0xc3, 0x3e, 0x37, 0x79, 0xf5, 0xcd, 0xed,
  0x32, 0x37, 0xd2, 0x5e, 0x38, 0x01, 0x74, 0x94, 0x11, 0x00, 0x24, 0xcd,
  0x2e, 0x32, 0xf2, 0x5b, 0x38, 0xcd, 0x5c, 0x31, 0xf1, 0xcd, 0x71, 0x38,
  0xc3, 0x36, 0x38, 0xcd, 0x04, 0x33, 0xcd, 0x07, 0x37, 0xcd, 0x1e, 0x32,
  0xf1, 0xcd, 0x82, 0x31, 0xcd, 0x04, 0x33, 0xcd, 0xf8, 0x34, 0xc3, 0x36,
  0x38, 0xcd, 0xc3, 0x31, 0xcd, 0x82, 0x31, 0xc1, 0xd1, 0xc3, 0xc7, 0x2e,
  0x7b, 0xfe, 0x0a, 0xd2, 0x8b, 0x38, 0x07, 0x07, 0x83, 0x07, 0x86, 0xd6,
  0x30, 0x5f, 0xfa, 0x1e, 0x7f, 0xc3, 0x97, 0x37, 0xe5, 0x21, 0x13, 0x05,
  0xcd, 0x72, 0x2b, 0xe1, 0x01, 0x71, 0x2b, 0xc5, 0xcd, 0xba, 0x32, 0xaf,
  0xcd, 0x2e, 0x39, 0xb6, 0xc3, 0xc4, 0x38, 0xaf, 0xcd, 0x2e, 0x39, 0xe6,
  0x08, 0xca, 0xb2, 0x38, 0x36, 0x2b, 0xeb, 0xcd, 0xb2, 0x31, 0xeb, 0xf2,
  0xc4, 0x38, 0x36, 0x2d, 0xc5, 0xe5, 0xcd, 0x99, 0x31, 0xe1, 0xc1, 0xb4,
  0x23, 0x36, 0x30, 0x3a, 0xc1, 0xfa, 0x57, 0x17, 0x3a, 0x8b, 0xfa, 0xda,
  0x98, 0x39, 0xca, 0x90, 0x39, 0xfe, 0x04, 0xd2, 0x37, 0x39, 0x01, 0x00,
  0x00, 0xcd, 0x93, 0x3c, 0x21, 0x37, 0xfb, 0x46, 0x0e, 0x20, 0x3a, 0xc1,
  0xfa, 0x5f, 0xe6, 0x20, 0xca, 0xfd, 0x38, 0x78, 0xb9, 0x0e, 0x2a, 0xc2,
  0xfd, 0x38, 0x7b, 0xe6, 0x04, 0xc2, 0xfd, 0x38, 0x41, 0x71, 0xd7, 0xca,
  0x1b, 0x39, 0xfe, 0x45, 0xca, 0x1b, 0x39, 0xfe, 0x44, 0xca, 0x1b, 0x39,
  0xfe, 0x30, 0xca, 0xfd, 0x38, 0xfe, 0x2c, 0xca, 0xfd, 0x38, 0xfe, 0x2e,
  0xc2, 0x1e, 0x39, 0x2b, 0x36, 0x30, 0x7b, 0xe6, 0x10, 0xca, 0x27, 0x39,
  0x2b, 0x36, 0x5c, 0x7b, 0xe6, 0x04, 0xc0, 0x2b, 0x70, 0xc9, 0x32, 0xc1,
  0xfa, 0x21, 0x37, 0xfb, 0x36, 0x20, 0xc9, 0xfe, 0x05, 0xe5, 0xde, 0x00,
  0x17, 0x57, 0x14, 0xcd, 0x5f, 0x3b, 0x01, 0x00, 0x03, 0x82, 0xfa, 0x52,
  0x39, 0x14, 0xba, 0xd2, 0x52, 0x39, 0x3c, 0x47, 0x3e, 0x02, 0xd6, 0x02,
  0xe1, 0xf5, 0xcd, 0xf8, 0x3b, 0x36, 0x30, 0xcc, 0xe8, 0x31, 0xcd, 0x0c,
  0x3c, 0x2b, 0x7e, 0xfe, 0x30, 0xca, 0x61, 0x39, 0xfe, 0x2e, 0xc4, 0xe8,
  0x31, 0xf1, 0xca, 0x91, 0x39, 0xf5, 0xef, 0x3e, 0x22, 0x8f, 0x77, 0x23,
  0xf1, 0x36, 0x2b, 0xf2, 0x82, 0x39, 0x36, 0x2d, 0x2f, 0x3c, 0x06, 0x2f,
  0x04, 0xd6, 0x0a, 0xd2, 0x84, 0x39, 0xc6, 0x3a, 0x23, 0x70, 0x23, 0x77,
  0x23, 0x36, 0x00, 0xeb, 0x21, 0x37, 0xfb, 0xc9, 0x23, 0xc5, 0xfe, 0x04,
  0x7a, 0xd2, 0x0e, 0x3a, 0x1f, 0xda, 0xa9, 0x3a, 0x01, 0x03, 0x06, 0xcd,
  0xf0, 0x3b, 0xd1, 0x7a, 0xd6, 0x05, 0xf4, 0xcc, 0x3b, 0xcd, 0x93, 0x3c,
  0x7b, 0xb7, 0xcc, 0x4f, 0x31, 0x3d, 0xf4, 0xcc, 0x3b, 0xe5, 0xcd, 0xe0,
  0x38, 0xe1, 0xca, 0xc7, 0x39, 0x70, 0x23, 0x36, 0x00, 0x21, 0x36, 0xfb,
  0x23, 0x3a, 0xdb, 0xfa, 0x95, 0x92, 0xc8, 0x7e, 0xfe, 0x20, 0xca, 0xcc,
  0x39, 0xfe, 0x2a, 0xca, 0xcc, 0x39, 0x2b, 0xe5, 0xf5, 0x01, 0xe0, 0x39,
  0xc5, 0xd7, 0xfe, 0x2d, 0xc8, 0xfe, 0x2b, 0xc8, 0xfe, 0x5c, 0xc8, 0xc1,
  0xfe, 0x30, 0xc2, 0x06, 0x3a, 0x23, 0xd7, 0xd2, 0x06, 0x3a, 0x2b, 0x01,
  0x2b, 0x77, 0xf1, 0xca, 0xfc, 0x39, 0xc1, 0xc3, 0xcd, 0x39, 0xf1, 0xca,
  0x06, 0x3a, 0xe1, 0x36, 0x25, 0xc9, 0xe5, 0x1f, 0xda, 0xb0, 0x3a, 0xca,
  0x2a, 0x3a, 0x11, 0xea, 0x3c, 0xcd, 0x69, 0x32, 0x16, 0x10, 0xfa, 0x38,
  0x3a, 0xe1, 0xc1, 0xcd, 0xa7, 0x38, 0x2b, 0x36, 0x25, 0xc9, 0x01, 0x0e,
  0xb6, 0x11, 0xca, 0x1b, 0xcd, 0x2e, 0x32, 0xf2, 0x21, 0x3a, 0x16, 0x06,
  0xf7, 0xc4, 0x5f, 0x3b, 0xe1, 0xc1, 0xfa, 0x5b, 0x3a, 0xc5, 0x5f, 0x78,
  0x92, 0x93, 0xf4, 0xcc, 0x3b, 0xcd, 0xe3, 0x3b, 0xcd, 0x0c, 0x3c, 0xb3,
  0xc4, 0xdc, 0x3b, 0xb3, 0xc4, 0xf8, 0x3b, 0xd1, 0xc3, 0xb4, 0x39, 0x5f,
  0x79, 0xb7, 0xc4, 0xfa, 0x37, 0x83, 0xfa, 0x66, 0x3a, 0xaf, 0xc5, 0xf5,
  0xfc, 0xfc, 0x37, 0xfa, 0x68, 0x3a, 0xc1, 0x7b, 0x90, 0xc1, 0x5f, 0x82,
  0x78, 0xfa, 0x84, 0x3a, 0x92, 0x93, 0xf4, 0xcc, 0x3b, 0xc5, 0xcd, 0xe3,
  0x3b, 0xc3, 0x95, 0x3a, 0xcd, 0xcc, 0x3b, 0x79, 0xcd, 0xfc, 0x3b, 0x4f,
  0xaf, 0x92, 0x93, 0xcd, 0xcc, 0x3b, 0xc5, 0x47, 0x4f, 0xcd, 0x0c, 0x3c,
  0xc1, 0xb1, 0xc2, 0xa0, 0x3a, 0x2a, 0xdb, 0xfa, 0x83, 0x3d, 0xf4, 0xcc,
  0x3b, 0x50, 0xc3, 0xbd, 0x39, 0xe5, 0xd5, 0xcd, 0xed, 0x32, 0xd1, 0xaf,
  0xca, 0xb6, 0x3a, 0x1e, 0x10, 0x01, 0x1e, 0x06, 0xf7, 0x37, 0xc4, 0x5f,
  0x3b, 0xe1, 0xc1, 0xf5, 0x79, 0xb7, 0xf5, 0xc4, 0xfa, 0x37, 0x80, 0x4f,
  0xaf, 0xb0, 0xca, 0xd3, 0x3a, 0x7a, 0xe6, 0x04, 0xfe, 0x01, 0x9f, 0x57,
  0x81, 0x4f, 0x93, 0xf5, 0xc5, 0xd5, 0xe5, 0xf5, 0xfc, 0xfc, 0x37, 0xfa,
  0xdc, 0x3a, 0xaf, 0x32, 0x1a, 0xfb, 0x21, 0x1b, 0xfb, 0xcd, 0x21, 0x32,
  0xef, 0xea, 0xf8, 0x3a, 0xcd, 0xb8, 0x2e, 0x3e, 0xfa, 0xc3, 0xfd, 0x3a,
  0xcd, 0xab, 0x2e, 0x3e, 0xf0, 0xd1, 0x92, 0xfc, 0xfc, 0x37, 0xfa, 0xff,
  0x3a, 0x3a, 0x2b, 0xfb, 0xd6, 0x81, 0xf5, 0x21, 0x1b, 0xfb, 0xcd, 0x18,
  0x32, 0xf1, 0xfa, 0x1d, 0x3b, 0x3e, 0x01, 0x32, 0x1a, 0xfb, 0xcd, 0xfc,
  0x37, 0xe1, 0xd1, 0xc1, 0xf1, 0xc5, 0xf5, 0xfa, 0x27, 0x3b, 0xaf, 0x2f,
  0x3c, 0x80, 0x3c, 0x82, 0x47, 0x0e, 0x00, 0xcd, 0x0c, 0x3c, 0xf1, 0xf4,
  0xd5, 0x3b, 0xcd, 0xf8, 0x3b, 0xc1, 0xf1, 0xc2, 0x4a, 0x3b, 0xcd, 0x4f,
  0x31, 0x7e, 0xfe, 0x2e, 0xc4, 0xe8, 0x31, 0x22, 0xdb, 0xfa, 0xf1, 0xda,
  0x51, 0x3b, 0x83, 0x90, 0x92, 0xc5, 0x47, 0x3a, 0x1a, 0xfb, 0x80, 0xcd,
  0x71, 0x39, 0xeb, 0xd1, 0xc3, 0xbd, 0x39, 0xd5, 0xaf, 0xf5, 0xef, 0xe2,
  0x81, 0x3b, 0x3a, 0x2b, 0xfb, 0xfe, 0x91, 0xd2, 0x81, 0x3b, 0x11, 0xca,
  0x3c, 0x21, 0x2e, 0xfb, 0xcd, 0xf3, 0x31, 0xcd, 0x39, 0x36, 0xf1, 0xd6,
  0x0a, 0xf5, 0xc3, 0x66, 0x3b, 0xcd, 0xb1, 0x3b, 0xef, 0xea, 0x94, 0x3b,
  0x01, 0x43, 0x91, 0x11, 0xf9, 0x4f, 0xcd, 0x2e, 0x32, 0xc3, 0x9a, 0x3b,
  0x11, 0xd2, 0x3c, 0xcd, 0x69, 0x32, 0xf2, 0xad, 0x3b, 0xf1, 0xcd, 0xef,
  0x37, 0xf5, 0xc3, 0x84, 0x3b, 0xf1, 0xcd, 0xfc, 0x37, 0xf5, 0xcd, 0xb1,
  0x3b, 0xf1, 0xb7, 0xd1, 0xc9, 0xef, 0xea, 0xc1, 0x3b, 0x01, 0x74, 0x94,
  0x11, 0xf8, 0x23, 0xcd, 0x2e, 0x32, 0xc3, 0xc7, 0x3b, 0x11, 0xda, 0x3c,
  0xcd, 0x69, 0x32, 0xe1, 0xf2, 0xa5, 0x3b, 0xe9, 0xb7, 0xc8, 0x3d, 0x36,
  0x30, 0x23, 0xc3, 0xcd, 0x3b, 0xc2, 0xdc, 0x3b, 0xc8, 0xcd, 0xf8, 0x3b,
  0x36, 0x30, 0x23, 0x3d, 0xc3, 0xd8, 0x3b, 0x7b, 0x82, 0x3c, 0x47, 0x3c,
  0xd6, 0x03, 0xd2, 0xe8, 0x3b, 0xc6, 0x05, 0x4f, 0x3a, 0xc1, 0xfa, 0xe6,
  0x40, 0xc0, 0x4f, 0xc9, 0x05, 0xc2, 0x04, 0x3c, 0x36, 0x2e, 0x22, 0xdb,
  0xfa, 0x23, 0x48, 0xc9, 0x0d, 0xc0, 0x36, 0x2c, 0x23, 0x0e, 0x03, 0xc9,
  0xd5, 0xc5, 0xe5, 0xef, 0xe2, 0x4c, 0x3c, 0xcd, 0xab, 0x2e, 0xaf, 0xcd,
  0xa1, 0x33, 0xe1, 0xc1, 0x11, 0xf2, 0x3c, 0x3e, 0x0a, 0xcd, 0xf8, 0x3b,
  0xc5, 0xf5, 0xe5, 0xd5, 0x06, 0x2f, 0x04, 0xe1, 0xe5, 0xcd, 0xd7, 0x35,
  0xd2, 0x2a, 0x3c, 0xe1, 0xcd, 0xc4, 0x35, 0xeb, 0xe1, 0x70, 0x23, 0xf1,
  0xc1, 0x3d, 0xc2, 0x21, 0x3c, 0xc5, 0xe5, 0x21, 0x24, 0xfb, 0xcd, 0xd0,
  0x31, 0xc3, 0x57, 0x3c, 0xcd, 0xb8, 0x2e, 0x3e, 0x01, 0xcd, 0x1a, 0x33,
  0xcd, 0xd3, 0x31, 0xe1, 0xc1, 0xaf, 0x11, 0x38, 0x3d, 0x3f, 0xcd, 0xf8,
  0x3b, 0xc5, 0xf5, 0xe5, 0xd5, 0xcd, 0xde, 0x31, 0xe1, 0x06, 0x2f, 0x04,
  0x7b, 0x96, 0x5f, 0x23, 0x7a, 0x9e, 0x57, 0x23, 0x79, 0x9e, 0x4f, 0x2b,
  0x2b, 0xd2, 0x6b, 0x3c, 0xcd, 0x81, 0x2f, 0x23, 0xcd, 0xd3, 0x31, 0xeb,
  0xe1, 0x70, 0x23, 0xf1, 0xc1, 0xda, 0x5d, 0x3c, 0x13, 0x13, 0x3e, 0x04,
  0xc3, 0x99, 0x3c, 0xd5, 0x11, 0x3e, 0x3d, 0x3e, 0x05, 0xcd, 0xf8, 0x3b,
  0xc5, 0xf5, 0xe5, 0xeb, 0x4e, 0x23, 0x46, 0xc5, 0x23, 0xe3, 0xeb, 0x2a,
  0x28, 0xfb, 0x06, 0x2f, 0x04, 0x7d, 0x93, 0x6f, 0x7c, 0x9a, 0x67, 0xd2,
  0xac, 0x3c, 0x19, 0x22, 0x28, 0xfb, 0xd1, 0xe1, 0x70, 0x23, 0xf1, 0xc1,
  0x3d, 0xc2, 0x99, 0x3c, 0xcd, 0xf8, 0x3b, 0x77, 0xd1, 0xc9, 0x00, 0x00,
  0x00, 0x00, 0xf9, 0x02, 0x15, 0xa2, 0xe1, 0xff, 0x9f, 0x31, 0xa9, 0x5f,
  0x63, 0xb2, 0xfe, 0xff, 0x03, 0xbf, 0xc9, 0x1b, 0x0e, 0xb6, 0x00, 0x00,
  0x00, 0x00, 0x00, 0x00, 0x00, 0x80, 0x00, 0x00, 0x04, 0xbf, 0xc9, 0x1b,
  0x0e, 0xb6, 0x00, 0x80, 0xc6, 0xa4, 0x7e, 0x8d, 0x03, 0x00, 0x40, 0x7a,
  0x10, 0xf3, 0x5a, 0x00, 0x00, 0xa0, 0x72, 0x4e, 0x18, 0x09, 0x00, 0x00,
  0x10, 0xa5, 0xd4, 0xe8, 0x00, 0x00, 0x00, 0xe8, 0x76, 0x48, 0x17, 0x00,
  0x00, 0x00, 0xe4, 0x0b, 0x54, 0x02, 0x00, 0x00, 0x00, 0xca, 0x9a, 0x3b,
  0x00, 0x00, 0x00, 0x00, 0xe1, 0xf5, 0x05, 0x00, 0x00, 0x00, 0x80, 0x96,
  0x98, 0x00, 0x00, 0x00, 0x00, 0x40, 0x42, 0x0f, 0x00, 0x00, 0x00, 0x00,
  0xa0, 0x86, 0x01, 0x10, 0x27, 0x00, 0x10, 0x27, 0xe8, 0x03, 0x64, 0x00,
  0x0a, 0x00, 0x01, 0x00, 0x21, 0xa0, 0x31, 0xe3, 0xe9, 0xcd, 0xc3, 0x31,
  0x21, 0xe6, 0x3c, 0xcd, 0xd0, 0x31, 0xc3, 0x5c, 0x3d, 0xcd, 0xd2, 0x32,
  0xc1, 0xd1, 0xf7, 0x78, 0xca, 0xad, 0x3d, 0xf2, 0x6a, 0x3d, 0xb7, 0xca,
  0x71, 0x05, 0xb7, 0xca, 0x2f, 0x2f, 0xd5, 0xc5, 0x79, 0xf6, 0x7f, 0xcd,
  0xde, 0x31, 0xf2, 0x95, 0x3d, 0xf5, 0x3a, 0x2b, 0xfb, 0xfe, 0x99, 0xda,
  0x86, 0x3d, 0xf1, 0xc3, 0x95, 0x3d, 0xf1, 0xd5, 0xc5, 0xcd, 0x5f, 0x33,
  0xc1, 0xd1, 0xf5, 0xcd, 0x2e, 0x32, 0xe1, 0x7c, 0x1f, 0xe1, 0x22, 0x2a,
  0xfb, 0xe1, 0x22, 0x28, 0xfb, 0xdc, 0x48, 0x3d, 0xcc, 0xa0, 0x31, 0xd5,
  0xc5, 0xcd, 0xfc, 0x2f, 0xc1, 0xd1, 0xcd, 0x40, 0x30, 0x01, 0x38, 0x81,
  0x11, 0x3b, 0xaa, 0xcd, 0x40, 0x30, 0x3a, 0x2b, 0xfb, 0xfe, 0x88, 0xd2,
  0xe2, 0x3d, 0xfe, 0x68, 0xda, 0xf4, 0x3d, 0xcd, 0xc3, 0x31, 0xcd, 0x5f,
  0x33, 0xc6, 0x81, 0xca, 0xe5, 0x3d, 0xc1, 0xd1, 0xf5, 0xcd, 0xc4, 0x2e,
  0x21, 0xfd, 0x3d, 0xcd, 0x29, 0x3e, 0xc1, 0x11, 0x00, 0x00, 0x4a, 0xc3,
  0x40, 0x30, 0xcd, 0xc3, 0x31, 0x3a, 0x2a, 0xfb, 0xb7, 0xf2, 0xf1, 0x3d,
  0xf1, 0xf1, 0xc3, 0x2e, 0x2f, 0xc3, 0x7d, 0x05, 0x01, 0x00, 0x81, 0x11,
  0x00, 0x00, 0xc3, 0xd3, 0x31, 0x07, 0x7c, 0x88, 0x59, 0x74, 0xe0, 0x97,
  0x26, 0x77, 0xc4, 0x1d, 0x1e, 0x7a, 0x5e, 0x50, 0x63, 0x7c, 0x1a, 0xfe,
  0x75, 0x7e, 0x18, 0x72, 0x31, 0x80, 0x00, 0x00, 0x00, 0x81, 0xcd, 0xc3,
  0x31, 0x11, 0x67, 0x34, 0xd5, 0xe5, 0xcd, 0xde, 0x31, 0xcd, 0x40, 0x30,
  0xe1, 0xcd, 0xc3, 0x31, 0x7e, 0x23, 0xcd, 0xd0, 0x31, 0x06, 0xf1, 0xc1,
  0xd1, 0x3d, 0xc8, 0xd5, 0xc5, 0xf5, 0xe5, 0xcd, 0x40, 0x30, 0xe1, 0xcd,
  0xe1, 0x31, 0xe5, 0xcd, 0xc7, 0x2e, 0xe1, 0xc3, 0x32, 0x3e, 0xf7, 0x21,
  0x26, 0xf4, 0xfa, 0xa9, 0x3e, 0x21, 0x47, 0xf4, 0xcd, 0xd0, 0x31, 0x21,
  0x26, 0xf4, 0xc8, 0x86, 0xe6, 0x07, 0x06, 0x00, 0x77, 0x23, 0x87, 0x87,
  0x4f, 0x09, 0xcd, 0xe1, 0x31, 0xcd, 0x40, 0x30, 0x3a, 0x25, 0xf4, 0x3c,
  0xe6, 0x03, 0x06, 0x00, 0xfe, 0x01, 0x88, 0x32, 0x25, 0xf4, 0x21, 0xad,
  0x3e, 0x87, 0x87, 0x4f, 0x09, 0xcd, 0xbb, 0x2e, 0xcd, 0xde, 0x31, 0x7b,
  0x59, 0xee, 0x4f, 0x4f, 0x36, 0x80, 0x2b, 0x46, 0x36, 0x80, 0x21, 0x24,
  0xf4, 0x34, 0x7e, 0xd6, 0xab, 0xc2, 0xa0, 0x3e, 0x77, 0x0c, 0x15, 0x1c,
  0xcd, 0x19, 0x2f, 0x21, 0x47, 0xf4, 0xc3, 0xea, 0x31, 0x77, 0x2b, 0x77,
  0x2b, 0x77, 0xc3, 0x84, 0x3e, 0x68, 0xb1, 0x46, 0x68, 0x99, 0xe9, 0x92,
  0x69, 0x10, 0xd1, 0x75, 0x68, 0x21, 0x41, 0x3f, 0xcd, 0xbb, 0x2e, 0x3a,
  0x2b, 0xfb, 0xfe, 0x77, 0xd8, 0x3a, 0x2a, 0xfb, 0xb7, 0xf2, 0xd9, 0x3e,
  0xe6, 0x7f, 0x32, 0x2a, 0xfb, 0x11, 0xa0, 0x31, 0xd5, 0x01, 0x22, 0x7e,
  0x11, 0x83, 0xf9, 0xcd, 0x40, 0x30, 0xcd, 0xc3, 0x31, 0xcd, 0x5f, 0x33,
  0xc1, 0xd1, 0xcd, 0xc4, 0x2e, 0x01, 0x00, 0x7f, 0x11, 0x00, 0x00, 0xcd,
  0x2e, 0x32, 0xfa, 0x1b, 0x3f, 0x01, 0x80, 0x7f, 0x11, 0x00, 0x00, 0xcd,
  0xc7, 0x2e, 0x01, 0x80, 0x80, 0x11, 0x00, 0x00, 0xcd, 0xc7, 0x2e, 0xf7,
  0xf4, 0xa0, 0x31, 0x01, 0x00, 0x7f, 0x11, 0x00, 0x00, 0xcd, 0xc7, 0x2e,
  0xcd, 0xa0, 0x31, 0x3a, 0x2a, 0xfb, 0xb7, 0xf5, 0xf2, 0x28, 0x3f, 0xee,
  0x80, 0x32, 0x2a, 0xfb, 0x21, 0x49, 0x3f, 0xcd, 0x1a, 0x3e, 0xf1, 0xf0,
  0x3a, 0x2a, 0xfb, 0xee, 0x80, 0x32, 0x2a, 0xfb, 0xc9, 0x00, 0x00, 0x00,
  0x00, 0x83, 0xf9, 0x22, 0x7e, 0xdb, 0x0f, 0x49, 0x81, 0x00, 0x00, 0x00,
  0x7f, 0x05, 0xfb, 0xd7, 0x1e, 0x86, 0x65, 0x26, 0x99, 0x87, 0x58, 0x34,
  0x23, 0x87, 0xe1, 0x5d, 0xa5, 0x86, 0xdb, 0x0f, 0x49, 0x83, 0xcd, 0xc3,
  0x31, 0xcd, 0xc3, 0x3e, 0xc1, 0xe1, 0xcd, 0xc3, 0x31, 0xeb, 0xcd, 0xd3,
  0x31, 0xcd, 0xbd, 0x3e, 0xc3, 0xa3, 0x30, 0xf7, 0xfc, 0x48, 0x3d, 0xfc,
  0xa0, 0x31, 0x3a, 0x2b, 0xfb, 0xfe, 0x81, 0xda, 0x8e, 0x3f, 0x01, 0x00,
  0x81, 0x51, 0x59, 0xcd, 0xa5, 0x30, 0x21, 0xc1, 0x2e, 0xe5, 0x21, 0x98,
  0x3f, 0xcd, 0x1a, 0x3e, 0x21, 0x41, 0x3f, 0xc9, 0x09, 0x4a, 0xd7, 0x3b,
  0x78, 0x02, 0x6e, 0x84, 0x7b, 0xfe, 0xc1, 0x2f, 0x7c, 0x74, 0x31, 0x9a,
  0x7d, 0x84, 0x3d, 0x5a, 0x7d, 0xc8, 0x7f, 0x91, 0x7e, 0xe4, 0xbb, 0x4c,
  0x7e, 0x6c, 0xaa, 0xaa, 0x7f, 0x00, 0x00, 0x00, 0x81, 0xcd, 0xd5, 0x3f,
  0xc5, 0xe3, 0xc1, 0xdf, 0x7e, 0x02, 0xc8, 0x0b, 0x2b, 0xc3, 0xc3, 0x3f,
  0xe5, 0x2a, 0xe9, 0xfa, 0x06, 0x00, 0x09, 0x09, 0x3e, 0xe5, 0x3e, 0x88,
  0x95, 0x6f, 0x3e, 0xff, 0x9c, 0x67, 0xda, 0xe4, 0x3f, 0x39, 0xe1, 0xd8,
  0xcd, 0x14, 0x07, 0x2a, 0x59, 0xf4, 0x2b, 0x2b, 0x22, 0xd0, 0xfa, 0x11,
  0x07, 0x00, 0xc3, 0x85, 0x05, 0x2a, 0x5d, 0xf4, 0x2b, 0x22, 0xcb, 0xfa,
  0xcd, 0x8d, 0x40, 0x06, 0x1a, 0x21, 0xed, 0xfa, 0x36, 0x04, 0x23, 0x05,
  0xc2, 0x04, 0x40, 0xaf, 0x32, 0xda, 0xfa, 0x6f, 0x67, 0x22, 0xd8, 0xfa,
  0x22, 0xdf, 0xfa, 0x2a, 0x9a, 0xfa, 0x22, 0xbf, 0xfa, 0xcd, 0xcf, 0x40,
  0x2a, 0xe5, 0xfa, 0x22, 0xe7, 0xfa, 0x22, 0xe9, 0xfa, 0xcd, 0xbf, 0x4f,
  0x3a, 0x8c, 0xfb, 0xe6, 0x01, 0xc2, 0x37, 0x40, 0x32, 0x8c, 0xfb, 0xc1,
  0x2a, 0x59, 0xf4, 0x2b, 0x2b, 0x22, 0xd0, 0xfa, 0x23, 0x23, 0xf9, 0x21,
  0x9e, 0xfa, 0x22, 0x9c, 0xfa, 0xcd, 0x3b, 0x4d, 0xcd, 0x26, 0x0f, 0xaf,
  0x67, 0x6f, 0x22, 0x09, 0xfb, 0x32, 0x14, 0xfb, 0x22, 0x0e, 0xfb, 0x22,
  0x17, 0xfb, 0x22, 0x07, 0xfb, 0x32, 0xc9, 0xfa, 0xe5, 0xc5, 0x2a, 0xcb,
  0xfa, 0xc9, 0xf3, 0x7e, 0xe6, 0x04, 0xf6, 0x01, 0x77, 0xfb, 0xc9, 0xf3,
  0x36, 0x00, 0xfb, 0xc9, 0xf3, 0x7e, 0xf6, 0x02, 0x77, 0xfb, 0xc9, 0xf3,
  0x7e, 0xe6, 0x05, 0x77, 0xfb, 0xc9, 0xf3, 0x7e, 0xe6, 0x03, 0x77, 0xfb,
  0xc9, 0xaf, 0x6f, 0x67, 0x32, 0x4c, 0xf8, 0x22, 0x4d, 0xf8, 0xc9, 0x3a,
  0xda, 0xfa, 0xb7, 0xc0, 0xe5, 0x2a, 0x5b, 0xf4, 0x7c, 0xa5, 0x3c, 0xca,
  0xae, 0x40, 0x21, 0x4c, 0xf8, 0x7e, 0x3d, 0xca, 0xb0, 0x40, 0xe1, 0xc9,
  0x23, 0x5e, 0x23, 0x56, 0x2b, 0x2b, 0x7a, 0xb3, 0xca, 0xae, 0x40, 0xd5,
  0xe5, 0xcd, 0x86, 0x40, 0xcd, 0x78, 0x40, 0x0e, 0x03, 0xcd, 0xcc, 0x3f,
  0xc1, 0xd1, 0xe1, 0xf1, 0xc3, 0x04, 0x0c, 0xeb, 0x2a, 0x5d, 0xf4, 0xca,
  0xe4, 0x40, 0xeb, 0xcd, 0x97, 0x0b, 0xe5, 0xcd, 0x5d, 0x07, 0x60, 0x69,
  0xd1, 0xd2, 0x4e, 0x0c, 0x2b, 0x22, 0xeb, 0xfa, 0xeb, 0xc9, 0xc0, 0x3c,
  0xc3, 0xf9, 0x40, 0xc0, 0xaf, 0x32, 0xda, 0xfa, 0xf5, 0xcc, 0xbf, 0x4f,
  0xf1, 0x22, 0xce, 0xfa, 0x21, 0x9e, 0xfa, 0x22, 0x9c, 0xfa, 0x21, 0xf6,
  0xff, 0xc1, 0x2a, 0x5b, 0xf4, 0xe5, 0xf5, 0x7d, 0xa4, 0x3c, 0xca, 0x1a,
  0x41, 0x22, 0xdd, 0xfa, 0x2a, 0xce, 0xfa, 0x22, 0xdf, 0xfa, 0xcd, 0x3b,
  0x4d, 0xcd, 0x61, 0x4d, 0xf1, 0x21, 0x1d, 0x05, 0xc2, 0x21, 0x06, 0xc3,
  0x2c, 0x06, 0x2a, 0xdf, 0xfa, 0x7c, 0xb5, 0x11, 0x11, 0x00, 0xca, 0x85,
  0x05, 0xeb, 0x2a, 0xdd, 0xfa, 0x22, 0x5b, 0xf4, 0xeb, 0xc9, 0xc3, 0x87,
  0x0b, 0x7e, 0xfe, 0x41, 0xd8, 0xfe, 0x5b, 0x3f, 0xc9, 0xe5, 0xcd, 0x16,
  0x61, 0xcd, 0x6f, 0x24, 0xcd, 0x1f, 0x61, 0xe1, 0x2b, 0xd7, 0xca, 0xf9,
  0x3f, 0xcd, 0x83, 0x0b, 0x2b, 0xd7, 0xe5, 0x2a, 0x84, 0xf3, 0x44, 0x4d,
  0x2a, 0x9a, 0xfa, 0xca, 0x96, 0x41, 0xe1, 0xcf, 0x2c, 0xd5, 0xcd, 0xf3,
  0x15, 0x2b, 0xd7, 0xc2, 0x68, 0x05, 0xe3, 0xeb, 0x7c, 0xa7, 0xf2, 0x87,
  0x0b, 0xd5, 0x11, 0x81, 0xf3, 0xff, 0x00, 0xdf, 0xd2, 0x87, 0x0b, 0xd1,
  0xe5, 0x01, 0xf5, 0xfe, 0x3a, 0x62, 0xfb, 0x09, 0x3d, 0xf2, 0x8f, 0x41,
  0xc1, 0x2b, 0x7d, 0x93, 0x5f, 0x7c, 0x9a, 0x57, 0xda, 0xe4, 0x3f, 0xe5,
  0x2a, 0xe5, 0xfa, 0xc5, 0x01, 0xa0, 0x00, 0x09, 0xc1, 0xdf, 0xd2, 0xe4,
  0x3f, 0xeb, 0x22, 0x59, 0xf4, 0x60, 0x69, 0x22, 0x84, 0xf3, 0xe1, 0x22,
  0x9a, 0xfa, 0xe1, 0xcd, 0xf9, 0x3f, 0x3a, 0x62, 0xfb, 0xcd, 0x1c, 0x7f,
  0x2a, 0xcb, 0xfa, 0xc3, 0x1d, 0x0a, 0x11, 0x00, 0x00, 0xc4, 0xaf, 0x49,
  0x22, 0xcb, 0xfa, 0xcd, 0x23, 0x05, 0xc2, 0x74, 0x05, 0xf9, 0xd5, 0x7e,
  0xf5, 0x23, 0xd5, 0x7e, 0x23, 0xb7, 0xfa, 0xfc, 0x41, 0xcd, 0xd0, 0x31,
  0xe3, 0xe5, 0xcd, 0xbb, 0x2e, 0xe1, 0xcd, 0xea, 0x31, 0xe1, 0xcd, 0xe1,
  0x31, 0xe5, 0xcd, 0x2e, 0x32, 0xc3, 0x25, 0x42, 0x23, 0x23, 0x23, 0x23,
  0x4e, 0x23, 0x46, 0x23, 0xe3, 0x5e, 0x23, 0x56, 0xe5, 0x69, 0x60, 0xcd,
  0x03, 0x34, 0x3a, 0x8b, 0xfa, 0xfe, 0x04, 0xca, 0x7d, 0x05, 0xeb, 0xe1,
  0x72, 0x2b, 0x73, 0xe1, 0xd5, 0x5e, 0x23, 0x56, 0x23, 0xe3, 0xcd, 0x59,
  0x32, 0xe1, 0xc1, 0x90, 0xcd, 0xe1, 0x31, 0xca, 0x37, 0x42, 0xeb, 0x22,
  0x5b, 0xf4, 0x69, 0x60, 0xc3, 0x19, 0x0a, 0xf9, 0x22, 0xd0, 0xfa, 0xeb,
  0x2a, 0xcb, 0xfa, 0x7e, 0xfe, 0x2c, 0xc2, 0x1d, 0x0a, 0xd7, 0xcd, 0xcd,
  0x41, 0xe5, 0x2a, 0x6c, 0xfb, 0x7c, 0xb5, 0xe1, 0xc9, 0x3e, 0x0d, 0xe7,
  0x3e, 0x0a, 0xe7, 0xc9, 0x3e, 0x07, 0xe7, 0xc9, 0x3e, 0x0b, 0xe7, 0xc9,
  0x3e, 0x0c, 0xe7, 0xc9, 0x3e, 0x54, 0xc3, 0xa9, 0x42, 0x3e, 0x55, 0xc3,
  0xa9, 0x42, 0x3e, 0x56, 0xc3, 0xa9, 0x42, 0x3e, 0x57, 0xc3, 0xa9, 0x42,
  0x3e, 0x50, 0xc3, 0xa9, 0x42, 0x3e, 0x51, 0xc3, 0xa9, 0x42, 0x3e, 0x4d,
  0xc3, 0xa9, 0x42, 0x3e, 0x4c, 0xc3, 0xa9, 0x42, 0x3e, 0x4b, 0xc3, 0xa9,
  0x42, 0x3e, 0x58, 0xc3, 0xa9, 0x42, 0x3e, 0x33, 0xc3, 0xa9, 0x42, 0x3e,
  0x34, 0xc3, 0xa9, 0x42, 0xb6, 0xc8, 0x3e, 0x70, 0xc3, 0xa9, 0x42, 0x3e,
  0x71, 0xf5, 0x3e, 0x1b, 0xe7, 0xf1, 0xe7, 0xc9, 0x2a, 0xe7, 0xf3, 0x26,
  0x01, 0x3e, 0x59, 0xcd, 0xa9, 0x42, 0x7d, 0xc6, 0x1f, 0xe7, 0x7c, 0xc6,
  0x1f, 0xe7, 0xc9, 0x3a, 0xe9, 0xf3, 0xa7, 0xc8, 0xcd, 0x69, 0x42, 0x2a,
  0xe5, 0xf3, 0xe5, 0xcd, 0xb0, 0x42, 0xcd, 0x9a, 0x49, 0xcd, 0x8c, 0x42,
  0xe1, 0xcd, 0xb5, 0x42, 0xcd, 0x91, 0x42, 0xaf, 0xc9, 0xcd, 0xdc, 0x5d,
  0xaf, 0xf5, 0x32, 0xaa, 0xfe, 0x2a, 0xe5, 0xf3, 0x3a, 0xe7, 0xf3, 0xbd,
  0xc2, 0xff, 0x42, 0xe5, 0xcd, 0x70, 0x46, 0xcd, 0x5c, 0x42, 0xcd, 0x82,
  0x42, 0xe1, 0x2d, 0xe5, 0xcd, 0x69, 0x42, 0xcd, 0xb0, 0x42, 0xcd, 0x9a,
  0x49, 0x21, 0xa5, 0xf6, 0x16, 0x01, 0xc1, 0xf1, 0xc5, 0xca, 0x19, 0x43,
  0x21, 0xf5, 0xf6, 0x16, 0x06, 0x1e, 0x05, 0x3a, 0xf4, 0xf3, 0xf5, 0xcd,
  0xa7, 0x42, 0x3a, 0xe8, 0xf3, 0xfe, 0x28, 0x01, 0x09, 0x07, 0xca, 0x30,
  0x43, 0x01, 0x01, 0x0f, 0xe5, 0x21, 0xb3, 0xf9, 0x7a, 0xd6, 0x04, 0xca,
  0x3c, 0x43, 0x3d, 0x2b, 0xcc, 0xa0, 0x42, 0xe1, 0xcd, 0xfb, 0x1e, 0x09,
  0xcd, 0xa7, 0x42, 0x14, 0x1d, 0xc4, 0x1e, 0x00, 0xc2, 0x22, 0x43, 0xcd,
  0x8c, 0x42, 0xcd, 0x64, 0x42, 0xf1, 0xa7, 0xc4, 0xa2, 0x42, 0xe1, 0xcd,
  0xb5, 0x42, 0xcd, 0x91, 0x42, 0xaf, 0xc9, 0xe5, 0xd5, 0xc5, 0xf5, 0xff,
  0x08, 0xcd, 0x6f, 0x43, 0xc3, 0x5d, 0x19, 0x4f, 0xaf, 0x32, 0xb9, 0xf9,
  0xff, 0x0a, 0xcd, 0x80, 0x43, 0x2a, 0xe5, 0xf3, 0x22, 0xec, 0xf3, 0xc9,
  0xcd, 0x26, 0x74, 0xcd, 0x95, 0x43, 0x2a, 0xe5, 0xf3, 0xeb, 0xcd, 0xc4,
  0x74, 0x3a, 0xeb, 0xf3, 0xa7, 0xc8, 0xc3, 0x25, 0x74, 0x21, 0xf2, 0xf3,
  0x7e, 0xa7, 0xc2, 0x71, 0x44, 0x79, 0xfe, 0x20, 0xda, 0xd2, 0x43, 0x2a,
  0xe5, 0xf3, 0xfe, 0x7f, 0xca, 0xad, 0x45, 0x4f, 0xcd, 0xe4, 0x45, 0xcd,
  0xd2, 0x44, 0xc0, 0xcd, 0xcc, 0x43, 0x26, 0x01, 0xcd, 0xf3, 0x44, 0xc0,
  0xcd, 0xdc, 0x7f, 0xa7, 0xc0, 0xcd, 0xfc, 0x44, 0xcd, 0x70, 0x46, 0x2e,
  0x01, 0xc3, 0x33, 0x45, 0xcd, 0x13, 0x44, 0xc3, 0x9e, 0x49, 0x21, 0xed,
  0x43, 0x0e, 0x0c, 0x23, 0x23, 0xa7, 0x0d, 0xf8, 0xbe, 0x23, 0xc2, 0xd7,
  0x43, 0x7e, 0x23, 0x66, 0x6f, 0xe5, 0x21, 0x22, 0x18, 0xe3, 0xe5, 0x2a,
  0xe5, 0xf3, 0xc9, 0x07, 0xeb, 0x76, 0x08, 0xe0, 0x44, 0x09, 0x05, 0x45,
  0x0a, 0xb8, 0x43, 0x0b, 0x1b, 0x45, 0x0c, 0xcc, 0x45, 0x0d, 0x1d, 0x45,
  0x1b, 0x23, 0x44, 0x1c, 0xed, 0x44, 0x1d, 0xe0, 0x44, 0x1e, 0xe8, 0x44,
  0x1f, 0xf3, 0x44, 0x3a, 0xb9, 0xf9, 0xa7, 0xc8, 0xf1, 0xc9, 0x3a, 0xe9,
  0xf3, 0xc6, 0x08, 0xc9, 0x3e, 0x02, 0x01, 0x3e, 0xaf, 0x32, 0xf2, 0xf3,
  0xc9, 0x6a, 0xcc, 0x45, 0x45, 0xcc, 0x45, 0x4b, 0xbb, 0x45, 0x4a, 0xd2,
  0x45, 0x6c, 0xb9, 0x45, 0x4c, 0x68, 0x45, 0x4d, 0x30, 0x45, 0x59, 0x20,
  0x44, 0x41, 0xe8, 0x44, 0x42, 0xf3, 0x44, 0x43, 0xd2, 0x44, 0x44, 0xdb,
  0x44, 0x48, 0x1b, 0x45, 0x70, 0xaa, 0x44, 0x71, 0xab, 0x44, 0x50, 0x22,
  0x45, 0x51, 0x23, 0x45, 0x54, 0xb2, 0x44, 0x55, 0xb0, 0x44, 0x56, 0xb8,
  0x44, 0x57, 0xb9, 0x44, 0x58, 0xc9, 0x44, 0x33, 0xbf, 0x44, 0x34, 0xbe,
  0x44, 0xff, 0x46, 0x79, 0xfe, 0x1b, 0x7e, 0xca, 0xc4, 0x44, 0xa7, 0xf2,
  0x8a, 0x44, 0xcd, 0x24, 0x44, 0x79, 0x21, 0x27, 0x44, 0x0e, 0x18, 0xc3,
  0xd7, 0x43, 0x3d, 0x32, 0xf2, 0xf3, 0x3a, 0xe8, 0xf3, 0x11, 0xe6, 0xf3,
  0xca, 0x9f, 0x44, 0x3a, 0xe7, 0xf3, 0x21, 0xe9, 0xf3, 0x86, 0x1b, 0x47,
  0x79, 0xd6, 0x20, 0xb8, 0x3c, 0x12, 0xd8, 0x78, 0x12, 0xc9, 0xf6, 0xaf,
  0x32, 0xf4, 0xf3, 0xc9, 0xaf, 0xc2, 0x3e, 0xff, 0x32, 0xe9, 0xf3, 0xc9,
  0xf6, 0xaf, 0x32, 0xea, 0xf3, 0xc9, 0xf6, 0xaf, 0x32, 0x31, 0xf8, 0xc9,
  0x23, 0x77, 0xc3, 0x23, 0x44, 0x21, 0xf3, 0xf3, 0x7e, 0x36, 0x00, 0x2b,
  0x77, 0xc9, 0x3a, 0xe8, 0xf3, 0xbc, 0xc8, 0x24, 0xc3, 0xfc, 0x44, 0x25,
  0xc8, 0xc3, 0xfc, 0x44, 0xcd, 0xdb, 0x44, 0xc0, 0x3a, 0xe8, 0xf3, 0x67,
  0x2d, 0xc8, 0xc3, 0xfc, 0x44, 0xcd, 0xd2, 0x44, 0xc0, 0x26, 0x01, 0xcd,
  0xa7, 0x65, 0xbd, 0xc8, 0xda, 0x00, 0x45, 0x2c, 0x22, 0xe5, 0xf3, 0xc9,
  0x2d, 0xaf, 0xc3, 0xfc, 0x44, 0x3a, 0xe6, 0xf3, 0xf5, 0x3e, 0x20, 0xcd,
  0xa3, 0x43, 0xc1, 0x3a, 0xe6, 0xf3, 0xb8, 0xc8, 0x3d, 0xe6, 0x07, 0xc2,
  0x05, 0x45, 0xc9, 0x2e, 0x01, 0x26, 0x01, 0xc3, 0xfc, 0x44, 0x3e, 0xaf,
  0x21, 0xeb, 0xf3, 0x77, 0xcd, 0x13, 0x44, 0x7e, 0xa7, 0xc3, 0x27, 0x74,
  0xcd, 0x1d, 0x45, 0xcd, 0x13, 0x44, 0xcd, 0x1a, 0x44, 0x95, 0xd8, 0xca,
  0xb9, 0x45, 0xe5, 0xf5, 0x47, 0xcd, 0x8e, 0x49, 0x6b, 0x62, 0x23, 0xcd,
  0xfd, 0x28, 0x21, 0x2f, 0xf8, 0x35, 0xf1, 0xe1, 0xf5, 0x26, 0x28, 0x2c,
  0xcd, 0xa0, 0x45, 0x2d, 0xcd, 0xea, 0x45, 0x25, 0xc2, 0x53, 0x45, 0x2c,
  0xf1, 0x3d, 0xc2, 0x50, 0x45, 0xc3, 0xb9, 0x45, 0xcd, 0x1d, 0x45, 0xcd,
  0x13, 0x44, 0xcd, 0x1a, 0x44, 0x67, 0x95, 0xd8, 0xca, 0xb9, 0x45, 0x6c,
  0xe5, 0xf5, 0x4f, 0x06, 0x00, 0xcd, 0x8e, 0x49, 0x6b, 0x62, 0x2b, 0xcd,
  0x83, 0x6c, 0xf1, 0xe1, 0xf5, 0x26, 0x28, 0x2d, 0xcd, 0xa0, 0x45, 0x2c,
  0xcd, 0xea, 0x45, 0x25, 0xc2, 0x8b, 0x45, 0x2d, 0xf1, 0x3d, 0xc2, 0x88,
  0x45, 0xc3, 0xb9, 0x45, 0xe5, 0xe5, 0xcd, 0x0a, 0x46, 0x4e, 0xe1, 0xcd,
  0x2d, 0x46, 0xa6, 0xe1, 0xc9, 0xcd, 0xe0, 0x44, 0xcd, 0x13, 0x44, 0xaf,
  0x0e, 0x20, 0xc3, 0xea, 0x45, 0x26, 0x01, 0xcd, 0x13, 0x44, 0xcd, 0x9d,
  0x49, 0xcd, 0xb3, 0x45, 0x24, 0x7c, 0xfe, 0x29, 0xda, 0xc1, 0x45, 0xc9,
  0xcd, 0x1b, 0x45, 0xcd, 0x56, 0x46, 0xcd, 0x13, 0x44, 0xcd, 0xbb, 0x45,
  0xcd, 0x1a, 0x44, 0xbd, 0xd8, 0xc8, 0x26, 0x01, 0x2c, 0xc3, 0xd5, 0x45,
  0xcd, 0x13, 0x44, 0x3a, 0xf4, 0xf3, 0xe5, 0xf5, 0xe5, 0xe5, 0xcd, 0x1e,
  0x46, 0xe1, 0xcd, 0x0a, 0x46, 0x71, 0xd1, 0xcd, 0x4d, 0x74, 0xf1, 0xa7,
  0xe1, 0xc8, 0xf3, 0x3e, 0x0d, 0x30, 0xfb, 0xcd, 0x09, 0x74, 0x3e, 0x09,
  0x30, 0xc9, 0x7d, 0x87, 0x87, 0x85, 0x87, 0x87, 0x87, 0x5f, 0x9f, 0x2f,
  0x57, 0x6c, 0x26, 0x00, 0x19, 0x11, 0xd7, 0xfd, 0x19, 0xc9, 0x47, 0xcd,
  0x2d, 0x46, 0x04, 0x05, 0xca, 0x29, 0x46, 0xb6, 0xca, 0x2f, 0xa6, 0x77,
  0xc9, 0x7d, 0x87, 0x87, 0x85, 0x6f, 0x7c, 0x3d, 0xf5, 0x0f, 0x0f, 0x0f,
  0xe6, 0x1f, 0x85, 0x6f, 0x26, 0x00, 0x11, 0x5b, 0xfa, 0x19, 0xf1, 0xe6,
  0x07, 0x57, 0xaf, 0x37, 0x1f, 0x15, 0xf2, 0x48, 0x46, 0xc9, 0xe5, 0xcd,
  0x2d, 0x46, 0xae, 0x77, 0xe1, 0xc9, 0xcd, 0x13, 0x44, 0x3a, 0xfc, 0xf3,
  0x87, 0xf0, 0xe5, 0x21, 0xc0, 0xfb, 0x01, 0x40, 0x01, 0x36, 0x20, 0x23,
  0x0b, 0x78, 0xb1, 0xc2, 0x65, 0x46, 0xe1, 0xc9, 0xcd, 0x13, 0x44, 0x3a,
  0xfc, 0xf3, 0x87, 0xf0, 0x11, 0xc0, 0xfb, 0x21, 0xe8, 0xfb, 0x01, 0x40,
  0x01, 0xc3, 0x78, 0x6c, 0xcd, 0x26, 0x74, 0x2e, 0x01, 0x26, 0x01, 0xcd,
  0xa0, 0x45, 0xcd, 0xea, 0x45, 0x24, 0x7c, 0xfe, 0x29, 0xc2, 0x8b, 0x46,
  0x2c, 0x7d, 0xfe, 0x09, 0xc2, 0x89, 0x46, 0xc3, 0x86, 0x43, 0x21, 0xc0,
  0xfb, 0x1e, 0x01, 0x16, 0x01, 0xe5, 0xd5, 0x4e, 0xcd, 0x4d, 0x74, 0xd1,
  0xe1, 0x23, 0x14, 0x7a, 0xfe, 0x29, 0xc2, 0xa9, 0x46, 0x1c, 0x7b, 0xfe,
  0x09, 0xc2, 0xa7, 0x46, 0xc9, 0x78, 0x3d, 0x37, 0xc8, 0x05, 0x1b, 0xcd,
  0xeb, 0x46, 0xf5, 0x3e, 0x7f, 0xe7, 0x2a, 0xe5, 0xf3, 0x2d, 0x25, 0x7c,
  0xb5, 0xca, 0xe1, 0x46, 0x21, 0xe6, 0xf3, 0xf1, 0xbe, 0xc2, 0xca, 0x46,
  0xc9, 0xf1, 0x37, 0xc9, 0xcd, 0xc1, 0x46, 0xd2, 0xe4, 0x46, 0xc9, 0xc5,
  0x3a, 0xbd, 0xf9, 0x05, 0xca, 0x14, 0x47, 0x4f, 0x21, 0xa1, 0xf5, 0x0c,
  0x7e, 0xfe, 0x09, 0xc2, 0x05, 0x47, 0x79, 0x3d, 0xe6, 0x07, 0xc2, 0xf7,
  0x46, 0x3a, 0xe8, 0xf3, 0xb9, 0xd2, 0x0e, 0x47, 0x0e, 0x01, 0x23, 0x05,
  0xc2, 0xf7, 0x46, 0x79, 0xc1, 0xc9, 0x2a, 0x6c, 0xfb, 0xe5, 0x23, 0x23,
  0x23, 0x23, 0x7e, 0xd6, 0xf9, 0xc2, 0x3b, 0x47, 0x6f, 0x67, 0x22, 0x6c,
  0xfb, 0x21, 0xb4, 0xf9, 0x34, 0x7e, 0x0f, 0xd4, 0xa2, 0x42, 0x21, 0xbd,
  0x54, 0xcd, 0x72, 0x2b, 0xcd, 0xa7, 0x42, 0xe1, 0x22, 0x6c, 0xfb, 0x06,
  0xff, 0x21, 0xa1, 0xf5, 0xaf, 0x32, 0x8f, 0xf9, 0x32, 0x90, 0xf9, 0xcd,
  0x15, 0x50, 0xda, 0x6c, 0x47, 0x77, 0xfe, 0x0d, 0xca, 0x66, 0x47, 0xfe,
  0x09, 0xca, 0x61, 0x47, 0xfe, 0x20, 0xda, 0x44, 0x47, 0x23, 0x05, 0xc2,
  0x44, 0x47, 0xaf, 0x77, 0x21, 0xa0, 0xf5, 0xc9, 0x04, 0xc2, 0x66, 0x47,
  0x3a, 0x8c, 0xfb, 0xe6, 0x80, 0x32, 0x8c, 0xfb, 0xcd, 0xdb, 0x50, 0x3e,
  0x0d, 0xe7, 0xcd, 0x8c, 0x42, 0x3a, 0x72, 0xfb, 0xa7, 0xca, 0x8e, 0x47,
  0xcd, 0xf5, 0x3f, 0xc3, 0x1d, 0x0a, 0x3a, 0xfd, 0xf3, 0xa7, 0xc2, 0xa4,
  0x60, 0xc3, 0x2c, 0x06, 0xcd, 0x49, 0x42, 0xc2, 0x16, 0x47, 0xff, 0x40,
  0x6f, 0xc3, 0xb4, 0x47, 0x3e, 0x3f, 0xe7, 0x3e, 0x20, 0xe7, 0xff, 0x42,
  0x2a, 0xe5, 0xf3, 0x2d, 0xc4, 0x9d, 0x49, 0x2c, 0x22, 0x2f, 0xf8, 0x3a,
  0xeb, 0xf3, 0x32, 0x9a, 0xf9, 0xcd, 0x7d, 0x42, 0xcd, 0x4d, 0x17, 0xda,
  0xc0, 0x47, 0x21, 0xfa, 0x47, 0x0e, 0x08, 0xcd, 0xd7, 0x43, 0xf5, 0xc4,
  0xe5, 0x47, 0xf1, 0xd2, 0xc0, 0x47, 0xf5, 0x3a, 0x9a, 0xf9, 0xa7, 0xc4,
  0x78, 0x42, 0xf1, 0x21, 0xa0, 0xf5, 0xc8, 0x3f, 0xc9, 0x21, 0xda, 0xf3,
  0xfe, 0x20, 0xda, 0xf6, 0x47, 0xf5, 0x7e, 0xa7, 0xc4, 0x7c, 0x48, 0xf1,
  0xe7, 0xc9, 0x36, 0x00, 0xe7, 0xc3, 0x96, 0x42, 0x08, 0x09, 0x49, 0x12,
  0x6f, 0x48, 0x0a, 0xe4, 0x47, 0x05, 0x58, 0x49, 0x03, 0x5d, 0x48, 0x0d,
  0x14, 0x48, 0x15, 0x52, 0x49, 0x7f, 0x03, 0x49, 0xcd, 0x78, 0x49, 0x11,
  0xa1, 0xf5, 0x06, 0xfe, 0x2d, 0x2c, 0xd5, 0xc5, 0xcd, 0xa0, 0x45, 0x79,
  0xc1, 0xd1, 0x12, 0x13, 0x05, 0xca, 0x3d, 0x48, 0x24, 0x3e, 0x28, 0xbc,
  0xd2, 0x1e, 0x48, 0xd5, 0xcd, 0x8e, 0x49, 0xd1, 0x26, 0x01, 0xca, 0x1d,
  0x48, 0x1b, 0x1a, 0xfe, 0x20, 0xca, 0x3d, 0x48, 0x13, 0xaf, 0x12, 0x3e,
  0x0d, 0xa7, 0xf5, 0xcd, 0x9d, 0x49, 0xcd, 0xb5, 0x42, 0x3e, 0x0a, 0xe7,
  0xaf, 0x32, 0xda, 0xf3, 0xf1, 0x37, 0xe1, 0xc9, 0x2c, 0xcd, 0x8e, 0x49,
  0xca, 0x5c, 0x48, 0xcd, 0x96, 0x42, 0xaf, 0x32, 0xa1, 0xf5, 0x26, 0x01,
  0xc3, 0x4a, 0x48, 0x21, 0xda, 0xf3, 0x7e, 0x2f, 0x77, 0xa7, 0xca, 0x96,
  0x42, 0xc3, 0x9b, 0x42, 0x2a, 0xe5, 0xf3, 0x0e, 0x20, 0x3a, 0xf4, 0xf3,
  0xe5, 0xc5, 0xf5, 0xcd, 0xa0, 0x45, 0xd1, 0x42, 0xd1, 0xc5, 0xf5, 0x4b,
  0x78, 0xcd, 0xea, 0x45, 0xd1, 0xc1, 0x3e, 0x28, 0x3c, 0x24, 0xbc, 0x7a,
  0xc2, 0x85, 0x48, 0xe1, 0xd5, 0xcd, 0x8e, 0x49, 0xd1, 0xca, 0xfc, 0x48,
  0x79, 0xfe, 0x20, 0xf5, 0xc2, 0xb7, 0x48, 0x3e, 0x28, 0xbc, 0xca, 0xb7,
  0x48, 0xf1, 0xc9, 0xd5, 0xaf, 0xcd, 0x9e, 0x49, 0xd1, 0x2c, 0xc5, 0xd5,
  0xe5, 0xcd, 0x1a, 0x44, 0xbd, 0xda, 0xdb, 0x48, 0xeb, 0x2a, 0xe5, 0xf3,
  0xeb, 0xd5, 0xcd, 0xb5, 0x42, 0xcd, 0x87, 0x42, 0xe1, 0xcd, 0xb5, 0x42,
  0xc3, 0xf6, 0x48, 0xeb, 0x2a, 0xe5, 0xf3, 0xeb, 0xd5, 0x21, 0x01, 0x01,
  0xcd, 0xb5, 0x42, 0xcd, 0x82, 0x42, 0xe1, 0x2d, 0xc2, 0xf0, 0x48, 0x2c,
  0xcd, 0xb5, 0x42, 0xe1, 0x2d, 0xe5, 0xe1, 0xd1, 0xc1, 0xf1, 0xc8, 0x2d,
  0x26, 0x01, 0x2c, 0x7a, 0xc3, 0x84, 0x48, 0x3e, 0x1c, 0xe7, 0x2a, 0xe5,
  0xf3, 0x25, 0xc2, 0x1e, 0x49, 0x24, 0xe5, 0x2d, 0xca, 0x1d, 0x49, 0x3e,
  0x28, 0x67, 0xcd, 0x8e, 0x49, 0xc2, 0x1d, 0x49, 0xe3, 0xe1, 0xcd, 0xb5,
  0x42, 0x3e, 0x28, 0xbc, 0xca, 0x39, 0x49, 0x24, 0xcd, 0xa0, 0x45, 0x25,
  0xcd, 0xea, 0x45, 0x24, 0x24, 0x3e, 0x28, 0x3c, 0xbc, 0xc2, 0x28, 0x49,
  0x25, 0x0e, 0x20, 0xaf, 0xcd, 0xea, 0x45, 0xcd, 0x8e, 0x49, 0xc0, 0xe5,
  0x2c, 0x26, 0x01, 0xcd, 0xa0, 0x45, 0xe3, 0xcd, 0xea, 0x45, 0xe1, 0xc3,
  0x21, 0x49, 0xcd, 0x78, 0x49, 0xcd, 0xb5, 0x42, 0xcd, 0x96, 0x42, 0xaf,
  0x32, 0xda, 0xf3, 0xe5, 0xcd, 0x8e, 0x49, 0xf5, 0xcd, 0x8c, 0x42, 0xf1,
  0xc2, 0x74, 0x49, 0x26, 0x01, 0x2c, 0xcd, 0xb5, 0x42, 0xc3, 0x60, 0x49,
  0xe1, 0xc3, 0xb5, 0x42, 0x2d, 0xca, 0x82, 0x49, 0xcd, 0x8e, 0x49, 0xca,
  0x78, 0x49, 0x2c, 0x3a, 0x2f, 0xf8, 0xbd, 0x26, 0x01, 0xc0, 0x2a, 0x2f,
  0xf8, 0xc9, 0xe5, 0x11, 0x26, 0xf8, 0x26, 0x00, 0x19, 0x7e, 0xeb, 0xe1,
  0xa7, 0xc9, 0xcd, 0x13, 0x44, 0x7d, 0xf5, 0xcd, 0x8e, 0x49, 0xf1, 0x12,
  0xc9, 0x2b, 0xd7, 0xc8, 0xcf, 0x2c, 0x01, 0xa5, 0x49, 0xc5, 0xf6, 0xaf,
  0x32, 0x8a, 0xfa, 0x4e, 0xcd, 0x41, 0x41, 0xda, 0x68, 0x05, 0xaf, 0x47,
  0xd7, 0xda, 0xc6, 0x49, 0xcd, 0x42, 0x41, 0xda, 0xd1, 0x49, 0x47, 0xd7,
  0xda, 0xc7, 0x49, 0xcd, 0x42, 0x41, 0xd2, 0xc7, 0x49, 0xfe, 0x26, 0xd2,
  0xed, 0x49, 0x11, 0xfb, 0x49, 0xd5, 0x16, 0x02, 0xfe, 0x25, 0xc8, 0x14,
  0xfe, 0x24, 0xc8, 0x14, 0xfe, 0x21, 0xc8, 0x16, 0x08, 0xfe, 0x23, 0xc8,
  0xf1, 0x79, 0xe6, 0x7f, 0x5f, 0x16, 0x00, 0xe5, 0x21, 0xac, 0xfa, 0x19,
  0x56, 0xe1, 0x2b, 0x7a, 0x32, 0x8b, 0xfa, 0xd7, 0x3a, 0xc9, 0xfa, 0x3d,
  0xca, 0xcb, 0x4a, 0xf2, 0x15, 0x4a, 0x7e, 0xd6, 0x28, 0xca, 0x9c, 0x4a,
  0xd6, 0x33, 0xca, 0x9c, 0x4a, 0xaf, 0x32, 0xc9, 0xfa, 0xe5, 0x2a, 0xe5,
  0xfa, 0xc3, 0x39, 0x4a, 0x1a, 0x6f, 0x13, 0x1a, 0x13, 0xb9, 0xc2, 0x35,
  0x4a, 0x3a, 0x8b, 0xfa, 0xbd, 0xc2, 0x35, 0x4a, 0x1a, 0xb8, 0xca, 0x85,
  0x4a, 0x13, 0x26, 0x00, 0x19, 0xeb, 0x3a, 0xe7, 0xfa, 0xbb, 0xc2, 0x20,
  0x4a, 0x3a, 0xe8, 0xfa, 0xba, 0xc2, 0x20, 0x4a, 0xc3, 0x4b, 0x4a, 0xe1,
  0xe3, 0xd5, 0x11, 0xaa, 0x12, 0xdf, 0xd1, 0xca, 0x88, 0x4a, 0xe3, 0xe5,
  0xc5, 0x3a, 0x8b, 0xfa, 0x4f, 0xc5, 0x06, 0x00, 0x03, 0x03, 0x03, 0x2a,
  0xe9, 0xfa, 0xe5, 0x09, 0xc1, 0xe5, 0xcd, 0xbd, 0x3f, 0xe1, 0x22, 0xe9,
  0xfa, 0x60, 0x69, 0x22, 0xe7, 0xfa, 0x2b, 0x36, 0x00, 0xdf, 0xc2, 0x76,
  0x4a, 0xd1, 0x73, 0x23, 0xd1, 0x73, 0x23, 0x72, 0xeb, 0x13, 0xe1, 0xc9,
  0x32, 0x2b, 0xfb, 0x67, 0x6f, 0x22, 0x28, 0xfb, 0xef, 0xc2, 0x9a, 0x4a,
  0x21, 0x17, 0x05, 0x22, 0x28, 0xfb, 0xe1, 0xc9, 0xe5, 0x2a, 0x8a, 0xfa,
  0xe3, 0x57, 0xd5, 0xc5, 0xcd, 0x82, 0x0b, 0xc1, 0xf1, 0xeb, 0xe3, 0xe5,
  0xeb, 0x3c, 0x57, 0x7e, 0xfe, 0x2c, 0xca, 0xa2, 0x4a, 0xfe, 0x29, 0xca,
  0xbf, 0x4a, 0xfe, 0x5d, 0xc2, 0x68, 0x05, 0xd7, 0x22, 0xdb, 0xfa, 0xe1,
  0x22, 0x8a, 0xfa, 0x1e, 0x00, 0xd5, 0x11, 0xe5, 0xf5, 0x2a, 0xe7, 0xfa,
  0x3e, 0x19, 0xeb, 0x2a, 0xe9, 0xfa, 0xeb, 0xdf, 0xca, 0x0b, 0x4b, 0x5e,
  0x23, 0x7e, 0x23, 0xb9, 0xc2, 0xec, 0x4a, 0x3a, 0x8b, 0xfa, 0xbb, 0xc2,
  0xec, 0x4a, 0x7e, 0xb8, 0x23, 0x5e, 0x23, 0x56, 0x23, 0xc2, 0xd1, 0x4a,
  0x3a, 0x8a, 0xfa, 0xb7, 0xc2, 0x77, 0x05, 0xf1, 0x44, 0x4d, 0xca, 0x93,
  0x30, 0x96, 0xca, 0x69, 0x4b, 0x11, 0x09, 0x00, 0xc3, 0x85, 0x05, 0x3a,
  0x8b, 0xfa, 0x77, 0x23, 0x5f, 0x16, 0x00, 0xf1, 0xca, 0x87, 0x0b, 0x71,
  0x23, 0x70, 0x23, 0x4f, 0xcd, 0xcc, 0x3f, 0x23, 0x23, 0x22, 0xc1, 0xfa,
  0x71, 0x23, 0x3a, 0x8a, 0xfa, 0x17, 0x79, 0x01, 0x0b, 0x00, 0xd2, 0x33,
  0x4b, 0xc1, 0x03, 0x71, 0xf5, 0x23, 0x70, 0x23, 0xcd, 0xd7, 0x33, 0xf1,
  0x3d, 0xc2, 0x2b, 0x4b, 0xf5, 0x42, 0x4b, 0xeb, 0x19, 0xda, 0xe4, 0x3f,
  0xcd, 0xd5, 0x3f, 0x22, 0xe9, 0xfa, 0x2b, 0x36, 0x00, 0xdf, 0xc2, 0x4e,
  0x4b, 0x03, 0x57, 0x2a, 0xc1, 0xfa, 0x5e, 0xeb, 0x29, 0x09, 0xeb, 0x2b,
  0x2b, 0x73, 0x23, 0x72, 0x23, 0xf1, 0xda, 0x9c, 0x4b, 0x47, 0x4f, 0x7e,
  0x23, 0x16, 0xe1, 0x5e, 0x23, 0x56, 0x23, 0xe3, 0xf5, 0xdf, 0xd2, 0x05,
  0x4b, 0xcd, 0xd7, 0x33, 0x19, 0xf1, 0x3d, 0x44, 0x4d, 0xc2, 0x6e, 0x4b,
  0x3a, 0x8b, 0xfa, 0x44, 0x4d, 0x29, 0xd6, 0x04, 0xda, 0x94, 0x4b, 0x29,
  0xca, 0x99, 0x4b, 0x29, 0xb7, 0xe2, 0x99, 0x4b, 0x09, 0xc1, 0x09, 0xeb,
  0x2a, 0xdb, 0xfa, 0xc9, 0xcd, 0x92, 0x10, 0xcd, 0x81, 0x7b, 0xcf, 0x3b,
  0xeb, 0x2a, 0x28, 0xfb, 0xc3, 0xb8, 0x4b, 0x3a, 0xca, 0xfa, 0xb7, 0xca,
  0xc3, 0x4b, 0xd1, 0xeb, 0xe5, 0xaf, 0x32, 0xca, 0xfa, 0x3c, 0xf5, 0xd5,
  0x46, 0x04, 0x05, 0xca, 0x87, 0x0b, 0x23, 0x7e, 0x23, 0x66, 0x6f, 0xc3,
  0xd2, 0x4b, 0xcd, 0xf0, 0x4c, 0xe7, 0xaf, 0x5f, 0x57, 0xcd, 0xf0, 0x4c,
  0x57, 0x7e, 0x23, 0xfe, 0x23, 0xca, 0x1a, 0x4c, 0x05, 0xca, 0xdc, 0x4c,
  0xfe, 0x2b, 0x3e, 0x08, 0xca, 0xd5, 0x4b, 0x2b, 0x7e, 0x23, 0xfe, 0x2e,
  0xca, 0x39, 0x4c, 0xbe, 0xc2, 0xce, 0x4b, 0xfe, 0x5c, 0xca, 0x13, 0x4c,
  0xfe, 0x2a, 0xc2, 0xce, 0x4b, 0x23, 0x78, 0xfe, 0x02, 0xda, 0x0b, 0x4c,
  0x7e, 0xfe, 0x5c, 0x3e, 0x20, 0xc2, 0x17, 0x4c, 0x05, 0x1c, 0xfe, 0xaf,
  0xc6, 0x10, 0x23, 0x1c, 0x82, 0x57, 0x1c, 0x0e, 0x00, 0x05, 0xca, 0x6f,
  0x4c, 0x7e, 0x23, 0xfe, 0x2e, 0xca, 0x44, 0x4c, 0xfe, 0x23, 0xca, 0x1a,
  0x4c, 0xfe, 0x2c, 0xc2, 0x50, 0x4c, 0x7a, 0xf6, 0x40, 0x57, 0xc3, 0x1a,
  0x4c, 0x7e, 0xfe, 0x23, 0x3e, 0x2e, 0xc2, 0xce, 0x4b, 0x0e, 0x01, 0x23,
  0x0c, 0x05, 0xca, 0x6f, 0x4c, 0x7e, 0x23, 0xfe, 0x23, 0xca, 0x44, 0x4c,
  0xd5, 0x11, 0x6d, 0x4c, 0xd5, 0x54, 0x5d, 0xfe, 0x5e, 0xc0, 0xbe, 0xc0,
  0x23, 0xbe, 0xc0, 0x23, 0xbe, 0xc0, 0x23, 0x78, 0xd6, 0x04, 0xd8, 0xd1,
  0xd1, 0x47, 0x14, 0x23, 0xca, 0xeb, 0xd1, 0x7a, 0x2b, 0x1c, 0xe6, 0x08,
  0xc2, 0x8f, 0x4c, 0x1d, 0x78, 0xb7, 0xca, 0x8f, 0x4c, 0x7e, 0xd6, 0x2d,
  0xca, 0x8a, 0x4c, 0xfe, 0xfe, 0xc2, 0x8f, 0x4c, 0x3e, 0x08, 0xc6, 0x04,
  0x82, 0x57, 0x05, 0xe1, 0xf1, 0xca, 0xe5, 0x4c, 0xc5, 0xd5, 0xcd, 0x91,
  0x10, 0xd1, 0xc1, 0xc5, 0xe5, 0x43, 0x78, 0x81, 0xfe, 0x19, 0xd2, 0x87,
  0x0b, 0x7a, 0xf6, 0x80, 0xcd, 0xa8, 0x38, 0xcd, 0x72, 0x2b, 0xe1, 0x2b,
  0xd7, 0x37, 0xca, 0xc3, 0x4c, 0x32, 0xca, 0xfa, 0xfe, 0x3b, 0xca, 0xc2,
  0x4c, 0xfe, 0x2c, 0xc2, 0x68, 0x05, 0xd7, 0xc1, 0xeb, 0xe1, 0xe5, 0xf5,
  0xd5, 0x7e, 0x90, 0x23, 0x16, 0x00, 0x5f, 0x7e, 0x23, 0x66, 0x6f, 0x19,
  0x78, 0xb7, 0xc2, 0xd2, 0x4b, 0xc3, 0xe0, 0x4c, 0xcd, 0xf0, 0x4c, 0xe7,
  0xe1, 0xf1, 0xc2, 0xaf, 0x4b, 0xdc, 0x74, 0x4d, 0xe3, 0xcd, 0xdd, 0x2c,
  0xe1, 0xc3, 0x26, 0x0f, 0xf5, 0x7a, 0xb7, 0x3e, 0x2b, 0xc4, 0xfa, 0x4c,
  0xf1, 0xc9, 0xf5, 0xe5, 0xcd, 0x49, 0x42, 0xc2, 0xed, 0x4f, 0xe1, 0x3a,
  0x56, 0xf4, 0xb7, 0xca, 0x53, 0x4d, 0xf1, 0xf5, 0xfe, 0x09, 0xc2, 0x20,
  0x4d, 0x3e, 0x20, 0xcd, 0x0b, 0x4d, 0x3a, 0x55, 0xf4, 0xe6, 0x07, 0xc2,
  0x11, 0x4d, 0xf1, 0xc9, 0xd6, 0x0d, 0xca, 0x31, 0x4d, 0xda, 0x34, 0x4d,
  0xfe, 0x13, 0xda, 0x34, 0x4d, 0x3a, 0x55, 0xf4, 0x3c, 0x32, 0x55, 0xf4,
  0xf1, 0xfe, 0x1a, 0xc8, 0xc3, 0xdd, 0x18, 0xaf, 0x32, 0x56, 0xf4, 0x3a,
  0x55, 0xf4, 0xb7, 0xc8, 0x3e, 0x0d, 0xcd, 0x35, 0x4d, 0x3e, 0x0a, 0xcd,
  0x35, 0x4d, 0xaf, 0x32, 0x55, 0xf4, 0xc9, 0xf1, 0xf5, 0xcd, 0x63, 0x43,
  0x3a, 0xe6, 0xf3, 0x3d, 0x32, 0xa4, 0xf6, 0xf1, 0xc9, 0x3a, 0xe6, 0xf3,
  0x3d, 0xc8, 0xc3, 0x74, 0x4d, 0x36, 0x00, 0xcd, 0x49, 0x42, 0x21, 0xa0,
  0xf5, 0xc2, 0x7a, 0x4d, 0x3e, 0x0d, 0xe7, 0x3e, 0x0a, 0xe7, 0xcd, 0x49,
  0x42, 0xca, 0x82, 0x4d, 0xaf, 0xc9, 0x3a, 0x56, 0xf4, 0xb7, 0xca, 0x8e,
  0x4d, 0xaf, 0x32, 0x55, 0xf4, 0xc9, 0xaf, 0x32, 0xa4, 0xf6, 0xc9, 0xd7,
  0xe5, 0xcd, 0x3d, 0x18, 0xca, 0xac, 0x4d, 0xcd, 0x4d, 0x17, 0xfe, 0x03,
  0xca, 0x81, 0x50, 0xf5, 0xcd, 0x1c, 0x2b, 0xf1, 0x5f, 0xcd, 0x26, 0x2d,
  0x21, 0x17, 0x05, 0x22, 0x28, 0xfb, 0x3e, 0x03, 0x32, 0x8b, 0xfa, 0xe1,
  0xc9, 0xe5, 0xc3, 0xcf, 0x4d, 0xcd, 0x91, 0x10, 0xe5, 0xcd, 0xd7, 0x2c,
  0x7e, 0xb7, 0xca, 0x01, 0x4e, 0x23, 0x5e, 0x23, 0x66, 0x6b, 0x5f, 0xcd,
  0x11, 0x52, 0xf5, 0x01, 0x78, 0xfb, 0x16, 0x09, 0x1c, 0x1d, 0xca, 0x1e,
  0x4e, 0x7e, 0xfe, 0x20, 0xda, 0x01, 0x4e, 0xfe, 0x7f, 0xca, 0x01, 0x4e,
  0xfe, 0x2e, 0xca, 0x08, 0x4e, 0x02, 0x03, 0x23, 0x15, 0xc2, 0xd9, 0x4d,
  0xf1, 0xf5, 0x57, 0x3a, 0x78, 0xfb, 0x3c, 0xca, 0x01, 0x4e, 0xf1, 0xe1,
  0xc9, 0xc3, 0xe4, 0x51, 0x23, 0xc3, 0xd9, 0x4d, 0x7a, 0xfe, 0x09, 0xca,
  0x01, 0x4e, 0xfe, 0x03, 0xda, 0x01, 0x4e, 0xca, 0x04, 0x4e, 0x3e, 0x20,
  0x02, 0x03, 0x15, 0xc3, 0x08, 0x4e, 0x3e, 0x20, 0x02, 0x03, 0x15, 0xc2,
  0x1e, 0x4e, 0xc3, 0xf4, 0x4d, 0x7e, 0x23, 0x1d, 0xc9, 0xcd, 0xe6, 0x13,
  0x6f, 0x3a, 0x62, 0xfb, 0xbd, 0xda, 0xf3, 0x51, 0x26, 0x00, 0x22, 0x8f,
  0xf9, 0x29, 0xeb, 0x2a, 0x63, 0xfb, 0x19, 0x7e, 0x23, 0x66, 0x6f, 0x7e,
  0xb7, 0xc8, 0xe5, 0x11, 0x04, 0x00, 0x19, 0x7e, 0xfe, 0x09, 0xd2, 0x5a,
  0x4e, 0xff, 0x20, 0xc3, 0xf6, 0x51, 0xe1, 0x7e, 0xb7, 0x37, 0xc9, 0x2b,
  0xd7, 0xfe, 0x23, 0xcc, 0x77, 0x0a, 0xcd, 0xe3, 0x13, 0xe3, 0xe5, 0xcd,
  0x30, 0x4e, 0xca, 0xf0, 0x51, 0x22, 0x6c, 0xfb, 0xff, 0x0e, 0xc9, 0x01,
  0x26, 0x0f, 0xc5, 0xcd, 0xbd, 0x4d, 0xc2, 0x83, 0x4e, 0x16, 0xf9, 0xcf,
  0x82, 0xfe, 0x85, 0x1e, 0x01, 0xca, 0xa8, 0x4e, 0xfe, 0x9c, 0xca, 0x9e,
  0x4e, 0xcf, 0x41, 0xcf, 0x50, 0xcf, 0x50, 0xcf, 0x81, 0x1e, 0x08, 0xc3,
  0xa9, 0x4e, 0xd7, 0xcf, 0x50, 0xcf, 0x55, 0xcf, 0x54, 0x1e, 0x02, 0x3e,
  0xd7, 0xcf, 0x41, 0xcf, 0x53, 0xd5, 0x7e, 0xfe, 0x23, 0xcc, 0x77, 0x0a,
  0xcd, 0xe3, 0x13, 0xb7, 0xca, 0xf3, 0x51, 0xff, 0x1a, 0x1e, 0xd5, 0x2b,
  0x5f, 0xd7, 0xc2, 0x68, 0x05, 0xe3, 0x7b, 0xf5, 0xe5, 0xcd, 0x30, 0x4e,
  0xc2, 0xe7, 0x51, 0xd1, 0x7a, 0xfe, 0x09, 0xff, 0x1e, 0xda, 0xf6, 0x51,
  0xe5, 0x01, 0x04, 0x00, 0x09, 0x72, 0x3e, 0x00, 0xe1, 0xc3, 0xb9, 0x52,
  0xe5, 0xb7, 0xc2, 0xf1, 0x4e, 0x3a, 0x8c, 0xfb, 0xe6, 0x01, 0xc2, 0x9e,
  0x50, 0xcd, 0x30, 0x4e, 0xca, 0x09, 0x4f, 0x22, 0x6c, 0xfb, 0xe5, 0x3e,
  0x02, 0xda, 0xb9, 0x52, 0xff, 0x16, 0xc3, 0xf6, 0x51, 0xcd, 0x95, 0x50,
  0xe1, 0xe5, 0x11, 0x07, 0x00, 0x19, 0x77, 0x67, 0x6f, 0x22, 0x6c, 0xfb,
  0xe1, 0x86, 0x36, 0x00, 0xe1, 0xc9, 0x37, 0x11, 0xf6, 0xaf, 0xf5, 0xcd,
  0xbd, 0x4d, 0xca, 0x58, 0x20, 0x7a, 0xfe, 0xf9, 0xca, 0x58, 0x20, 0xfe,
  0xfd, 0xca, 0x0e, 0x27, 0xff, 0x1c, 0xf1, 0xf5, 0xca, 0x44, 0x4f, 0x7e,
  0xd6, 0x2c, 0xb7, 0xc2, 0x44, 0x4f, 0xd7, 0xcf, 0x52, 0xf1, 0x37, 0xf5,
  0xf5, 0xaf, 0x1e, 0x01, 0xcd, 0xbe, 0x4e, 0x2a, 0x6c, 0xfb, 0x01, 0x07,
  0x00, 0x09, 0xf1, 0x9f, 0xe6, 0x80, 0xf6, 0x01, 0x32, 0x8c, 0xfb, 0xf1,
  0xf5, 0x9f, 0x32, 0x72, 0xfb, 0x7e, 0xb7, 0xfa, 0xba, 0x4f, 0xf1, 0xc4,
  0xee, 0x22, 0xcd, 0xbf, 0x4f, 0xaf, 0xcd, 0x6b, 0x4e, 0xc3, 0x3c, 0x06,
  0xcd, 0xbd, 0x4d, 0xca, 0xb9, 0x20, 0x7a, 0xfe, 0xf9, 0xca, 0xb9, 0x20,
  0xfe, 0xfd, 0xca, 0xd5, 0x25, 0xff, 0x18, 0x2b, 0xd7, 0x1e, 0x80, 0x37,
  0xca, 0x96, 0x4f, 0xcf, 0x2c, 0xcf, 0x41, 0xb7, 0x1e, 0x02, 0xf5, 0x7a,
  0xfe, 0x09, 0xda, 0xa8, 0x4f, 0x7b, 0xe6, 0x80, 0xca, 0xa8, 0x4f, 0x1e,
  0x02, 0xf1, 0xaf, 0xf5, 0xaf, 0xcd, 0xbe, 0x4e, 0xf1, 0xda, 0xb5, 0x4f,
  0x2b, 0xd7, 0xc3, 0xf5, 0x13, 0xff, 0x24, 0xc3, 0xe4, 0x51, 0xff, 0x26,
  0xc3, 0xe4, 0x51, 0x3a, 0x8c, 0xfb, 0xb7, 0xf8, 0xaf, 0x3a, 0x62, 0xfb,
  0xc2, 0xd7, 0x4f, 0xe5, 0xf5, 0xcd, 0xe4, 0x4e, 0xf1, 0x3d, 0xf2, 0xcc,
  0x4f, 0xe1, 0xc9, 0x7e, 0xfe, 0x23, 0xcc, 0x77, 0x0a, 0xcd, 0xe3, 0x13,
  0xe5, 0xcd, 0xe4, 0x4e, 0xe1, 0x7e, 0xfe, 0x2c, 0xc0, 0xd7, 0xc3, 0xd7,
  0x4f, 0xe1, 0xf1, 0xe5, 0xd5, 0xc5, 0xf5, 0x2a, 0x6c, 0xfb, 0x3e, 0x04,
  0xcd, 0x00, 0x50, 0xff, 0x22, 0xc3, 0xe4, 0x51, 0xf5, 0xd5, 0xeb, 0x21,
  0x04, 0x00, 0x19, 0x7e, 0xeb, 0xd1, 0xfe, 0x09, 0xda, 0xb0, 0x50, 0xf1,
  0xe3, 0xe1, 0xc3, 0xb9, 0x52, 0xc5, 0xe5, 0xd5, 0x2a, 0x6c, 0xfb, 0x3e,
  0x06, 0xcd, 0x00, 0x50, 0xff, 0x10, 0xc3, 0xe4, 0x51, 0xd1, 0xe1, 0xc1,
  0xc9, 0xd7, 0xcf, 0x24, 0xcf, 0x28, 0xe5, 0x2a, 0x6c, 0xfb, 0xe5, 0x21,
  0x00, 0x00, 0x22, 0x6c, 0xfb, 0xe1, 0xe3, 0xcd, 0xe3, 0x13, 0xd5, 0x7e,
  0xfe, 0x2c, 0xc2, 0x51, 0x50, 0xd7, 0xcd, 0x5f, 0x4e, 0xfe, 0x01, 0xc2,
  0xf9, 0x51, 0xe1, 0xaf, 0x7e, 0xf5, 0xcf, 0x29, 0xf1, 0xe3, 0xf5, 0x7d,
  0xb7, 0xca, 0x87, 0x0b, 0xe5, 0xcd, 0x1e, 0x2b, 0xeb, 0xc1, 0xf1, 0xf5,
  0xca, 0x8c, 0x50, 0xcd, 0x4d, 0x17, 0xfe, 0x03, 0xca, 0x81, 0x50, 0x77,
  0x23, 0x0d, 0xc2, 0x62, 0x50, 0xf1, 0xc1, 0xe1, 0xff, 0x12, 0x22, 0x6c,
  0xfb, 0xc5, 0xc3, 0x4e, 0x2b, 0xf1, 0x2a, 0x5b, 0xf4, 0x22, 0xd2, 0xfa,
  0xe1, 0xc3, 0x44, 0x05, 0xcd, 0x15, 0x50, 0xda, 0xf9, 0x51, 0xc3, 0x6f,
  0x50, 0xcd, 0xa8, 0x50, 0xe5, 0x06, 0x00, 0xcd, 0xa0, 0x50, 0xe1, 0xc9,
  0xaf, 0x77, 0x23, 0x05, 0xc2, 0xa1, 0x50, 0xc9, 0x2a, 0x6c, 0xfb, 0x11,
  0x09, 0x00, 0x19, 0xc9, 0xf1, 0xc9, 0xcd, 0x49, 0x42, 0xca, 0x4f, 0x0a,
  0xaf, 0xcd, 0xe4, 0x4e, 0xc3, 0xea, 0x51, 0x0e, 0x01, 0xfe, 0x23, 0xc0,
  0xc5, 0xcd, 0xe2, 0x13, 0xcf, 0x2c, 0x7b, 0xe5, 0xcd, 0x6b, 0x4e, 0x7e,
  0xe1, 0xc1, 0xb9, 0xca, 0xd9, 0x50, 0xc3, 0xf3, 0x51, 0x7e, 0xc9, 0x01,
  0x66, 0x40, 0xc5, 0xaf, 0xc3, 0xe4, 0x4e, 0xef, 0x01, 0x12, 0x10, 0x11,
  0x20, 0x2c, 0xc2, 0x05, 0x51, 0x5a, 0xc3, 0x05, 0x51, 0x01, 0x26, 0x0f,
  0xc5, 0xcd, 0xbf, 0x50, 0xcd, 0xaf, 0x49, 0xcd, 0x15, 0x33, 0xd5, 0x01,
  0xb0, 0x0c, 0xaf, 0x57, 0x5f, 0xf5, 0xc5, 0xe5, 0xcd, 0x15, 0x50, 0xda,
  0xf9, 0x51, 0xfe, 0x20, 0xc2, 0x18, 0x51, 0x14, 0x15, 0xc2, 0x08, 0x51,
  0xfe, 0x22, 0xc2, 0x2d, 0x51, 0x7b, 0xfe, 0x2c, 0x3e, 0x22, 0xc2, 0x2d,
  0x51, 0x57, 0x5f, 0xcd, 0x15, 0x50, 0xda, 0x80, 0x51, 0x21, 0xa1, 0xf5,
  0x06, 0xff, 0x4f, 0x7a, 0xfe, 0x22, 0x79, 0xca, 0x6b, 0x51, 0xfe, 0x0d,
  0xe5, 0xca, 0xa0, 0x51, 0xe1, 0xfe, 0x0a, 0xc2, 0x6b, 0x51, 0x4f, 0x7b,
  0xfe, 0x2c, 0x79, 0xc4, 0xda, 0x51, 0xcd, 0x15, 0x50, 0xda, 0x80, 0x51,
  0xfe, 0x0a, 0xca, 0x46, 0x51, 0xfe, 0x0d, 0xc2, 0x6b, 0x51, 0x7b, 0xfe,
  0x20, 0xca, 0x7a, 0x51, 0xfe, 0x2c, 0x3e, 0x0d, 0xca, 0x7a, 0x51, 0xb7,
  0xca, 0x7a, 0x51, 0xba, 0xca, 0x80, 0x51, 0xbb, 0xca, 0x80, 0x51, 0xcd,
  0xda, 0x51, 0xcd, 0x15, 0x50, 0xd2, 0x32, 0x51, 0xe5, 0xfe, 0x22, 0xca,
  0x8b, 0x51, 0xfe, 0x20, 0xc2, 0xb9, 0x51, 0xcd, 0x15, 0x50, 0xda, 0xb9,
  0x51, 0xfe, 0x20, 0xca, 0x8b, 0x51, 0xfe, 0x2c, 0xca, 0xb9, 0x51, 0xfe,
  0x0d, 0xc2, 0xab, 0x51, 0xcd, 0x15, 0x50, 0xda, 0xb9, 0x51, 0xfe, 0x0a,
  0xca, 0xb9, 0x51, 0x2a, 0x6c, 0xfb, 0x4f, 0x3e, 0x08, 0xcd, 0x00, 0x50,
  0xff, 0x14, 0xc3, 0xe4, 0x51, 0xe1, 0x36, 0x00, 0x21, 0xa0, 0xf5, 0x7b,
  0xd6, 0x20, 0xca, 0xcc, 0x51, 0x06, 0x00, 0xcd, 0x2f, 0x2b, 0xe1, 0xc9,
  0xef, 0xf5, 0xd7, 0xf1, 0xf5, 0xdc, 0x26, 0x37, 0xf1, 0xd4, 0x1f, 0x37,
  0xe1, 0xc9, 0xb7, 0xc8, 0x77, 0x23, 0x05, 0xc0, 0xf1, 0xc3, 0xba, 0x51,
  0x1e, 0x37, 0x01, 0x1e, 0x35, 0x01, 0x1e, 0x38, 0x01, 0x1e, 0x34, 0x01,
  0x1e, 0x3a, 0x01, 0x1e, 0x33, 0x01, 0x1e, 0x32, 0x01, 0x1e, 0x36, 0x01,
  0x1e, 0x39, 0xc3, 0x85, 0x05, 0xff, 0x74, 0xff, 0x76, 0xff, 0x78, 0xff,
  0x7c, 0xff, 0x7a, 0xff, 0x8e, 0xff, 0x90, 0xff, 0x92, 0xff, 0x2a, 0x7e,
  0xfe, 0x3a, 0xda, 0x32, 0x52, 0xe5, 0x53, 0xcd, 0x29, 0x4e, 0xca, 0x2c,
  0x52, 0xfe, 0x3a, 0xca, 0x37, 0x52, 0xcd, 0x29, 0x4e, 0xf2, 0x21, 0x52,
  0x5a, 0xe1, 0xaf, 0xff, 0x2c, 0xc9, 0xff, 0x30, 0xc3, 0xe4, 0x51, 0x7a,
  0x93, 0x3d, 0xfe, 0x02, 0xd2, 0x44, 0x52, 0xff, 0x2e, 0xc3, 0xe4, 0x51,
  0xfe, 0x05, 0xd2, 0xe4, 0x51, 0xc1, 0xd5, 0xc5, 0x4f, 0x47, 0x11, 0x8d,
  0x52, 0xe3, 0xe5, 0xcd, 0xb5, 0x12, 0xc5, 0x47, 0x1a, 0x23, 0x13, 0xb8,
  0xc1, 0xc2, 0x78, 0x52, 0x0d, 0xc2, 0x53, 0x52, 0x1a, 0xb7, 0xfa, 0x73,
  0x52, 0xfe, 0x31, 0xc2, 0x78, 0x52, 0x13, 0x1a, 0xc3, 0x78, 0x52, 0xe1,
  0xe1, 0xd1, 0xb7, 0xc9, 0xb7, 0xfa, 0x64, 0x52, 0x1a, 0xb7, 0x13, 0xf2,
  0x7c, 0x52, 0x48, 0xe1, 0xe5, 0x1a, 0xb7, 0xc2, 0x53, 0x52, 0xc3, 0xe4,
  0x51, 0x4c, 0x43, 0x44, 0xff, 0x43, 0x52, 0x54, 0xfe, 0x43, 0x41, 0x53,
  0xfd, 0x43, 0x4f, 0x4d, 0xfc, 0x57, 0x41, 0x4e, 0x44, 0xfb, 0x4c, 0x50,
  0x54, 0xfa, 0x52, 0x41, 0x4d, 0xf9, 0x00, 0x42, 0x19, 0x62, 0x19, 0xf7,
  0x1a, 0xda, 0x1b, 0xec, 0x1c, 0xcc, 0x1b, 0x74, 0x19, 0xff, 0x32, 0xe5,
  0xd5, 0xf5, 0x11, 0x04, 0x00, 0x19, 0x3e, 0xff, 0x96, 0x87, 0x5f, 0x16,
  0x00, 0x21, 0xab, 0x52, 0x19, 0x5e, 0x23, 0x56, 0xf1, 0x6f, 0x26, 0x00,
  0x19, 0x5e, 0x23, 0x56, 0xeb, 0xd1, 0xe3, 0xc9, 0xff, 0x48, 0xcd, 0x73,
  0x42, 0x21, 0x34, 0x53, 0xcd, 0xe1, 0x42, 0xc3, 0x53, 0x53, 0xff, 0x56,
  0xcd, 0x58, 0x42, 0x21, 0x34, 0x53, 0xcd, 0xdc, 0x5d, 0xcd, 0x8f, 0x5f,
  0x21, 0xea, 0x52, 0x22, 0xfe, 0xf3, 0x21, 0x18, 0x53, 0xcd, 0x3f, 0x56,
  0xcd, 0xaa, 0x47, 0xd7, 0xa7, 0xca, 0xf5, 0x52, 0xeb, 0x2a, 0xc0, 0xf3,
  0xeb, 0xcd, 0x0b, 0x6d, 0xca, 0xea, 0x52, 0xc9, 0x54, 0x65, 0x6c, 0x63,
  0x6f, 0x6d, 0x3a, 0x20, 0x00, 0x53, 0x54, 0x41, 0x54, 0x4d, 0x53, 0x54,
  0x45, 0x52, 0x4d, 0x88, 0x53, 0x4d, 0x45, 0x4e, 0x55, 0x45, 0x56, 0xff,
  0x00, 0x00, 0x00, 0x53, 0x74, 0x61, 0x74, 0x20, 0x00, 0x54, 0x65, 0x72,
  0x6d, 0x0d, 0x00, 0x00, 0x00, 0x00, 0x00, 0x4d, 0x65, 0x6e, 0x75, 0x0d,
  0x00, 0x2b, 0xd7, 0xa7, 0xc2, 0x62, 0x53, 0x21, 0x06, 0xf4, 0x06, 0x06,
  0x7e, 0xe7, 0x23, 0x05, 0xc2, 0x58, 0x53, 0xc3, 0xf5, 0x52, 0xcd, 0x4e,
  0x1c, 0xcd, 0xa8, 0x6f, 0xc3, 0xf5, 0x52, 0x20, 0x50, 0x72, 0x65, 0x76,
  0x00, 0x00, 0x00, 0x20, 0x20, 0x55, 0x70, 0x00, 0x20, 0x44, 0x6f, 0x77,
  0x6e, 0x00, 0x00, 0x00, 0x00, 0x00, 0x20, 0x20, 0x42, 0x79, 0x65, 0x00,
  0xff, 0x4a, 0x21, 0x06, 0xf4, 0xcd, 0x4e, 0x1c, 0x3e, 0x40, 0x32, 0xfc,
  0xf3, 0x32, 0x5c, 0xf4, 0xaf, 0x32, 0xb2, 0xf9, 0x32, 0xb3, 0xf9, 0xcd,
  0x56, 0x46, 0x21, 0x6b, 0x53, 0xcd, 0xdc, 0x5d, 0xcd, 0x7a, 0x54, 0xcd,
  0x8c, 0x54, 0xcd, 0xe4, 0x42, 0xcd, 0x78, 0x42, 0xcd, 0x99, 0x5f, 0x21,
  0x27, 0x54, 0x22, 0xfe, 0xf3, 0xcd, 0x3d, 0x18, 0xca, 0xd9, 0x53, 0xcd,
  0x4d, 0x17, 0x47, 0xda, 0x34, 0x54, 0xa7, 0xc4, 0xbe, 0x6e, 0xda, 0x1a,
  0x54, 0x3a, 0x03, 0xf4, 0xa7, 0x78, 0xca, 0xe2, 0x53, 0xcd, 0xc2, 0x6d,
  0xca, 0xb4, 0x53, 0xcd, 0xd3, 0x6d, 0x47, 0xda, 0xb4, 0x53, 0xca, 0xeb,
  0x53, 0x3e, 0x82, 0xfe, 0x7f, 0xc2, 0xf5, 0x53, 0x3a, 0xe6, 0xf3, 0x3d,
  0x78, 0xc4, 0xfa, 0x4c, 0xcd, 0x01, 0x54, 0xcd, 0x97, 0x55, 0xc3, 0xb4,
  0x53, 0x47, 0x3a, 0x04, 0xf4, 0xa7, 0x78, 0xc8, 0x21, 0x0b, 0x4d, 0xe5,
  0xfe, 0x20, 0xd0, 0xfe, 0x1b, 0xc8, 0xe1, 0xfe, 0x08, 0xd8, 0xfe, 0x0e,
  0xd0, 0xe9, 0xaf, 0x32, 0x40, 0xfe, 0xcd, 0xdf, 0x72, 0xda, 0x1e, 0x54,
  0xc3, 0xb4, 0x53, 0xcd, 0x58, 0x42, 0xaf, 0x32, 0x04, 0xf4, 0xcd, 0x8c,
  0x54, 0xc3, 0xb4, 0x53, 0x5f, 0x16, 0xff, 0x2a, 0xc2, 0xf3, 0x19, 0x19,
  0x7e, 0x23, 0x66, 0x6f, 0x11, 0xb4, 0x53, 0xd5, 0xe9, 0x59, 0x54, 0x74,
  0x54, 0x86, 0x54, 0xc5, 0x54, 0x50, 0x55, 0xb4, 0x53, 0xb4, 0x53, 0xb4,
  0x53, 0xb4, 0x53, 0xf0, 0x55, 0xcd, 0x13, 0x44, 0xcd, 0x7d, 0x42, 0xcd,
  0xa2, 0x46, 0xcd, 0x3d, 0x18, 0xca, 0x62, 0x54, 0xcd, 0x4d, 0x17, 0xcd,
  0x84, 0x46, 0xcd, 0x78, 0x42, 0xc3, 0x91, 0x42, 0x21, 0x03, 0xf4, 0x7e,
  0x2f, 0x77, 0x3a, 0x03, 0xf4, 0x11, 0xb5, 0xf6, 0x21, 0xad, 0x54, 0xc3,
  0x95, 0x54, 0x21, 0x04, 0xf4, 0x7e, 0x2f, 0x77, 0x3a, 0x04, 0xf4, 0x11,
  0xc5, 0xf6, 0x21, 0xb5, 0x54, 0xa7, 0x01, 0x04, 0x00, 0xc2, 0x9d, 0x54,
  0x09, 0x41, 0xcd, 0xfd, 0x28, 0x06, 0x0c, 0xaf, 0x12, 0x13, 0x05, 0xc2,
  0xa4, 0x54, 0xc3, 0xfb, 0x5d, 0x46, 0x75, 0x6c, 0x6c, 0x48, 0x61, 0x6c,
  0x66, 0x45, 0x63, 0x68, 0x6f, 0x20, 0x20, 0x20, 0x20, 0x0d, 0x20, 0x57,
  0x61, 0x69, 0x74, 0x20, 0x00, 0x21, 0xc1, 0x55, 0x22, 0xfe, 0xf3, 0xe5,
  0x3a, 0xb2, 0xf9, 0xa7, 0xc0, 0xcd, 0x3a, 0x23, 0x21, 0x0a, 0x56, 0xcd,
  0x3f, 0x56, 0xcd, 0xa4, 0x47, 0xd7, 0xa7, 0xc8, 0x32, 0xb6, 0xf9, 0xcd,
  0xf6, 0x23, 0xcd, 0xb9, 0x4d, 0xc0, 0xcd, 0x78, 0x22, 0x21, 0x35, 0x56,
  0xca, 0x3f, 0x56, 0xeb, 0xe3, 0x3e, 0x01, 0x32, 0xb3, 0xf9, 0xcd, 0xfb,
  0x5d, 0xe1, 0x7e, 0xfe, 0x1a, 0xff, 0x5a, 0xca, 0x3d, 0x55, 0xfe, 0x0a,
  0xc2, 0x17, 0x55, 0x3a, 0x05, 0xf4, 0xa7, 0xc2, 0x17, 0x55, 0x3a, 0xb6,
  0xf9, 0xfe, 0x0d, 0x7e, 0x32, 0xb6, 0xf9, 0xca, 0x24, 0x55, 0xcd, 0xbe,
  0x6e, 0xcd, 0x44, 0x55, 0x23, 0xcd, 0x3d, 0x18, 0xca, 0xfe, 0x54, 0xcd,
  0x4d, 0x17, 0xfe, 0x03, 0xca, 0x3d, 0x55, 0xfe, 0x13, 0xcc, 0x4d, 0x17,
  0xfe, 0x03, 0xc2, 0xfe, 0x54, 0xaf, 0x32, 0xb3, 0xf9, 0xc3, 0xfb, 0x5d,
  0xcd, 0xc2, 0x6d, 0xc8, 0xcd, 0xd3, 0x6d, 0xd8, 0xe7, 0xc3, 0x44, 0x55,
  0xcd, 0x3a, 0x23, 0x3a, 0xb2, 0xf9, 0xee, 0xff, 0x32, 0xb2, 0xf9, 0xca,
  0x91, 0x55, 0x21, 0xb4, 0x55, 0x22, 0xfe, 0xf3, 0xe5, 0x21, 0x19, 0x56,
  0xcd, 0x3f, 0x56, 0xcd, 0xa4, 0x47, 0xd7, 0xa7, 0xc8, 0x32, 0xb6, 0xf9,
  0xf1, 0xe5, 0xcd, 0x02, 0x24, 0xda, 0x89, 0x55, 0x22, 0xb4, 0xf9, 0xcd,
  0xca, 0x6b, 0xf1, 0xcd, 0x1f, 0x65, 0xc3, 0xfb, 0x5d, 0xeb, 0xcd, 0xa8,
  0x21, 0xe1, 0xc3, 0x75, 0x55, 0xcd, 0xfb, 0x5d, 0xc3, 0x5d, 0x65, 0x4f,
  0x3a, 0xb2, 0xf9, 0xa7, 0x79, 0xc8, 0xcd, 0xd0, 0x55, 0xc8, 0xd2, 0xaa,
  0x55, 0xcd, 0xaa, 0x55, 0x3e, 0x0a, 0x2a, 0xb4, 0xf9, 0xcd, 0x70, 0x65,
  0x22, 0xb4, 0xf9, 0xd0, 0xaf, 0x32, 0xb2, 0xf9, 0xcd, 0xfb, 0x5d, 0x21,
  0x21, 0x56, 0xc3, 0xc4, 0x55, 0x21, 0x12, 0x56, 0xcd, 0x3f, 0x56, 0x21,
  0x2a, 0x56, 0xcd, 0x72, 0x2b, 0xc3, 0xb4, 0x53, 0x4f, 0xa7, 0xc8, 0xfe,
  0x1a, 0xc8, 0xfe, 0x7f, 0xc8, 0xfe, 0x0a, 0xc2, 0xe3, 0x55, 0x3a, 0xb6,
  0xf9, 0xfe, 0x0d, 0x79, 0x32, 0xb6, 0xf9, 0xc8, 0xfe, 0x0d, 0x37, 0x3f,
  0xc0, 0xa7, 0x37, 0xc9, 0xcd, 0x61, 0x4d, 0xff, 0x4c, 0xaf, 0x32, 0xfc,
  0xf3, 0x6f, 0x67, 0x22, 0xb2, 0xf9, 0xcd, 0xa8, 0x6f, 0xcd, 0x7d, 0x42,
  0xcd, 0x4a, 0x65, 0xc3, 0xdc, 0x52, 0x46, 0x69, 0x6c, 0x65, 0x20, 0x74,
  0x6f, 0x20, 0x55, 0x70, 0x6c, 0x6f, 0x61, 0x64, 0x00, 0x46, 0x69, 0x6c,
  0x65, 0x20, 0x74, 0x6f, 0x20, 0x44, 0x6f, 0x77, 0x6e, 0x6c, 0x6f, 0x61,
  0x64, 0x00, 0x20, 0x61, 0x62, 0x6f, 0x72, 0x74, 0x65, 0x64, 0x0d, 0x0a,
  0x00, 0x4e, 0x6f, 0x20, 0x66, 0x69, 0x6c, 0x65, 0x0d, 0x0a, 0x00, 0xcd,
  0x61, 0x4d, 0xc3, 0x72, 0x2b, 0x97, 0x32, 0x56, 0xf4, 0xcd, 0xf9, 0x3f,
  0xcd, 0xa8, 0x6f, 0xcd, 0x4a, 0x65, 0xcd, 0x37, 0x23, 0xcd, 0x9e, 0x67,
  0x3e, 0x20, 0x32, 0xfc, 0xf3, 0x3e, 0xff, 0x32, 0xba, 0xf9, 0x3a, 0xe4,
  0xf3, 0x32, 0x9c, 0xf5, 0x97, 0x32, 0xf2, 0xf3, 0x32, 0x90, 0xf5, 0xcd,
  0x34, 0x20, 0xcd, 0xa7, 0x42, 0xcd, 0x7d, 0x42, 0xcd, 0x6e, 0x42, 0xcd,
  0x8f, 0x5f, 0x97, 0x32, 0xbb, 0xf9, 0xcd, 0xc3, 0x42, 0x21, 0x7b, 0x56,
  0x22, 0xfe, 0xf3, 0xcd, 0x83, 0x5d, 0x21, 0x01, 0x19, 0xcd, 0xb5, 0x42,
  0x21, 0xaf, 0x7f, 0xcd, 0xa2, 0x5d, 0x3e, 0x23, 0xe7, 0xdb, 0xa0, 0xe6,
  0x0c, 0x0f, 0x0f, 0xfe, 0x01, 0xce, 0x30, 0xe7, 0x21, 0x43, 0xf5, 0x22,
  0x79, 0xf5, 0x06, 0x36, 0x36, 0xff, 0x23, 0x05, 0xc2, 0xb0, 0x56, 0x68,
  0x11, 0x61, 0x5e, 0x3e, 0xb0, 0x4f, 0xd5, 0xcd, 0x08, 0x5d, 0xd1, 0x1a,
  0x13, 0xb7, 0xc2, 0xbd, 0x56, 0x7d, 0x32, 0x91, 0xf5, 0xfe, 0x18, 0xca,
  0xe2, 0x56, 0xcd, 0x67, 0x5d, 0xe5, 0x21, 0x03, 0x00, 0xcd, 0xa2, 0x5d,
  0xe1, 0x2c, 0x7d, 0xc3, 0xcd, 0x56, 0x3a, 0x90, 0xf5, 0x6f, 0xcd, 0x78,
  0x57, 0xcd, 0xd9, 0x5d, 0x21, 0x08, 0x22, 0xcd, 0xb5, 0x42, 0xcd, 0x52,
  0x7e, 0x21, 0x37, 0xfb, 0x11, 0xe5, 0xf6, 0x06, 0x01, 0xcd, 0xe1, 0x5d,
  0x97, 0x32, 0xbb, 0xf9, 0xcd, 0xdb, 0x50, 0xcd, 0x86, 0x5d, 0xcd, 0xe4,
  0x42, 0x21, 0x99, 0xf9, 0x97, 0xbe, 0xca, 0x2c, 0x57, 0x77, 0x21, 0x4f,
  0xf8, 0x06, 0x1b, 0x7e, 0x3c, 0xca, 0x2c, 0x57, 0x3d, 0xfe, 0xc4, 0xca,
  0xbc, 0x57, 0xcd, 0x81, 0x5f, 0xc2, 0x1b, 0x57, 0xf6, 0x97, 0xcc, 0x58,
  0x42, 0xcd, 0x8f, 0x5f, 0x21, 0x2d, 0x57, 0x22, 0xfe, 0xf3, 0xcd, 0xbe,
  0x5f, 0xda, 0x89, 0x58, 0xfe, 0x0d, 0xca, 0x22, 0x58, 0x01, 0x3a, 0x57,
  0xc5, 0xfe, 0x20, 0xda, 0x51, 0x57, 0xc0, 0x3e, 0x1c, 0x2a, 0x90, 0xf5,
  0x5d, 0xd6, 0x1c, 0xf8, 0x01, 0x6e, 0x57, 0xc5, 0xca, 0xb4, 0x57, 0x3d,
  0xca, 0xac, 0x57, 0x3d, 0xc1, 0xca, 0xa5, 0x57, 0x7b, 0xc6, 0x04, 0x57,
  0xbc, 0xf0, 0x32, 0x90, 0xf5, 0x6b, 0xd5, 0xcd, 0x78, 0x57, 0xd1, 0x6a,
  0xcd, 0x26, 0x74, 0xcd, 0x67, 0x5d, 0x06, 0x0a, 0xe5, 0x21, 0xe6, 0xf3,
  0x35, 0xc5, 0xd5, 0x2a, 0xe5, 0xf3, 0xcd, 0x4e, 0x46, 0xeb, 0xcd, 0xc4,
  0x74, 0xf3, 0xcd, 0x09, 0x74, 0xfb, 0xd1, 0x21, 0xe6, 0xf3, 0x34, 0xc1,
  0x05, 0xc2, 0x85, 0x57, 0xcd, 0x26, 0x74, 0xe1, 0xc9, 0x7b, 0xd6, 0x04,
  0x57, 0xf8, 0xc5, 0xc9, 0x7b, 0x3d, 0x57, 0xf0, 0x54, 0x15, 0x7a, 0xc9,
  0x7b, 0x3c, 0x57, 0xbc, 0xf8, 0x97, 0x57, 0xc9, 0xcd, 0x5b, 0x5e, 0xeb,
  0x21, 0xe6, 0xf7, 0xe5, 0x06, 0x40, 0xcd, 0x16, 0x58, 0x36, 0x00, 0x23,
  0x36, 0x00, 0xd1, 0x21, 0x7b, 0xf5, 0x01, 0x00, 0x0a, 0x1a, 0xfe, 0x2e,
  0xc2, 0xdd, 0x57, 0x0e, 0x7f, 0x0c, 0xfc, 0xb6, 0x12, 0xb7, 0xca, 0xf5,
  0x57, 0xfe, 0x0d, 0xca, 0xf4, 0x57, 0x77, 0x13, 0x23, 0x05, 0xc2, 0xd5,
  0x57, 0xc3, 0x2d, 0x57, 0x13, 0x36, 0x00, 0xd5, 0xcd, 0x1f, 0x5e, 0xca,
  0x2d, 0x57, 0xe5, 0xcd, 0x3d, 0x18, 0xca, 0x0d, 0x58, 0xcd, 0x4d, 0x17,
  0xfe, 0x03, 0xca, 0x2d, 0x57, 0xd1, 0xe1, 0x22, 0xe0, 0xf3, 0xeb, 0xc3,
  0x25, 0x58, 0x1a, 0xfe, 0x1a, 0xc8, 0x77, 0x23, 0x13, 0x05, 0xc8, 0xc3,
  0x16, 0x58, 0xcd, 0x4b, 0x5e, 0xe5, 0xcd, 0xc3, 0x42, 0xcd, 0x60, 0x42,
  0xcd, 0x73, 0x42, 0x3a, 0x9c, 0xf5, 0xcd, 0x34, 0x20, 0xcd, 0x69, 0x42,
  0x3e, 0x0c, 0xe7, 0xcd, 0x73, 0x42, 0xcd, 0xa7, 0x42, 0xcd, 0x96, 0x42,
  0x97, 0x32, 0xba, 0xf9, 0x32, 0xfc, 0xf3, 0x6f, 0x67, 0x22, 0xfe, 0xf3,
  0xe1, 0x7e, 0xe6, 0xf0, 0xcd, 0x5b, 0x5e, 0xfe, 0xa0, 0xca, 0x06, 0x29,
  0xfe, 0xb0, 0xca, 0x88, 0x58, 0xfe, 0xf0, 0xca, 0xb9, 0xf3, 0xfe, 0xc0,
  0xca, 0x2a, 0x61, 0xfe, 0x80, 0xc2, 0x7b, 0x56, 0x22, 0x5d, 0xf4, 0x1b,
  0x1b, 0xeb, 0x22, 0x79, 0xf9, 0xcd, 0x14, 0x07, 0xcd, 0x00, 0x6d, 0xcd,
  0xe4, 0x42, 0xcd, 0xf5, 0x3f, 0xc3, 0x1d, 0x0a, 0xe9, 0x21, 0xe0, 0x58,
  0x22, 0xfe, 0xf3, 0xf5, 0x3e, 0xff, 0x32, 0xbb, 0xf9, 0xcd, 0xc3, 0x42,
  0xf1, 0xd6, 0xf7, 0xda, 0x86, 0x59, 0xfe, 0x08, 0xca, 0xab, 0x7e, 0xfe,
  0x05, 0xca, 0x99, 0x5a, 0xb7, 0xf5, 0xcd, 0x4b, 0x5e, 0xe5, 0xcd, 0x5b,
  0x5e, 0xeb, 0xe1, 0x7e, 0x4f, 0xf1, 0xf5, 0xfe, 0x01, 0x79, 0xca, 0xb8,
  0x5b, 0xe6, 0x10, 0xc2, 0xe0, 0x58, 0x7e, 0xe6, 0x60, 0x07, 0x07, 0x07,
  0x4f, 0xf1, 0xe5, 0xd5, 0xc5, 0xe5, 0xca, 0xec, 0x58, 0x3d, 0x3d, 0xca,
  0xc0, 0x5a, 0x3d, 0x3d, 0xca, 0x99, 0x5a, 0xfe, 0x03, 0xca, 0x91, 0x5b,
  0xcd, 0xdb, 0x50, 0xcd, 0x58, 0x42, 0xcd, 0x99, 0x5f, 0xc3, 0x00, 0x57,
  0xcd, 0x93, 0x5a, 0xe1, 0xe5, 0xcd, 0xbf, 0x5c, 0x21, 0xdb, 0x5e, 0xcd,
  0xa2, 0x5d, 0x3e, 0x0d, 0xcd, 0x0f, 0x5c, 0xd1, 0x3a, 0x8f, 0xf5, 0xb7,
  0xca, 0x1c, 0x59, 0x2b, 0x7e, 0x23, 0xfe, 0x3a, 0xc2, 0x22, 0x59, 0x2b,
  0x2b, 0x7e, 0x23, 0x23, 0xcd, 0xb6, 0x12, 0xfe, 0x4d, 0xca, 0x22, 0x59,
  0x13, 0x13, 0x13, 0xcd, 0xaa, 0x5d, 0x36, 0x00, 0xc1, 0x0d, 0xfa, 0x49,
  0x59, 0xc2, 0x3a, 0x59, 0xcd, 0xcb, 0x5c, 0xe1, 0xd5, 0xcd, 0xf8, 0x28,
  0xd1, 0xff, 0x3a, 0xc3, 0x60, 0x26, 0xcd, 0xe5, 0x5c, 0xe1, 0x7e, 0xe7,
  0x23, 0xfe, 0x1a, 0xc2, 0x3e, 0x59, 0xc3, 0x00, 0x57, 0xcd, 0x70, 0x5a,
  0x7a, 0xfe, 0xfc, 0xca, 0x6e, 0x59, 0x21, 0xb2, 0x5e, 0xcd, 0xb5, 0x5c,
  0xcd, 0xa6, 0x5f, 0xcd, 0xa0, 0x5f, 0xfe, 0x0d, 0xca, 0x7a, 0x59, 0xfe,
  0x42, 0xca, 0x79, 0x59, 0xfe, 0x41, 0xc2, 0x00, 0x57, 0xe7, 0xcd, 0xe5,
  0x5c, 0xe1, 0x22, 0x5d, 0xf4, 0x97, 0xc3, 0xf5, 0x13, 0xe7, 0xcd, 0xcb,
  0x5c, 0xe1, 0x22, 0x5d, 0xf4, 0xff, 0x38, 0xc3, 0xe5, 0x25, 0x21, 0x45,
  0x56, 0x22, 0xfe, 0xf3, 0x21, 0x79, 0x5e, 0xcd, 0xb5, 0x5c, 0x21, 0xd2,
  0x5e, 0xcd, 0xa2, 0x5d, 0x21, 0x7b, 0xf5, 0x11, 0x91, 0x5e, 0xd5, 0xd5,
  0xcd, 0xbd, 0x5d, 0x36, 0x00, 0xd1, 0x21, 0x78, 0xfb, 0xcd, 0xb7, 0x5d,
  0x21, 0x9b, 0xf9, 0xd1, 0xcd, 0xb7, 0x5d, 0x3e, 0x0d, 0xcd, 0x0f, 0x5c,
  0x3a, 0x8f, 0xf5, 0x16, 0xfd, 0xb7, 0xca, 0xe5, 0x59, 0x06, 0x0d, 0x11,
  0x7b, 0xf5, 0x1a, 0x13, 0xfe, 0x3a, 0xca, 0xd7, 0x59, 0x05, 0xc2, 0xc6,
  0x59, 0x11, 0x7b, 0xf5, 0xc3, 0xdc, 0x59, 0x1a, 0xb7, 0xca, 0xe2, 0x59,
  0x21, 0x78, 0xfb, 0xcd, 0xc1, 0x5d, 0xcd, 0x70, 0x5a, 0xd5, 0xcd, 0x93,
  0x5a, 0x21, 0xdc, 0x5e, 0xcd, 0xa2, 0x5d, 0x3e, 0x09, 0xcd, 0x0f, 0x5c,
  0x3a, 0x8f, 0xf5, 0xfe, 0x03, 0xda, 0xe0, 0x58, 0x2b, 0xcd, 0xb5, 0x12,
  0x77, 0x32, 0xa2, 0xf9, 0x2b, 0xcd, 0xb5, 0x12, 0x77, 0x32, 0xa1, 0xf9,
  0x2b, 0x11, 0x66, 0x5e, 0x7e, 0xfe, 0x2e, 0xc2, 0xe0, 0x58, 0xcd, 0x0b,
  0x6d, 0xca, 0xe0, 0x58, 0xf1, 0xd1, 0xf5, 0xfe, 0xc0, 0xca, 0x2a, 0x5a,
  0xcd, 0x7d, 0x5a, 0xca, 0xe0, 0x58, 0xcd, 0x81, 0x5a, 0xca, 0xe0, 0x58,
  0xd5, 0xcd, 0x1f, 0x5e, 0xca, 0x53, 0x5a, 0xe5, 0xcd, 0x5b, 0x5e, 0xe5,
  0xcd, 0x58, 0x42, 0xcd, 0xf7, 0x5c, 0xc2, 0x00, 0x57, 0xd1, 0xe1, 0xc1,
  0xf1, 0xf5, 0xc5, 0xfe, 0xa0, 0xcd, 0xaf, 0x5b, 0xc3, 0x5e, 0x5a, 0x3a,
  0x91, 0xf5, 0xfe, 0x18, 0xca, 0xe0, 0x58, 0xcd, 0xd4, 0x5c, 0x21, 0x9b,
  0xf9, 0x11, 0x7b, 0xf5, 0xcd, 0xc1, 0x5d, 0x97, 0x32, 0x90, 0xf5, 0xd1,
  0xf1, 0xc3, 0x8d, 0x24, 0x21, 0x7b, 0xf5, 0xcd, 0xf6, 0x23, 0xcd, 0xb9,
  0x4d, 0xc0, 0x16, 0xfd, 0xc9, 0x7a, 0xfe, 0xfc, 0xc8, 0x7a, 0xfe, 0xf9,
  0xc8, 0xfe, 0xfe, 0xc8, 0xfe, 0xff, 0xc8, 0xfe, 0xfa, 0xc8, 0x21, 0xa5,
  0x5e, 0x7e, 0xc9, 0x21, 0x7f, 0x5e, 0xc3, 0xb5, 0x5c, 0xb7, 0xf5, 0x21,
  0x4f, 0xf8, 0x06, 0x1b, 0x7e, 0x3c, 0xca, 0xaf, 0x5a, 0x3d, 0xe6, 0xfb,
  0x77, 0xcd, 0x81, 0x5f, 0xc2, 0xa0, 0x5a, 0xf1, 0xc2, 0x7b, 0x56, 0x0d,
  0x0d, 0xc2, 0xe0, 0x58, 0xe1, 0x7e, 0xf6, 0x04, 0x77, 0xc3, 0x7b, 0x56,
  0xe1, 0xc1, 0x0d, 0xca, 0xe0, 0x58, 0x0c, 0xe5, 0xca, 0x5b, 0x5b, 0xcd,
  0x75, 0x5b, 0x21, 0xf9, 0x5e, 0xcd, 0xa2, 0x5d, 0x21, 0xf6, 0xf3, 0xcd,
  0xa2, 0x5d, 0x21, 0x00, 0x5f, 0xcd, 0xa2, 0x5d, 0x3e, 0x03, 0xf5, 0xcd,
  0x13, 0x5c, 0x21, 0x7b, 0xf5, 0xc1, 0xe5, 0x7e, 0xfe, 0x30, 0xda, 0xfb,
  0x5a, 0xfe, 0x3a, 0xd2, 0xfb, 0x5a, 0x23, 0x05, 0xc2, 0xeb, 0x5a, 0x36,
  0x00, 0xe1, 0x7e, 0xb7, 0xcc, 0x88, 0x5b, 0xcd, 0xe3, 0x13, 0xfe, 0x0a,
  0xda, 0xe0, 0x58, 0xfe, 0x85, 0xd2, 0xe0, 0x58, 0xf5, 0x11, 0xf6, 0xf3,
  0x21, 0x7b, 0xf5, 0xcd, 0xa8, 0x67, 0xcd, 0x75, 0x5b, 0xf1, 0xe1, 0xe5,
  0xf5, 0xcd, 0x7b, 0x5b, 0xf1, 0x32, 0xf5, 0xf3, 0x32, 0xf8, 0xf4, 0x32,
  0x56, 0xf4, 0x3e, 0x01, 0x32, 0xf6, 0xf4, 0x32, 0xf7, 0xf4, 0xcd, 0x51,
  0x42, 0xe1, 0xcd, 0xbf, 0x5c, 0xcd, 0x51, 0x42, 0xd1, 0xe1, 0xcd, 0xaa,
  0x6a, 0x7a, 0xa7, 0x3c, 0xc2, 0x42, 0x5b, 0x97, 0x32, 0xf6, 0xf4, 0x32,
  0x56, 0xf4, 0x3a, 0xe8, 0xf3, 0x32, 0xf8, 0xf4, 0xc3, 0x00, 0x57, 0xcd,
  0x75, 0x5b, 0xe1, 0xe5, 0xcd, 0x7b, 0x5b, 0xcd, 0x44, 0x4d, 0xe1, 0x3e,
  0xff, 0x32, 0x56, 0xf4, 0xcd, 0xbf, 0x5c, 0xcd, 0x44, 0x4d, 0xc3, 0x71,
  0x59, 0x21, 0x8b, 0x5e, 0xc3, 0xb5, 0x5c, 0xcd, 0xbf, 0x5c, 0xcd, 0xd4,
  0x5c, 0x21, 0x4b, 0x5b, 0x22, 0xfe, 0xf3, 0xc9, 0x21, 0xf6, 0xf3, 0x11,
  0x7b, 0xf5, 0xc3, 0xa8, 0x67, 0x21, 0xa7, 0x5e, 0xcd, 0xb5, 0x5c, 0xe1,
  0xcd, 0xbf, 0x5c, 0xcd, 0xf7, 0x5c, 0xc2, 0x00, 0x57, 0xc1, 0xd1, 0xe1,
  0x0d, 0xcd, 0xaf, 0x5b, 0x97, 0x32, 0x90, 0xf5, 0xc3, 0x7b, 0x56, 0xca,
  0xc2, 0x21, 0xfa, 0x00, 0x22, 0xc3, 0xa8, 0x21, 0xe5, 0xf5, 0xe5, 0xe5,
  0x21, 0x85, 0x5e, 0xcd, 0xb5, 0x5c, 0xe1, 0xcd, 0xbf, 0x5c, 0x21, 0xdb,
  0x5e, 0xcd, 0xa2, 0x5d, 0xe1, 0x11, 0x09, 0x00, 0x19, 0xe5, 0x3e, 0x06,
  0xcd, 0x13, 0x5c, 0xd1, 0xf1, 0xcd, 0x03, 0x5e, 0xc2, 0xe0, 0x58, 0x21,
  0x7b, 0xf5, 0x7e, 0xb7, 0xca, 0xf0, 0x5b, 0xfe, 0x3a, 0x23, 0xca, 0xe0,
  0x58, 0xc3, 0xe2, 0x5b, 0xe1, 0x23, 0x23, 0x23, 0x11, 0x91, 0x5e, 0xe5,
  0xcd, 0xaa, 0x5d, 0xe1, 0x11, 0x7b, 0xf5, 0x1a, 0xb7, 0xca, 0x7b, 0x56,
  0xfe, 0x2e, 0xca, 0x7b, 0x56, 0x77, 0x13, 0x23, 0xc3, 0xff, 0x5b, 0xf5,
  0x3e, 0xff, 0x11, 0xf5, 0x97, 0x32, 0xa3, 0xf5, 0xf1, 0x32, 0xa2, 0xf5,
  0x97, 0x32, 0x8f, 0xf5, 0x21, 0x7b, 0xf5, 0xcd, 0xbe, 0x5f, 0xda, 0x23,
  0x5c, 0xfe, 0x08, 0xca, 0xa2, 0x5c, 0xfe, 0x7f, 0xca, 0xa2, 0x5c, 0xfe,
  0x1d, 0xca, 0xa2, 0x5c, 0xfe, 0x03, 0xca, 0xe0, 0x58, 0xfe, 0x0d, 0xca,
  0x6e, 0x5c, 0xfe, 0x2e, 0xcc, 0x91, 0x5c, 0xfe, 0x20, 0xda, 0x23, 0x5c,
  0x4f, 0x3a, 0xa2, 0xf5, 0x5f, 0x3a, 0x8f, 0xf5, 0xcc, 0x99, 0x5c, 0xbb,
  0xca, 0x9c, 0x5c, 0x3c, 0x32, 0x8f, 0xf5, 0x71, 0x23, 0xe5, 0x79, 0xe7,
  0x21, 0xdf, 0x5e, 0xcd, 0xa2, 0x5d, 0xe1, 0xc3, 0x23, 0x5c, 0xe5, 0x21,
  0x7b, 0xf5, 0x3a, 0x8f, 0xf5, 0xb7, 0xca, 0x8d, 0x5c, 0x5f, 0x16, 0x01,
  0x7e, 0xfe, 0x3a, 0xc2, 0x83, 0x5c, 0x15, 0x1d, 0x23, 0xc2, 0x7c, 0x5c,
  0x7a, 0xb7, 0xfa, 0xe0, 0x58, 0xe1, 0x36, 0x00, 0xc9, 0x3a, 0xa3, 0xf5,
  0xb7, 0x3e, 0x2e, 0xc0, 0x11, 0xb7, 0xc0, 0xf1, 0xcd, 0x58, 0x42, 0xc3,
  0x23, 0x5c, 0x3a, 0x8f, 0xf5, 0xb7, 0xca, 0x9c, 0x5c, 0x3d, 0x32, 0x8f,
  0xf5, 0x2b, 0xe5, 0x21, 0xcc, 0x5e, 0xc3, 0x67, 0x5c, 0xe5, 0x21, 0x08,
  0x01, 0xcd, 0xb5, 0x42, 0xc3, 0xc7, 0x5c, 0xeb, 0x21, 0x7b, 0xf5, 0xe5,
  0xcd, 0x3f, 0x5d, 0xe1, 0xc3, 0xa2, 0x5d, 0xcd, 0x70, 0x5a, 0xcd, 0x7d,
  0x5a, 0xca, 0xe0, 0x58, 0xd5, 0xe5, 0x21, 0xe4, 0x5e, 0xcd, 0xfa, 0x5c,
  0xe1, 0xd1, 0xc8, 0xfe, 0x0d, 0xc2, 0x00, 0x57, 0xc9, 0xcd, 0x70, 0x5a,
  0xcd, 0x81, 0x5a, 0xca, 0xe0, 0x58, 0xcd, 0xd4, 0x5c, 0x97, 0x1e, 0x02,
  0xc3, 0xbe, 0x4e, 0x21, 0xef, 0x5e, 0xcd, 0xa2, 0x5d, 0xcd, 0xa6, 0x5f,
  0xcd, 0xa0, 0x5f, 0xfe, 0x59, 0xc0, 0xe7, 0xc9, 0x06, 0x1b, 0x11, 0x4f,
  0xf8, 0x1a, 0x3c, 0xc8, 0x3d, 0xe6, 0xfb, 0xb9, 0xc2, 0x38, 0x5d, 0xc5,
  0xd5, 0xe5, 0x2a, 0x79, 0xf5, 0x73, 0x23, 0x72, 0x23, 0x22, 0x79, 0xf5,
  0xe1, 0xcd, 0x67, 0x5d, 0xe5, 0x21, 0x7b, 0xf5, 0xe5, 0xcd, 0x3f, 0x5d,
  0xe1, 0xcd, 0xa2, 0x5d, 0xe1, 0x2c, 0xd1, 0xc1, 0xcd, 0x87, 0x5f, 0xc2,
  0x0d, 0x5d, 0xc9, 0x1a, 0x06, 0x2e, 0xfe, 0xc4, 0xc2, 0x49, 0x5d, 0x06,
  0x2a, 0x13, 0x13, 0x13, 0xcd, 0xaa, 0x5d, 0x3e, 0x20, 0x2b, 0xbe, 0xca,
  0x51, 0x5d, 0x23, 0x36, 0x00, 0x1a, 0xfe, 0x20, 0xc8, 0x70, 0x23, 0x3e,
  0x02, 0xcd, 0xac, 0x5d, 0x36, 0x00, 0xc9, 0xd5, 0xe5, 0x7d, 0x1f, 0x1f,
  0xe6, 0x3f, 0x5f, 0x1c, 0x1c, 0x7d, 0xe6, 0x03, 0x87, 0x57, 0x87, 0x87,
  0x82, 0x57, 0x14, 0x14, 0xeb, 0xcd, 0xb5, 0x42, 0xe1, 0xd1, 0xc9, 0xcd,
  0x60, 0x42, 0x21, 0x01, 0x01, 0xcd, 0xb5, 0x42, 0x21, 0x2a, 0xf5, 0xe5,
  0x36, 0x32, 0x23, 0x36, 0x30, 0x23, 0xcd, 0x9f, 0x1d, 0x36, 0x20, 0x23,
  0xcd, 0x7f, 0x1d, 0x36, 0x00, 0xe1, 0x7e, 0xb7, 0xc8, 0xe7, 0x23, 0xc3,
  0xa2, 0x5d, 0x3e, 0x06, 0xf5, 0x1a, 0x77, 0x13, 0x23, 0xf1, 0x3d, 0xc2,
  0xac, 0x5d, 0xc9, 0xcd, 0xc1, 0x5d, 0x36, 0x00, 0xc9, 0xcd, 0xc1, 0x5d,
  0x13, 0x1a, 0xb7, 0xc8, 0xfe, 0x2e, 0xc8, 0x77, 0x23, 0x13, 0xc3, 0xc1,
  0x5d, 0x1a, 0xbe, 0xc0, 0xb7, 0xc8, 0x23, 0x13, 0x0d, 0xc2, 0xcd, 0x5d,
  0xc9, 0x21, 0x79, 0x5e, 0x11, 0xa5, 0xf6, 0x06, 0x0a, 0x0e, 0x0f, 0x7e,
  0x23, 0xb7, 0xca, 0xf0, 0x5d, 0x12, 0x13, 0x0d, 0xc2, 0xe3, 0x5d, 0x97,
  0x0c, 0x12, 0x13, 0x0d, 0xc2, 0xf1, 0x5d, 0x05, 0xc2, 0xe1, 0x5d, 0x3a,
  0xe9, 0xf3, 0xb7, 0xc4, 0xe4, 0x42, 0xc9, 0xf5, 0x36, 0x00, 0x3a, 0x8f,
  0xf5, 0xb7, 0xca, 0xe0, 0x58, 0xf1, 0xe6, 0x10, 0xc2, 0x1f, 0x5e, 0x36,
  0x2e, 0x23, 0x1a, 0x77, 0x23, 0x13, 0x1a, 0x77, 0x23, 0x36, 0x00, 0x06,
  0x1b, 0x11, 0x4f, 0xf8, 0x21, 0x92, 0xf5, 0x1a, 0x3c, 0xc8, 0xe6, 0x80,
  0xca, 0x44, 0x5e, 0xd5, 0xe5, 0xcd, 0x3f, 0x5d, 0xe1, 0x0e, 0x09, 0x11,
  0x7b, 0xf5, 0xcd, 0xcd, 0x5d, 0xc2, 0x43, 0x5e, 0xe1, 0x0c, 0xc9, 0xd1,
  0xcd, 0x87, 0x5f, 0xc2, 0x24, 0x5e, 0xc9, 0x3a, 0x90, 0xf5, 0x21, 0x41,
  0xf5, 0x11, 0x02, 0x00, 0x3c, 0x19, 0x3d, 0xc2, 0x55, 0x5e, 0x2b, 0x23,
  0x5e, 0x23, 0x56, 0xeb, 0xc9, 0xf0, 0xc0, 0x80, 0xa0, 0x00, 0x2e, 0x42,
  0x41, 0x00, 0x00, 0x80, 0x2e, 0x43, 0x4f, 0x00, 0x00, 0xa0, 0x2e, 0x44,
  0x4f, 0x00, 0x00, 0xc0, 0xff, 0x4c, 0x6f, 0x61, 0x64, 0x20, 0x00, 0x53,
  0x61, 0x76, 0x65, 0x20, 0x00, 0x4e, 0x61, 0x6d, 0x65, 0x20, 0x00, 0x4c,
  0x69, 0x73, 0x74, 0x20, 0x00, 0x20, 0x20, 0x20, 0x20, 0x20, 0x20, 0x00,
  0x53, 0x65, 0x74, 0x49, 0x50, 0x4c, 0x00, 0x43, 0x6c, 0x72, 0x49, 0x50,
  0x4c, 0x00, 0x00, 0x4b, 0x69, 0x6c, 0x6c, 0x20, 0x00, 0x42, 0x61, 0x6e,
  0x6b, 0x00, 0x42, 0x28, 0x69, 0x6e, 0x61, 0x72, 0x79, 0x29, 0x20, 0x6f,
  0x72, 0x20, 0x41, 0x28, 0x73, 0x63, 0x69, 0x69, 0x29, 0x3f, 0x20, 0x5f,
  0x1b, 0x4b, 0x08, 0x00, 0x20, 0x08, 0x08, 0x5f, 0x08, 0x00, 0x20, 0x66,
  0x72, 0x6f, 0x6d, 0x20, 0x5f, 0x08, 0x00, 0x20, 0x61, 0x73, 0x20, 0x5f,
  0x1b, 0x4b, 0x08, 0x00, 0x20, 0x52, 0x65, 0x61, 0x64, 0x79, 0x3f, 0x20,
  0x5f, 0x08, 0x00, 0x20, 0x53, 0x75, 0x72, 0x65, 0x3f, 0x20, 0x5f, 0x08,
  0x00, 0x57, 0x69, 0x64, 0x74, 0x68, 0x28, 0x00, 0x29, 0x3a, 0x20, 0x5f,
  0x08, 0x00, 0x4c, 0x6f, 0x61, 0x64, 0x20, 0x22, 0x00, 0x53, 0x61, 0x76,
  0x65, 0x20, 0x22, 0x00, 0x46, 0x69, 0x6c, 0x65, 0x73, 0x0d, 0x00, 0x4c,
  0x69, 0x73, 0x74, 0x20, 0x00, 0x52, 0x75, 0x6e, 0x0d, 0x00, 0x45, 0x64,
  0x69, 0x74, 0x20, 0x00, 0x43, 0x6f, 0x6e, 0x74, 0x0d, 0x00, 0x50, 0x72,
  0x69, 0x6e, 0x74, 0x20, 0x00, 0x4c, 0x69, 0x73, 0x74, 0x2e, 0x0d, 0x1e,
  0x1e, 0x00, 0x4d, 0x65, 0x6e, 0x75, 0x0d, 0x00, 0xd5, 0xe5, 0xd5, 0x1a,
  0xcd, 0xb6, 0x12, 0x4f, 0xcd, 0xb5, 0x12, 0xb9, 0xc2, 0x5c, 0x5f, 0x13,
  0x23, 0xc3, 0x4b, 0x5f, 0xfe, 0x00, 0x79, 0xc1, 0xe1, 0xca, 0x73, 0x5f,
  0xfe, 0x1a, 0xca, 0x81, 0x5d, 0xcd, 0x76, 0x5f, 0xc2, 0x49, 0x5f, 0xf1,
  0xc3, 0x48, 0x5f, 0xd1, 0x37, 0xc9, 0x1a, 0xfe, 0x0d, 0x13, 0xc0, 0x1a,
  0xfe, 0x0a, 0xc0, 0x13, 0xc9, 0x11, 0x0b, 0x00, 0x19, 0x05, 0xc9, 0xe5,
  0xeb, 0xcd, 0x81, 0x5f, 0xeb, 0xe1, 0xc9, 0x21, 0xff, 0xff, 0x22, 0x5b,
  0xf4, 0x23, 0x22, 0xb2, 0xf9, 0xc1, 0x2a, 0xd0, 0xfa, 0xf9, 0xc5, 0xc9,
  0xcd, 0x4d, 0x17, 0xc3, 0xb6, 0x12, 0xe5, 0x2a, 0xe5, 0xf3, 0xe5, 0xcd,
  0x3d, 0x18, 0xf5, 0xcc, 0x86, 0x5d, 0xf1, 0xe1, 0xf5, 0xcd, 0xb5, 0x42,
  0xf1, 0xe1, 0xca, 0xa6, 0x5f, 0xc9, 0xcd, 0xa6, 0x5f, 0xc3, 0x4d, 0x17,
  0x21, 0xd1, 0x5f, 0x22, 0xfe, 0xf3, 0x21, 0xf7, 0x5f, 0xcd, 0xdc, 0x5d,
  0xaf, 0xc4, 0x58, 0x42, 0xcd, 0x8f, 0x5f, 0x21, 0xeb, 0x5f, 0xcd, 0x72,
  0x2b, 0xcd, 0xa4, 0x47, 0xd7, 0xa7, 0xca, 0x45, 0x56, 0xcd, 0x02, 0x24,
  0xc3, 0x2a, 0x61, 0x46, 0x69, 0x6c, 0x65, 0x20, 0x74, 0x6f, 0x20, 0x65,
  0x64, 0x69, 0x74, 0x00, 0x00, 0x00, 0x00, 0x00, 0x00, 0x00, 0x00, 0x00,
  0x03, 0x00, 0x46, 0x69, 0x6e, 0x64, 0x0e, 0x00, 0x4e, 0x65, 0x78, 0x74,
  0x0b, 0x00, 0x53, 0x65, 0x6c, 0x20, 0x0c, 0x00, 0x43, 0x75, 0x74, 0x20,
  0x15, 0x00, 0x43, 0x6f, 0x70, 0x79, 0x0f, 0x00, 0x4b, 0x65, 0x79, 0x73,
  0x10, 0x00, 0x00, 0x00, 0x00, 0x4d, 0x65, 0x6e, 0x75, 0x1b, 0x1b, 0x00,
  0xe5, 0xf5, 0xcd, 0x16, 0x61, 0xcd, 0xa8, 0x16, 0xf1, 0xf5, 0x3e, 0x01,
  0xca, 0x41, 0x60, 0x3e, 0xff, 0x32, 0xfd, 0xf3, 0xaf, 0x32, 0x7a, 0xfb,
  0x21, 0x20, 0x20, 0x22, 0x7e, 0xfb, 0x21, 0xc4, 0x60, 0x22, 0xfe, 0xf3,
  0x11, 0x02, 0xf9, 0x21, 0x15, 0x61, 0xcd, 0xbe, 0x4e, 0x21, 0xbf, 0x60,
  0x22, 0xfe, 0xf3, 0xcd, 0x1f, 0x61, 0xf1, 0xe1, 0xe5, 0xc3, 0xf5, 0x13,
  0xcd, 0xdb, 0x50, 0xcd, 0x1e, 0x23, 0x3a, 0xe9, 0xf3, 0x32, 0xbf, 0xf9,
  0x21, 0x00, 0x00, 0x22, 0x01, 0xf5, 0x22, 0x03, 0xf5, 0xcd, 0x3a, 0x23,
  0x2a, 0x87, 0xf8, 0x7e, 0xfe, 0x1a, 0xca, 0xa7, 0x60, 0xe5, 0xaf, 0x21,
  0x95, 0x60, 0xc3, 0x39, 0x61, 0xaf, 0x21, 0xd5, 0x60, 0x22, 0xfe, 0xf3,
  0x21, 0x15, 0x61, 0x16, 0xf9, 0xc3, 0x43, 0x4f, 0xcd, 0x60, 0x42, 0xaf,
  0x32, 0xfd, 0xf3, 0x6f, 0x67, 0x22, 0xfe, 0xf3, 0xcd, 0xe1, 0x21, 0xcd,
  0x37, 0x40, 0x3a, 0xbf, 0xf9, 0x32, 0xe9, 0xf3, 0xc3, 0xe4, 0x6c, 0xd5,
  0xcd, 0xe1, 0x21, 0xd1, 0xd5, 0xaf, 0x32, 0xfd, 0xf3, 0x6f, 0x67, 0x22,
  0xfe, 0xf3, 0xcd, 0xdb, 0x50, 0xd1, 0xc3, 0x85, 0x05, 0x7b, 0xf5, 0x2a,
  0x67, 0xfb, 0x2b, 0x46, 0x05, 0x2b, 0x4e, 0x2b, 0x6e, 0xaf, 0x67, 0x09,
  0x01, 0xff, 0xff, 0x09, 0xda, 0xed, 0x60, 0x6f, 0x67, 0x22, 0x01, 0xf5,
  0xcd, 0xdb, 0x50, 0xf1, 0xfe, 0x07, 0x21, 0x7f, 0x62, 0xca, 0xff, 0x60,
  0x21, 0x05, 0x61, 0x22, 0x03, 0xf5, 0xc3, 0x81, 0x60, 0x54, 0x65, 0x78,
  0x74, 0x20, 0x69, 0x6c, 0x6c, 0x2d, 0x66, 0x6f, 0x72, 0x6d, 0x65, 0x64,
  0x07, 0x00, 0x21, 0x8e, 0xfa, 0x11, 0x9b, 0xf9, 0xc3, 0x25, 0x61, 0x21,
  0x9b, 0xf9, 0x11, 0x8e, 0xfa, 0x06, 0x0c, 0xc3, 0xfd, 0x28, 0xe5, 0x21,
  0x00, 0x00, 0x22, 0x01, 0xf5, 0x22, 0x03, 0xf5, 0x3e, 0x01, 0x21, 0x45,
  0x56, 0x32, 0xf7, 0xf4, 0x22, 0x81, 0xf5, 0xcd, 0xa7, 0x42, 0xcd, 0xc3,
  0x42, 0xcd, 0x6e, 0x42, 0xcd, 0x7d, 0x42, 0xcd, 0x9e, 0x67, 0x21, 0x02,
  0x60, 0xcd, 0xdc, 0x5d, 0x3a, 0xfd, 0xf3, 0xa7, 0xca, 0x67, 0x61, 0x21,
  0x45, 0x78, 0x22, 0x35, 0xf7, 0x21, 0x69, 0x74, 0x22, 0x37, 0xf7, 0x3a,
  0xe8, 0xf3, 0x32, 0xf8, 0xf4, 0x3e, 0x80, 0x32, 0xfc, 0xf3, 0xaf, 0x6f,
  0x67, 0x32, 0xf9, 0xf4, 0x32, 0xf6, 0xf4, 0x32, 0xfb, 0xf4, 0x32, 0x3b,
  0xf5, 0x22, 0xfc, 0xf4, 0xe1, 0x22, 0x83, 0xf5, 0xe5, 0xcd, 0xc7, 0x6b,
  0xcd, 0x1f, 0x65, 0xd1, 0x2a, 0x01, 0xf5, 0x19, 0xcd, 0xa7, 0x65, 0xe5,
  0xcd, 0x23, 0x6a, 0xe1, 0xcd, 0xd9, 0x64, 0x2a, 0x03, 0xf5, 0x7c, 0xb5,
  0xca, 0xb3, 0x61, 0xe5, 0xcd, 0x80, 0x67, 0xe3, 0xcd, 0x93, 0x67, 0xe1,
  0xcd, 0xb5, 0x42, 0xcd, 0x9b, 0x42, 0xcd, 0x8f, 0x5f, 0x21, 0xb6, 0x61,
  0x22, 0xfe, 0xf3, 0xe5, 0x3a, 0xf9, 0xf4, 0x32, 0xfa, 0xf4, 0xcd, 0xbf,
  0x65, 0x32, 0xf9, 0xf4, 0xf5, 0xcd, 0xd1, 0x67, 0xf1, 0xda, 0xd6, 0x66,
  0xfe, 0x7f, 0xca, 0xe6, 0x62, 0xfe, 0x20, 0xd2, 0x58, 0x62, 0x4f, 0x06,
  0x00, 0x21, 0xef, 0x61, 0x09, 0x09, 0x4e, 0x23, 0x66, 0x69, 0xe5, 0x2a,
  0xe5, 0xf3, 0xc9, 0xee, 0x61, 0x5a, 0x63, 0xa5, 0x63, 0x5d, 0x64, 0xac,
  0x62, 0x23, 0x63, 0x48, 0x63, 0xee, 0x61, 0xd9, 0x62, 0x58, 0x62, 0xee,
  0x61, 0x26, 0x67, 0x10, 0x64, 0x8c, 0x62, 0x36, 0x67, 0x06, 0x66, 0xee,
  0x61, 0xd9, 0x63, 0xcb, 0x63, 0x1f, 0x63, 0x90, 0x63, 0x1a, 0x66, 0xee,
  0x61, 0xde, 0x63, 0xb0, 0x62, 0xee, 0x61, 0xea, 0x63, 0x2f, 0x62, 0xac,
  0x62, 0x1f, 0x63, 0x23, 0x63, 0xb0, 0x62, 0x3a, 0xfa, 0xf4, 0xd6, 0x1b,
  0xc0, 0x6f, 0x67, 0x22, 0xfe, 0xf3, 0xff, 0x5c, 0xcd, 0x9e, 0x67, 0xcd,
  0x73, 0x42, 0xcd, 0x96, 0x42, 0xcd, 0xc3, 0x42, 0xcd, 0xb5, 0x65, 0xcd,
  0xb5, 0x42, 0xcd, 0x51, 0x42, 0xcd, 0x5d, 0x65, 0x2a, 0x81, 0xf5, 0xe9,
  0xf5, 0xcd, 0x5d, 0x64, 0xcd, 0x38, 0x6b, 0xcd, 0x96, 0x6b, 0xf1, 0xcd,
  0x70, 0x65, 0xda, 0x71, 0x62, 0xe5, 0xcd, 0x21, 0x64, 0xe1, 0xc3, 0x14,
  0x63, 0xcd, 0x80, 0x67, 0xe5, 0x21, 0x7f, 0x62, 0xcd, 0x93, 0x67, 0xe1,
  0xc3, 0xb5, 0x42, 0x4d, 0x65, 0x6d, 0x6f, 0x72, 0x79, 0x20, 0x66, 0x75,
  0x6c, 0x6c, 0x07, 0x00, 0xcd, 0x5d, 0x64, 0xcd, 0x38, 0x6b, 0x2a, 0x88,
  0xfa, 0x23, 0x7e, 0x23, 0xb6, 0xc2, 0x71, 0x62, 0xcd, 0x21, 0x64, 0xcd,
  0x96, 0x6b, 0x3e, 0x0d, 0xcd, 0x70, 0x65, 0x3e, 0x0a, 0xc3, 0x63, 0x62,
  0xcd, 0xb6, 0x62, 0x37, 0xd4, 0xc3, 0x62, 0xc3, 0x6e, 0x64, 0x2a, 0xe5,
  0xf3, 0x3a, 0xe8, 0xf3, 0x24, 0xbc, 0xd2, 0x43, 0x63, 0x26, 0x01, 0x2c,
  0x7d, 0xe5, 0xcd, 0xe5, 0x6a, 0x7b, 0xa2, 0x3c, 0xe1, 0x37, 0xc8, 0xcd,
  0xa7, 0x65, 0xbd, 0xdc, 0xdf, 0x64, 0xc3, 0x43, 0x63, 0xcd, 0x5d, 0x64,
  0xcd, 0x96, 0x6b, 0xcd, 0xd9, 0x64, 0xcd, 0x29, 0x63, 0xd8, 0xcd, 0x5d,
  0x64, 0xcd, 0x96, 0x6b, 0xe5, 0xcd, 0xd9, 0x64, 0xe1, 0x7e, 0xfe, 0x1a,
  0xc8, 0xf5, 0xe5, 0xe5, 0xcd, 0x38, 0x6b, 0xe1, 0xcd, 0x90, 0x65, 0xcd,
  0x24, 0x64, 0xe1, 0xf1, 0xfe, 0x0d, 0xc2, 0x14, 0x63, 0x7e, 0xfe, 0x0a,
  0xc2, 0x14, 0x63, 0xf5, 0xe5, 0xc3, 0xfc, 0x62, 0xe5, 0x3a, 0xe5, 0xf3,
  0xcd, 0x3b, 0x6a, 0xe1, 0xc3, 0xc4, 0x64, 0xcd, 0x29, 0x63, 0x37, 0xd4,
  0x34, 0x63, 0xc3, 0x6e, 0x64, 0x2a, 0xe5, 0xf3, 0x25, 0xc2, 0x43, 0x63,
  0x3a, 0xe8, 0xf3, 0x67, 0xe5, 0xcd, 0xe2, 0x6a, 0x2a, 0x83, 0xf5, 0xdf,
  0xe1, 0x3f, 0xd8, 0x2d, 0xcc, 0xeb, 0x64, 0xcd, 0xb5, 0x42, 0xa7, 0xc9,
  0xcd, 0x96, 0x6b, 0xcd, 0x72, 0x63, 0xc2, 0x4b, 0x63, 0xcd, 0x72, 0x63,
  0xca, 0x51, 0x63, 0xc3, 0x6c, 0x63, 0xcd, 0x96, 0x6b, 0xcd, 0x7d, 0x63,
  0xca, 0x5d, 0x63, 0xcd, 0x7d, 0x63, 0xc2, 0x63, 0x63, 0xcd, 0x72, 0x63,
  0xcd, 0xc4, 0x64, 0xc3, 0x6e, 0x64, 0x7e, 0xfe, 0x1a, 0xc1, 0xca, 0x6c,
  0x63, 0x23, 0xc3, 0x88, 0x63, 0xeb, 0x2a, 0x83, 0xf5, 0xeb, 0xdf, 0xc1,
  0xca, 0x6c, 0x63, 0x2b, 0xc5, 0xe5, 0x7e, 0xcd, 0x02, 0x6a, 0xe1, 0xc9,
  0x2d, 0x2e, 0x01, 0xc2, 0x9f, 0x63, 0xe5, 0xcd, 0xe2, 0x6a, 0xeb, 0xcd,
  0xfe, 0x63, 0xe1, 0xcd, 0xb5, 0x42, 0xc3, 0x6e, 0x64, 0xe5, 0x2c, 0xcd,
  0xa7, 0x65, 0x3c, 0xbd, 0xc2, 0xba, 0x63, 0xf5, 0xcd, 0xe2, 0x6a, 0xeb,
  0x3e, 0x01, 0xcd, 0x01, 0x64, 0xf1, 0x3d, 0xcd, 0xe5, 0x6a, 0x47, 0x13,
  0x7a, 0xb3, 0x78, 0xca, 0xba, 0x63, 0xe1, 0x6f, 0xc3, 0x9f, 0x63, 0x3a,
  0xe8, 0xf3, 0x67, 0xcd, 0xb5, 0x42, 0xcd, 0x96, 0x6b, 0xcd, 0x40, 0x6b,
  0x01, 0x26, 0x01, 0xc3, 0x9f, 0x63, 0x2a, 0x83, 0xf5, 0xcd, 0x04, 0x64,
  0xcd, 0x5c, 0x42, 0xc3, 0x6e, 0x64, 0x2a, 0x88, 0xfa, 0xe5, 0xcd, 0xdb,
  0x6a, 0xe1, 0xdf, 0xe5, 0xd4, 0xfe, 0x63, 0xe1, 0xcd, 0xd9, 0x64, 0xc3,
  0x6e, 0x64, 0xcd, 0xa7, 0x65, 0xcd, 0xd6, 0x6b, 0xcd, 0x13, 0x00, 0xc8,
  0x22, 0x07, 0xf5, 0x3e, 0x01, 0xc3, 0x68, 0x6a, 0xcd, 0x5d, 0x64, 0xcd,
  0x96, 0x6b, 0x22, 0xfc, 0xf4, 0x22, 0xfe, 0xf4, 0x5d, 0x54, 0xc3, 0x81,
  0x64, 0x0e, 0x00, 0x21, 0x0e, 0x80, 0xcd, 0xa7, 0x65, 0x21, 0xe5, 0xf3,
  0x96, 0x47, 0xcd, 0xe2, 0x6a, 0x23, 0x23, 0x5e, 0x23, 0x56, 0x13, 0x7a,
  0xb3, 0xc8, 0x0d, 0xfa, 0x40, 0x64, 0x1b, 0x1b, 0x2b, 0x73, 0x23, 0x72,
  0x05, 0xf2, 0x32, 0x64, 0xc9, 0xcd, 0x5c, 0x42, 0xcd, 0x82, 0x42, 0xcd,
  0xa7, 0x65, 0x87, 0x47, 0x11, 0x07, 0xf5, 0x21, 0x09, 0xf5, 0xc3, 0xfd,
  0x28, 0xcd, 0xbc, 0x64, 0xe5, 0x21, 0x00, 0x00, 0x22, 0xfc, 0xf4, 0xcd,
  0x96, 0x6b, 0xd1, 0xc3, 0x7e, 0x64, 0xcd, 0xbc, 0x64, 0xcd, 0x96, 0x6b,
  0xeb, 0x2a, 0xfe, 0xf4, 0xdf, 0xc8, 0xeb, 0x22, 0xfe, 0xf4, 0xcd, 0x87,
  0x66, 0xe5, 0xd5, 0xcd, 0xdb, 0x6a, 0xe1, 0xdf, 0xda, 0x8e, 0x64, 0xcd,
  0xb5, 0x65, 0xdc, 0x40, 0x6b, 0x65, 0xe3, 0xcd, 0x13, 0x00, 0xd2, 0x9b,
  0x64, 0x2e, 0x01, 0xd4, 0x40, 0x6b, 0xf1, 0x95, 0x4f, 0xeb, 0x2a, 0xe5,
  0xf3, 0xeb, 0xd5, 0x26, 0x01, 0xcd, 0xb5, 0x42, 0xcd, 0xe2, 0x6a, 0x79,
  0xf5, 0xcd, 0xaa, 0x6a, 0xf1, 0x3d, 0xf2, 0xb0, 0x64, 0xc3, 0x7b, 0x62,
  0x2a, 0xfc, 0xf4, 0x7c, 0xb5, 0xc0, 0xe1, 0xc9, 0xcd, 0x13, 0x00, 0xdc,
  0xec, 0x64, 0xda, 0xc4, 0x64, 0xe5, 0xcd, 0xdb, 0x6a, 0xe1, 0xdf, 0xd4,
  0xe0, 0x64, 0xd2, 0xcd, 0x64, 0xcd, 0x40, 0x6b, 0xc3, 0xb5, 0x42, 0x2d,
  0xf5, 0xe5, 0xcd, 0x49, 0x64, 0xcd, 0xa7, 0x65, 0xc3, 0x12, 0x65, 0x2c,
  0xf5, 0xe5, 0xcd, 0xc4, 0x67, 0xcd, 0x5c, 0x42, 0xcd, 0x87, 0x42, 0xcd,
  0xf2, 0x6a, 0xd5, 0xcd, 0xdb, 0x6a, 0x23, 0x5d, 0x54, 0x2b, 0x2b, 0x3d,
  0x87, 0x4f, 0x06, 0x00, 0xcd, 0x83, 0x6c, 0xeb, 0xd1, 0x72, 0x2b, 0x73,
  0x3e, 0x01, 0xcd, 0x68, 0x6a, 0xe1, 0xf1, 0xc9, 0x2a, 0xe1, 0xfa, 0x2b,
  0x22, 0x88, 0xfa, 0x2a, 0xe9, 0xfa, 0x01, 0xc8, 0x00, 0x09, 0x01, 0x00,
  0x00, 0xaf, 0x95, 0x6f, 0x9f, 0x94, 0x67, 0x39, 0xd0, 0x7c, 0xb5, 0xc8,
  0x44, 0x4d, 0x2a, 0x88, 0xfa, 0xeb, 0x13, 0xcd, 0x1c, 0x6c, 0xc5, 0x36,
  0x00, 0x23, 0x0b, 0x78, 0xb1, 0xc2, 0x3f, 0x65, 0xc1, 0xc9, 0x2a, 0xe1,
  0xfa, 0xcd, 0xca, 0x6b, 0x23, 0xeb, 0x2a, 0xe3, 0xfa, 0xeb, 0xdf, 0xd0,
  0x7e, 0xa7, 0xc2, 0x4d, 0x65, 0x2a, 0x88, 0xfa, 0xe5, 0x01, 0xff, 0xff,
  0xaf, 0x23, 0x03, 0xbe, 0xca, 0x65, 0x65, 0xe1, 0x23, 0xc3, 0x3c, 0x6c,
  0xeb, 0x2a, 0x88, 0xfa, 0x23, 0x34, 0x35, 0x37, 0xc0, 0xf5, 0x22, 0x88,
  0xfa, 0xeb, 0x7b, 0x95, 0x4f, 0x7a, 0x9c, 0x47, 0x6b, 0x62, 0x2b, 0xcd,
  0x83, 0x6c, 0x23, 0xf1, 0x77, 0x23, 0xa7, 0xc9, 0xeb, 0x2a, 0x88, 0xfa,
  0x7d, 0x93, 0x4f, 0x7c, 0x9a, 0x47, 0x2b, 0x22, 0x88, 0xfa, 0x6b, 0x62,
  0x23, 0xcd, 0x78, 0x6c, 0xaf, 0x12, 0xc9, 0xe5, 0xf5, 0x21, 0xe9, 0xf3,
  0x3a, 0xe7, 0xf3, 0x86, 0x6f, 0xf1, 0x7d, 0xe1, 0xc9, 0xf5, 0x2a, 0xe7,
  0xf3, 0xcd, 0xa7, 0x65, 0x6f, 0xf1, 0xc9, 0xcd, 0x4d, 0x17, 0xd8, 0xf5,
  0xfe, 0x10, 0xca, 0xcb, 0x65, 0xf1, 0xc9, 0x2a, 0xe5, 0xf3, 0xe5, 0x3a,
  0xe9, 0xf3, 0xa7, 0xc2, 0xe7, 0x65, 0x3c, 0xcd, 0xe5, 0x42, 0x3a, 0xe5,
  0xf3, 0xe1, 0xbd, 0x3a, 0xe7, 0xf3, 0xc4, 0x52, 0x64, 0xf1, 0xc9, 0xcd,
  0xc3, 0x42, 0x3a, 0xe7, 0xf3, 0x3d, 0xcd, 0xe5, 0x6a, 0x23, 0x36, 0xfe,
  0x23, 0x23, 0x36, 0xfe, 0x3d, 0xcd, 0x68, 0x6a, 0xaf, 0x32, 0xfb, 0xf4,
  0xe1, 0xcd, 0xb5, 0x42, 0xf1, 0xc9, 0xcd, 0xbc, 0x64, 0xcd, 0x5d, 0x65,
  0xcd, 0x8b, 0x66, 0xf5, 0xcd, 0x1f, 0x65, 0xf1, 0xd2, 0x5d, 0x64, 0xc3,
  0x71, 0x62, 0xcd, 0xbc, 0x64, 0xcd, 0x5d, 0x65, 0xcd, 0x8b, 0x66, 0xf5,
  0xd4, 0x3c, 0x6c, 0xf1, 0xd2, 0x44, 0x66, 0x78, 0xa7, 0xca, 0x3f, 0x66,
  0xcd, 0xf4, 0x1e, 0xc5, 0x01, 0x00, 0x01, 0xcd, 0x5d, 0x66, 0xc1, 0x05,
  0xc2, 0x30, 0x66, 0x79, 0xa7, 0xc4, 0x5d, 0x66, 0x11, 0x00, 0x00, 0xeb,
  0x22, 0xfc, 0xf4, 0xeb, 0xe5, 0x3a, 0xe5, 0xf3, 0xcd, 0x23, 0x6a, 0xe1,
  0xcd, 0xd9, 0x64, 0xcd, 0xc7, 0x6b, 0xc3, 0x1f, 0x65, 0xe5, 0xc5, 0xeb,
  0x2a, 0x67, 0xfb, 0xeb, 0xcd, 0x78, 0x6c, 0xc1, 0xe1, 0xe5, 0xc5, 0xcd,
  0x3c, 0x6c, 0x2a, 0x7c, 0xf8, 0x09, 0xeb, 0xc1, 0xcd, 0x1c, 0x6c, 0xeb,
  0x2a, 0x67, 0xfb, 0xcd, 0x78, 0x6c, 0xe1, 0xc9, 0x2a, 0xfc, 0xf4, 0xeb,
  0x2a, 0xfe, 0xf4, 0xdf, 0xd8, 0xeb, 0xc9, 0xcd, 0x6f, 0x24, 0x2a, 0x7c,
  0xf8, 0x22, 0x62, 0xf4, 0xaf, 0x32, 0x00, 0xf5, 0xcd, 0x80, 0x66, 0x1b,
  0x7b, 0x95, 0x4f, 0x7a, 0x9c, 0x47, 0xda, 0xb8, 0x66, 0x1a, 0xfe, 0x1a,
  0xca, 0xb9, 0x66, 0xfe, 0x0d, 0xc2, 0xb8, 0x66, 0x13, 0x1a, 0xfe, 0x0a,
  0xc2, 0xb8, 0x66, 0x03, 0x03, 0x78, 0xb1, 0xc8, 0xe5, 0x2a, 0x62, 0xf4,
  0xcd, 0x0a, 0x6c, 0xeb, 0xe1, 0xd8, 0x3a, 0x00, 0xf5, 0xa7, 0xca, 0xce,
  0x66, 0x09, 0xe5, 0xc5, 0xcd, 0x78, 0x6c, 0xc1, 0xe1, 0xc9, 0xcd, 0x5d,
  0x64, 0xcd, 0x5d, 0x65, 0xcd, 0x3a, 0x23, 0xcd, 0x96, 0x6b, 0x22, 0x62,
  0xf4, 0x7c, 0x32, 0x00, 0xf5, 0x2a, 0x7c, 0xf8, 0x7e, 0xfe, 0x1a, 0xca,
  0x1f, 0x65, 0x5d, 0x54, 0x1b, 0x13, 0x1a, 0xfe, 0x1a, 0xc2, 0xf5, 0x66,
  0xcd, 0x9c, 0x66, 0xf5, 0xd5, 0xcd, 0xc7, 0x6b, 0xcd, 0x1f, 0x65, 0xd1,
  0xf1, 0xda, 0x71, 0x62, 0xd5, 0x2a, 0x62, 0xf4, 0x3a, 0xe5, 0xf3, 0xcd,
  0x23, 0x6a, 0xcd, 0xdb, 0x6a, 0xe1, 0xdf, 0xcd, 0xa7, 0x65, 0xe5, 0xd4,
  0x23, 0x6a, 0xe1, 0xc3, 0xd9, 0x64, 0xcd, 0x80, 0x67, 0xcd, 0x96, 0x6b,
  0xeb, 0x21, 0x3b, 0xf5, 0x7e, 0xa7, 0xc8, 0xc3, 0x53, 0x67, 0xcd, 0x80,
  0x67, 0xcd, 0x96, 0x6b, 0xe5, 0x21, 0xbc, 0x67, 0x11, 0x3b, 0xf5, 0xd5,
  0xcd, 0xe8, 0x67, 0xd1, 0x23, 0x7e, 0xa7, 0x37, 0xca, 0x70, 0x67, 0xcd,
  0xa8, 0x67, 0xd1, 0xd5, 0x1a, 0xfe, 0x1a, 0xca, 0x74, 0x67, 0x13, 0xcd,
  0x48, 0x5f, 0xd2, 0x74, 0x67, 0xd1, 0xc5, 0xc5, 0xcd, 0xdb, 0x6a, 0xe1,
  0xdf, 0xda, 0x70, 0x67, 0xcd, 0x1e, 0x6a, 0xa7, 0xdc, 0xd8, 0x67, 0x37,
  0x21, 0xb3, 0x67, 0xd4, 0x93, 0x67, 0xc3, 0xf7, 0x63, 0xcd, 0x5d, 0x64,
  0x2a, 0xe5, 0xf3, 0xcd, 0xa7, 0x65, 0xbd, 0xc0, 0x2d, 0xe5, 0xcd, 0x49,
  0x64, 0xc3, 0x7b, 0x62, 0x21, 0x2a, 0x56, 0x3e, 0x01, 0x32, 0xfb, 0xf4,
  0xcd, 0xc4, 0x67, 0xcd, 0x72, 0x2b, 0xcd, 0x3d, 0x18, 0xc8, 0xcd, 0x4d,
  0x17, 0xc3, 0x9e, 0x67, 0xe5, 0x7e, 0x12, 0x23, 0x13, 0xa7, 0xc2, 0xa9,
  0x67, 0xe1, 0xc9, 0x4e, 0x6f, 0x20, 0x6d, 0x61, 0x74, 0x63, 0x68, 0x00,
  0x53, 0x74, 0x72, 0x69, 0x6e, 0x67, 0x3a, 0x00, 0xe5, 0xcd, 0xb5, 0x65,
  0x26, 0x01, 0xcd, 0xb5, 0x42, 0xe1, 0xc3, 0x8c, 0x42, 0x21, 0xfb, 0xf4,
  0xaf, 0xbe, 0xc8, 0x77, 0x2a, 0xe5, 0xf3, 0xe5, 0xcd, 0xa7, 0x65, 0xcd,
  0x68, 0x6a, 0xc3, 0x7b, 0x62, 0x11, 0x15, 0x61, 0xd5, 0xcd, 0x98, 0x67,
  0x3a, 0xe6, 0xf3, 0x32, 0xbd, 0xf9, 0xe1, 0xe5, 0xcd, 0x72, 0x2b, 0xcd,
  0x96, 0x42, 0xcd, 0x4d, 0x17, 0xda, 0xfa, 0x67, 0xa7, 0xca, 0xfa, 0x67,
  0xe1, 0xfe, 0x0d, 0xca, 0x3c, 0x68, 0xf5, 0xcd, 0xb5, 0x65, 0x3a, 0xbd,
  0xf9, 0x67, 0xcd, 0xb5, 0x42, 0xcd, 0x8c, 0x42, 0xf1, 0x11, 0xa1, 0xf5,
  0x06, 0x01, 0xa7, 0xc3, 0x25, 0x68, 0xcd, 0x4d, 0x17, 0x21, 0x22, 0x68,
  0xe5, 0xd8, 0xfe, 0x7f, 0xca, 0xc1, 0x46, 0xfe, 0x20, 0xd2, 0x69, 0x68,
  0x21, 0x43, 0x68, 0x0e, 0x07, 0xc3, 0xd7, 0x43, 0x11, 0xa1, 0xf5, 0xcd,
  0xa8, 0x67, 0xc3, 0x61, 0x68, 0x03, 0x5a, 0x68, 0x08, 0xc1, 0x46, 0x09,
  0x67, 0x68, 0x0d, 0x5d, 0x68, 0x15, 0xe4, 0x46, 0x18, 0xe4, 0x46, 0x1d,
  0xc1, 0x46, 0x11, 0xa1, 0xf5, 0xe1, 0xe1, 0xaf, 0x12, 0x21, 0xa0, 0xf5,
  0xc3, 0x9b, 0x42, 0x3e, 0x09, 0x4f, 0x3a, 0xe8, 0xf3, 0xd6, 0x09, 0x21,
  0xe6, 0xf3, 0xbe, 0xda, 0x58, 0x42, 0x79, 0x04, 0xe7, 0x12, 0x13, 0xc9,
  0xaf, 0x32, 0x66, 0xf4, 0x32, 0x00, 0xf5, 0x21, 0x6a, 0xf4, 0x22, 0x68,
  0xf4, 0xd5, 0xcd, 0xaf, 0x69, 0xd1, 0x1a, 0x13, 0xfe, 0x1a, 0xca, 0x24,
  0x69, 0xfe, 0x0d, 0xca, 0x34, 0x69, 0xfe, 0x09, 0xca, 0xa4, 0x68, 0xfe,
  0x20, 0xda, 0xfa, 0x68, 0xcd, 0x4f, 0x69, 0xd2, 0x89, 0x68, 0x1a, 0xcd,
  0xfb, 0x69, 0xc2, 0xc4, 0x68, 0xcd, 0xf2, 0x68, 0x1a, 0xfe, 0x20, 0xc0,
  0x3a, 0xf6, 0xf4, 0xa7, 0xc8, 0x13, 0x1a, 0xfe, 0x20, 0xc0, 0x1b, 0xc9,
  0xeb, 0x22, 0x62, 0xf4, 0xeb, 0x2a, 0x68, 0xf4, 0x22, 0x64, 0xf4, 0x1b,
  0x1a, 0x13, 0xcd, 0xfb, 0x69, 0xca, 0xf2, 0x68, 0x1b, 0x1a, 0x13, 0xcd,
  0xfb, 0x69, 0xca, 0x8c, 0x69, 0x1b, 0xcd, 0x76, 0x69, 0xc2, 0xd8, 0x68,
  0x2a, 0x64, 0xf4, 0x22, 0x68, 0xf4, 0x2a, 0x62, 0xf4, 0xeb, 0x3a, 0xf6,
  0xf4, 0x3d, 0xca, 0xa5, 0x69, 0xc9, 0xf5, 0x3e, 0x5e, 0xcd, 0x4f, 0x69,
  0xda, 0x14, 0x69, 0xf1, 0xf6, 0x40, 0xcd, 0x4f, 0x69, 0xd2, 0x89, 0x68,
  0x3a, 0xf6, 0xf4, 0xa7, 0xc2, 0xa5, 0x69, 0xc9, 0xf1, 0x1b, 0x2a, 0x68,
  0xf4, 0x2b, 0x22, 0x68, 0xf4, 0x21, 0x66, 0xf4, 0x35, 0xc3, 0x8c, 0x69,
  0x3a, 0xf6, 0xf4, 0xa7, 0x3e, 0x80, 0xcc, 0x4f, 0x69, 0xcd, 0x8c, 0x69,
  0x11, 0xff, 0xff, 0xc9, 0x1a, 0xfe, 0x0a, 0x3e, 0x0d, 0xc2, 0xfa, 0x68,
  0xd5, 0xcd, 0xaf, 0x69, 0xd1, 0x3a, 0xf6, 0xf4, 0xa7, 0x3e, 0x81, 0xcc,
  0x4f, 0x69, 0xcd, 0x8c, 0x69, 0x13, 0xc9, 0xe5, 0xcd, 0x6d, 0x69, 0x21,
  0x66, 0xf4, 0xfe, 0x09, 0xca, 0x5f, 0x69, 0x34, 0xc3, 0x66, 0x69, 0x34,
  0x7e, 0xe6, 0x07, 0xc2, 0x5f, 0x69, 0x3a, 0xf8, 0xf4, 0x3d, 0xbe, 0xe1,
  0xc9, 0x2a, 0x68, 0xf4, 0x77, 0x23, 0x22, 0x68, 0xf4, 0xc9, 0x2a, 0x68,
  0xf4, 0x2b, 0x2b, 0x2b, 0x7e, 0xfe, 0x1b, 0xca, 0x84, 0x69, 0x23, 0x23,
  0x22, 0x68, 0xf4, 0x21, 0x66, 0xf4, 0x35, 0xc9, 0x3a, 0x66, 0xf4, 0x21,
  0xf8, 0xf4, 0xbe, 0xd0, 0x3a, 0xf6, 0xf4, 0xa7, 0xc2, 0xa5, 0x69, 0x3e,
  0x1b, 0xcd, 0x6d, 0x69, 0x3e, 0x4b, 0xcd, 0x6d, 0x69, 0x3e, 0x0d, 0xcd,
  0x6d, 0x69, 0x3e, 0x0a, 0xc3, 0x6d, 0x69, 0xcd, 0xbc, 0x64, 0x3a, 0xf6,
  0xf4, 0xa7, 0xc0, 0x01, 0x00, 0xf5, 0xd5, 0xeb, 0x2a, 0xfe, 0xf4, 0xeb,
  0xdf, 0xd1, 0xd2, 0xdc, 0x69, 0xeb, 0xdf, 0xda, 0xea, 0x69, 0xeb, 0x2a,
  0xfe, 0xf4, 0xeb, 0xdf, 0xd2, 0xea, 0x69, 0x0a, 0xa7, 0xc0, 0x3c, 0x26,
  0x70, 0xc3, 0xf0, 0x69, 0xeb, 0xdf, 0xd2, 0xea, 0x69, 0xeb, 0x2a, 0xfe,
  0xf4, 0xeb, 0xdf, 0xd2, 0xd3, 0x69, 0x0a, 0xa7, 0xc8, 0xaf, 0x26, 0x71,
  0xe5, 0x02, 0x3e, 0x1b, 0xcd, 0x6d, 0x69, 0xf1, 0xc3, 0x6d, 0x69, 0x47,
  0x3a, 0xf7, 0xf4, 0xa7, 0x78, 0xc8, 0x21, 0x14, 0x6a, 0x06, 0x01, 0xbe,
  0xc8, 0x23, 0x05, 0xc2, 0x07, 0x6a, 0xfe, 0x21, 0x04, 0xd0, 0x05, 0xc9,
  0x2d, 0x29, 0x3c, 0x3e, 0x5b, 0x5d, 0x2b, 0x2d, 0x2a, 0x2f, 0xcd, 0xa7,
  0x65, 0xa7, 0x1f, 0xcd, 0xd6, 0x6b, 0x22, 0x07, 0xf5, 0xcd, 0xa7, 0x65,
  0x87, 0x21, 0x09, 0xf5, 0x36, 0xfe, 0x23, 0x3d, 0xc2, 0x30, 0x6a, 0x3c,
  0xc3, 0x68, 0x6a, 0xf5, 0x2a, 0x05, 0xf5, 0x7c, 0xb5, 0xca, 0x67, 0x6a,
  0xeb, 0xcd, 0x7c, 0x68, 0xf1, 0x47, 0xcd, 0xc4, 0x6a, 0x78, 0xf5, 0xca,
  0x67, 0x6a, 0x3d, 0xca, 0x67, 0x6a, 0x6f, 0x26, 0x01, 0xcd, 0xb5, 0x42,
  0xcd, 0xad, 0x6a, 0x7a, 0xa3, 0x3c, 0xc1, 0xca, 0x8c, 0x42, 0xc5, 0xf1,
  0x6f, 0x26, 0x01, 0xcd, 0xb5, 0x42, 0xcd, 0xe2, 0x6a, 0x7b, 0xa2, 0x3c,
  0xca, 0xa1, 0x6a, 0xcd, 0xe2, 0x6a, 0xcd, 0xb5, 0x65, 0xbd, 0xca, 0x91,
  0x6a, 0xcd, 0xaa, 0x6a, 0x7a, 0xa3, 0x3c, 0xca, 0x9b, 0x6a, 0xcd, 0xcb,
  0x6a, 0xc2, 0x7a, 0x6a, 0xc9, 0xcd, 0xaa, 0x6a, 0xcd, 0xa7, 0x65, 0x3c,
  0xc3, 0xc4, 0x6a, 0xcd, 0xcb, 0x6a, 0xca, 0x94, 0x6a, 0xcd, 0x8c, 0x42,
  0xcd, 0x51, 0x42, 0xc3, 0x9b, 0x6a, 0xcd, 0x7c, 0x68, 0xd5, 0x2a, 0x68,
  0xf4, 0x11, 0x6a, 0xf4, 0x1a, 0xe7, 0x13, 0xdf, 0xc2, 0xb4, 0x6a, 0x3a,
  0xf6, 0xf4, 0xa7, 0xcc, 0xa7, 0x42, 0xd1, 0xc9, 0xd5, 0xcd, 0xe5, 0x6a,
  0xc3, 0xcf, 0x6a, 0xd5, 0xcd, 0xe2, 0x6a, 0x4f, 0xe3, 0xdf, 0x79, 0xeb,
  0xe1, 0xc8, 0x73, 0x23, 0x72, 0x79, 0xc9, 0xcd, 0xa7, 0x65, 0x3c, 0xc3,
  0xe5, 0x6a, 0x3a, 0xe5, 0xf3, 0x5f, 0x16, 0x00, 0x21, 0x05, 0xf5, 0x19,
  0x19, 0x5e, 0x23, 0x56, 0x2b, 0xc9, 0xcd, 0xe2, 0x6a, 0x3d, 0xca, 0xfe,
  0x6a, 0x2b, 0x56, 0x2b, 0x5e, 0xc9, 0x2a, 0x83, 0xf5, 0xdf, 0xda, 0x09,
  0x6b, 0x11, 0x00, 0x00, 0xc9, 0xd5, 0x1b, 0xdf, 0xd2, 0x27, 0x6b, 0x1b,
  0xdf, 0xd2, 0x27, 0x6b, 0x1a, 0xfe, 0x0a, 0xc2, 0x0f, 0x6b, 0x1b, 0xdf,
  0xd2, 0x27, 0x6b, 0x1a, 0x13, 0xfe, 0x0d, 0xc2, 0x0f, 0x6b, 0x13, 0xd5,
  0xcd, 0x7c, 0x68, 0xc1, 0xeb, 0xd1, 0xd5, 0xdf, 0xeb, 0xda, 0x27, 0x6b,
  0xd1, 0x59, 0x50, 0xc9, 0xcd, 0xf2, 0x6a, 0xeb, 0x22, 0x05, 0xf5, 0xc9,
  0x22, 0x01, 0xf5, 0xe5, 0x21, 0x07, 0xf5, 0xcd, 0xa7, 0x65, 0x47, 0x5e,
  0x23, 0x56, 0x23, 0xe5, 0x2a, 0x01, 0xf5, 0xdf, 0xda, 0x61, 0x6b, 0xe1,
  0xeb, 0xe3, 0xeb, 0x05, 0xf2, 0x4b, 0x6b, 0xf3, 0x76, 0xeb, 0xe1, 0xe1,
  0xe5, 0x21, 0x6a, 0xf4, 0x22, 0x68, 0xf4, 0xaf, 0x32, 0x66, 0xf4, 0xe1,
  0x2b, 0x23, 0xdf, 0xd2, 0x8b, 0x6b, 0x7e, 0xcd, 0x4f, 0x69, 0x7e, 0xfe,
  0x20, 0xd2, 0x71, 0x6b, 0xfe, 0x09, 0xca, 0x71, 0x6b, 0xcd, 0x4f, 0x69,
  0xc3, 0x71, 0x6b, 0x3a, 0x66, 0xf4, 0x3c, 0x67, 0xcd, 0xa7, 0x65, 0x90,
  0x6f, 0xc9, 0xcd, 0xe2, 0x6a, 0xd5, 0x3c, 0xcd, 0xe5, 0x6a, 0x7a, 0xa3,
  0x3c, 0xc2, 0xa9, 0x6b, 0x2a, 0x88, 0xfa, 0xeb, 0x13, 0x1b, 0x1a, 0xfe,
  0x0a, 0xc2, 0xb8, 0x6b, 0x1b, 0x1a, 0xfe, 0x0d, 0xca, 0xb8, 0x6b, 0x13,
  0xe1, 0xe5, 0xcd, 0x64, 0x6b, 0x3a, 0xe6, 0xf3, 0xbc, 0xda, 0xa9, 0x6b,
  0xe1, 0xeb, 0xc9, 0x2a, 0x83, 0xf5, 0x3e, 0x1a, 0xbe, 0x23, 0xc2, 0xcc,
  0x6b, 0x2b, 0x22, 0x88, 0xfa, 0xc9, 0xf5, 0xeb, 0x2a, 0x83, 0xf5, 0xeb,
  0xe5, 0xd5, 0xcd, 0x7c, 0x68, 0xc1, 0xe1, 0xdf, 0xd2, 0xdc, 0x6b, 0x60,
  0x69, 0xc1, 0x05, 0xc8, 0xeb, 0xc5, 0xcd, 0xfe, 0x6a, 0xc1, 0x7a, 0xb3,
  0x2a, 0x83, 0xf5, 0xc8, 0x05, 0xc2, 0xed, 0x6b, 0xeb, 0xc9, 0x01, 0x01,
  0x00, 0xf5, 0xcd, 0x0a, 0x6c, 0xc1, 0xd8, 0x70, 0x23, 0xc9, 0xeb, 0x2a,
  0xe9, 0xfa, 0x09, 0xd8, 0x3e, 0x88, 0x95, 0x6f, 0x3e, 0xff, 0x9c, 0x67,
  0xd8, 0x39, 0x3f, 0xd8, 0xc5, 0xcd, 0x60, 0x6c, 0x2a, 0xe9, 0xfa, 0x7d,
  0x93, 0x5f, 0x7c, 0x9a, 0x57, 0xd5, 0x5d, 0x54, 0x09, 0x22, 0xe9, 0xfa,
  0xeb, 0x1b, 0x2b, 0xc1, 0x78, 0xb1, 0xc4, 0x83, 0x6c, 0x23, 0xc1, 0xc9,
  0x78, 0xb1, 0xc8, 0xe5, 0xc5, 0xe5, 0x09, 0xeb, 0x2a, 0xe9, 0xfa, 0xeb,
  0x7b, 0x95, 0x4f, 0x7a, 0x9c, 0x47, 0xd1, 0x78, 0xb1, 0xc4, 0x78, 0x6c,
  0xeb, 0x22, 0xe9, 0xfa, 0xc1, 0xaf, 0x91, 0x4f, 0x9f, 0x90, 0x47, 0xe1,
  0xe5, 0x2a, 0xe3, 0xfa, 0x09, 0x22, 0xe3, 0xfa, 0x2a, 0xe5, 0xfa, 0x09,
  0x22, 0xe5, 0xfa, 0x2a, 0xe7, 0xfa, 0x09, 0x22, 0xe7, 0xfa, 0xe1, 0xc9,
  0x7e, 0x12, 0x23, 0x13, 0x0b, 0x78, 0xb1, 0xc2, 0x78, 0x6c, 0xc9, 0x7e,
  0x12, 0x2b, 0x1b, 0x0b, 0x78, 0xb1, 0xc2, 0x83, 0x6c, 0xc9, 0xb0, 0xd0,
  0x6c, 0x42, 0x41, 0x53, 0x49, 0x43, 0x20, 0x20, 0x00, 0xb0, 0xc4, 0x5f,
  0x54, 0x45, 0x58, 0x54, 0x20, 0x20, 0x20, 0x00, 0xb0, 0xdc, 0x52, 0x54,
  0x45, 0x4c, 0x43, 0x4f, 0x4d, 0x20, 0x00, 0x88, 0x00, 0x00, 0x00, 0x53,
  0x75, 0x7a, 0x75, 0x6b, 0x69, 0x20, 0xc8, 0x00, 0x00, 0x00, 0x48, 0x61,
  0x79, 0x61, 0x73, 0x68, 0x69, 0x48, 0x00, 0x00, 0x00, 0x52, 0x69, 0x63,
  0x6b, 0x59, 0x20, 0x20, 0xcd, 0x3e, 0x7e, 0x21, 0x70, 0xf8, 0x22, 0x79,
  0xf9, 0x2a, 0x71, 0xf8, 0x22, 0x5d, 0xf4, 0x3e, 0xff, 0x32, 0xe9, 0xf3,
  0xcd, 0x00, 0x6d, 0xcd, 0xfb, 0x5d, 0xaf, 0x32, 0xfc, 0xf3, 0xcd, 0x14,
  0x07, 0xcd, 0xf5, 0x3f, 0xc3, 0x2d, 0x06, 0x21, 0xa5, 0xf6, 0x11, 0x46,
  0xf7, 0xc3, 0x06, 0x6d, 0x21, 0x46, 0xf7, 0x11, 0xa5, 0xf6, 0x06, 0xa0,
  0xc3, 0xfd, 0x28, 0x2b, 0xd7, 0x1a, 0x3c, 0xc8, 0xe5, 0x06, 0x04, 0x1a,
  0x4f, 0xcd, 0xb5, 0x12, 0xb9, 0x13, 0x23, 0xc2, 0x30, 0x6d, 0x05, 0xc2,
  0x13, 0x6d, 0xf1, 0xe5, 0xeb, 0x5e, 0x23, 0x56, 0xeb, 0xd1, 0xe3, 0xe5,
  0xeb, 0x24, 0x25, 0xc9, 0x13, 0x05, 0xc2, 0x30, 0x6d, 0x13, 0xe1, 0xc3,
  0x0d, 0x6d, 0xf3, 0x21, 0x40, 0xfe, 0x06, 0x84, 0xcd, 0xa0, 0x50, 0x3c,
  0xf5, 0xf3, 0x3e, 0x19, 0x30, 0xdb, 0xc8, 0x3e, 0x43, 0xd3, 0xb8, 0x3e,
  0x05, 0xcd, 0xb3, 0x73, 0x3e, 0xed, 0xd3, 0xba, 0x3a, 0x43, 0xfe, 0xcd,
  0xb2, 0x6f, 0xcd, 0x0a, 0x77, 0xcd, 0xbc, 0x75, 0xaf, 0xd3, 0xfe, 0xcd,
  0xbc, 0x75, 0x3e, 0x3b, 0xd3, 0xfe, 0xcd, 0xb4, 0x75, 0xcd, 0xbc, 0x75,
  0x3e, 0x39, 0xd3, 0xfe, 0xfb, 0xf1, 0xc8, 0xcd, 0xae, 0x6f, 0x3a, 0xc1,
  0xfe, 0xfe, 0x02, 0xd0, 0xcd, 0xcc, 0x77, 0xcd, 0xc6, 0x77, 0x3a, 0xc1,
  0xfe, 0x3d, 0xc4, 0x4e, 0x78, 0xc9, 0xc5, 0x4f, 0xcd, 0xdf, 0x72, 0xda,
  0xbf, 0x6d, 0xdb, 0xbb, 0xe6, 0x06, 0xee, 0x02, 0xc2, 0x94, 0x6d, 0xcd,
  0xe5, 0x76, 0x79, 0xd3, 0xb9, 0x3a, 0x44, 0xfe, 0x47, 0xf6, 0x20, 0x00,
  0xd3, 0x90, 0x78, 0xd3, 0x90, 0xc5, 0x0e, 0x06, 0xcd, 0xeb, 0x7f, 0xc1,
  0x3e, 0x09, 0x30, 0x79, 0xc1, 0xc9, 0x3a, 0x42, 0xfe, 0xb7, 0xca, 0xce,
  0x6d, 0x3a, 0x41, 0xfe, 0x3c, 0xc8, 0x3a, 0x45, 0xfe, 0xb7, 0xc9, 0xe5,
  0xd5, 0xc5, 0x21, 0x67, 0x72, 0xe5, 0x21, 0x45, 0xfe, 0xcd, 0xbf, 0x77,
  0xcd, 0xc2, 0x6d, 0xca, 0xdd, 0x6d, 0xfe, 0x03, 0xdc, 0x97, 0x6e, 0xf3,
  0x35, 0xcd, 0x84, 0x6e, 0x7e, 0xeb, 0x23, 0x23, 0x34, 0x35, 0xc8, 0x35,
  0xca, 0xfd, 0x6d, 0xbf, 0xc9, 0xf6, 0xff, 0xc9, 0xcd, 0x8c, 0xf3, 0xe5,
  0xd5, 0xc5, 0xf5, 0x21, 0x66, 0x72, 0xe5, 0xdb, 0xc8, 0x21, 0x4c, 0xfe,
  0xa6, 0x4f, 0xdb, 0xd8, 0xe6, 0x0e, 0x47, 0xc2, 0x2f, 0x6e, 0x79, 0xfe,
  0x11, 0xca, 0x26, 0x6e, 0xfe, 0x13, 0xc2, 0x2f, 0x6e, 0x3e, 0xaf, 0x32,
  0x40, 0xfe, 0x3a, 0x42, 0xfe, 0xb7, 0xc0, 0x3a, 0x43, 0xfe, 0xfe, 0x03,
  0xc2, 0x51, 0x6e, 0x3a, 0x0b, 0xf4, 0xfe, 0x53, 0xc2, 0x51, 0x6e, 0x21,
  0xb8, 0xf9, 0x79, 0xd6, 0x0f, 0xc2, 0x4a, 0x6e, 0x77, 0xc9, 0x3c, 0xc2,
  0x51, 0x6e, 0x36, 0x80, 0xc9, 0x21, 0x45, 0xfe, 0x7e, 0xfe, 0xff, 0xc8,
  0xfe, 0xe7, 0xd4, 0xaa, 0x6e, 0xc5, 0x34, 0x23, 0xcd, 0x84, 0x6e, 0xc1,
  0x3a, 0x0b, 0xf4, 0xfe, 0x53, 0xc2, 0x72, 0x6e, 0x79, 0xfe, 0x20, 0xda,
  0x76, 0x6e, 0x3a, 0xb8, 0xf9, 0xb1, 0x77, 0x78, 0xb7, 0xc8, 0xeb, 0x23,
  0x35, 0x34, 0xc0, 0x3a, 0x45, 0xfe, 0x77, 0xc9, 0x23, 0x4e, 0x79, 0x3c,
  0xfe, 0xff, 0xda, 0x8e, 0x6e, 0xaf, 0x77, 0xeb, 0x21, 0xc4, 0xfe, 0x06,
  0x00, 0x09, 0xc9, 0x3a, 0x42, 0xfe, 0xa7, 0xc8, 0x3a, 0x49, 0xfe, 0x3d,
  0xc0, 0x32, 0x49, 0xfe, 0xc5, 0x0e, 0x11, 0xc3, 0xe6, 0x6e, 0x3a, 0x42,
  0xfe, 0xa7, 0xc8, 0x3a, 0x49, 0xfe, 0xb7, 0xc0, 0x3c, 0x32, 0x49, 0xfe,
  0xc5, 0x0e, 0x13, 0xc3, 0xec, 0x6e, 0xff, 0x52, 0xc5, 0x4f, 0x3a, 0x0b,
  0xf4, 0xfe, 0x53, 0xc2, 0xdc, 0x6e, 0x3a, 0xb7, 0xf9, 0xa9, 0x79, 0x32,
  0xb7, 0xf9, 0xf2, 0xdc, 0x6e, 0x87, 0x9f, 0xc6, 0x0f, 0xcd, 0xde, 0x6e,
  0x79, 0xc1, 0xc5, 0x4f, 0xcd, 0xf9, 0x6e, 0xda, 0xf6, 0x6e, 0x00, 0x00,
  0x00, 0x00, 0x00, 0x00, 0xdb, 0xd8, 0xe6, 0x10, 0xca, 0xec, 0x6e, 0x79,
  0xd3, 0xc8, 0x79, 0xc1, 0xc9, 0x3a, 0x42, 0xfe, 0xb7, 0xc8, 0x79, 0xfe,
  0x11, 0xc2, 0x0b, 0x6f, 0xaf, 0x32, 0x49, 0xfe, 0xc3, 0x11, 0x6f, 0xd6,
  0x13, 0xc2, 0x15, 0x6f, 0x3d, 0x32, 0x41, 0xfe, 0xc9, 0xcd, 0xdf, 0x72,
  0xd8, 0x3a, 0x40, 0xfe, 0xb7, 0xc2, 0x15, 0x6f, 0xc9, 0xe5, 0x7c, 0x07,
  0x21, 0x3e, 0x6f, 0x16, 0x00, 0x5f, 0x19, 0x22, 0x4a, 0xfe, 0xe1, 0xe5,
  0x2a, 0x4a, 0xfe, 0x7e, 0xd3, 0xbc, 0x23, 0x7e, 0xd3, 0xbd, 0x3e, 0xc3,
  0xd3, 0xb8, 0xe1, 0xc9, 0x00, 0x48, 0x6b, 0x45, 0x00, 0x42, 0x00, 0x41,
  0x80, 0x40, 0x40, 0x40, 0x20, 0x40, 0x10, 0x40, 0x08, 0x40, 0x3e, 0x01,
  0x01, 0x3e, 0x02, 0x01, 0x3e, 0x03, 0xe5, 0xd5, 0xc5, 0xf5, 0xfe, 0x03,
  0xca, 0x6c, 0x6f, 0xcd, 0x8e, 0x6f, 0x01, 0xff, 0xc0, 0x21, 0x1c, 0x09,
  0xf3, 0x79, 0x32, 0x4c, 0xfe, 0xf1, 0xf5, 0xcd, 0xb2, 0x6f, 0xcd, 0x21,
  0x6f, 0xdb, 0xba, 0xe6, 0x3f, 0xb0, 0xd3, 0xba, 0xdb, 0xd8, 0x7d, 0xe6,
  0x1f, 0xd3, 0xd8, 0xcd, 0x95, 0x6f, 0xc3, 0x66, 0x72, 0x3e, 0xaf, 0xf3,
  0x32, 0x42, 0xfe, 0xfb, 0xc9, 0xaf, 0x6f, 0x67, 0x22, 0x40, 0xfe, 0x22,
  0x45, 0xfe, 0x22, 0x47, 0xfe, 0x22, 0xb7, 0xf9, 0x32, 0x49, 0xfe, 0xc9,
  0xdb, 0xba, 0xf6, 0xc0, 0xd3, 0xba, 0xaf, 0x32, 0xc2, 0xfe, 0xff, 0x54,
  0xc5, 0x4f, 0xb7, 0xca, 0xc5, 0x6f, 0x3a, 0x43, 0xfe, 0xb7, 0xca, 0xc5,
  0x6f, 0xb9, 0xc2, 0x6e, 0x05, 0x79, 0x32, 0x43, 0xfe, 0x0f, 0x0f, 0x4f,
  0x3a, 0x44, 0xfe, 0xe6, 0x3f, 0xb1, 0x32, 0x44, 0xfe, 0xd3, 0x90, 0xc1,
  0xc9, 0x3a, 0x44, 0xfe, 0xe6, 0xf7, 0x1c, 0x1d, 0xca, 0xe5, 0x6f, 0xf6,
  0x08, 0xd3, 0x90, 0x32, 0x44, 0xfe, 0xc9, 0x4f, 0x11, 0xa5, 0x00, 0xcd,
  0x3b, 0x70, 0xdb, 0xb9, 0xc6, 0x00, 0x06, 0x08, 0x00, 0x00, 0x2a, 0x00,
  0x00, 0x13, 0x79, 0x1f, 0x4f, 0xda, 0x2c, 0x70, 0xc6, 0x00, 0x11, 0xa5,
  0x00, 0xcd, 0x3b, 0x70, 0xdb, 0xb9, 0x05, 0xc2, 0xf8, 0x6f, 0x3e, 0x03,
  0x3d, 0xc2, 0x14, 0x70, 0x3a, 0x00, 0x00, 0x11, 0xa8, 0x00, 0xcd, 0x36,
  0x70, 0x00, 0x00, 0x11, 0xa8, 0x00, 0xcd, 0x36, 0x70, 0xc3, 0xdf, 0x72,
  0x00, 0x11, 0xa5, 0x00, 0xcd, 0x36, 0x70, 0xc3, 0x0e, 0x70, 0x3e, 0xd0,
  0xc3, 0x3f, 0x70, 0xdb, 0xb9, 0x3e, 0x50, 0x30, 0x1b, 0x7a, 0xb3, 0xc2,
  0x40, 0x70, 0xc9, 0xcd, 0x3b, 0x70, 0x01, 0x78, 0x14, 0xcd, 0x47, 0x73,
  0xcd, 0x36, 0x70, 0x01, 0xe8, 0x03, 0xc3, 0x47, 0x73, 0x16, 0x00, 0xcd,
  0xaf, 0x70, 0xd8, 0x7c, 0x17, 0xda, 0x59, 0x70, 0x14, 0xc2, 0x5b, 0x70,
  0x16, 0x00, 0xcd, 0xaf, 0x70, 0xd8, 0x7c, 0xa7, 0xf2, 0x68, 0x70, 0x14,
  0xf2, 0x6a, 0x70, 0xc9, 0x1e, 0x00, 0xcd, 0xdf, 0x72, 0xd8, 0x20, 0x07,
  0xd2, 0x7a, 0x70, 0x1c, 0xca, 0x78, 0x70, 0x20, 0x07, 0xda, 0x83, 0x70,
  0xaf, 0xc9, 0xcd, 0x78, 0x70, 0xd8, 0x3e, 0x14, 0xbb, 0xd2, 0x8e, 0x70,
  0xcd, 0x78, 0x70, 0xd8, 0x3e, 0x14, 0xbb, 0xd2, 0x8e, 0x70, 0x2e, 0x08,
  0xcd, 0xaf, 0x70, 0xd8, 0x2d, 0xc2, 0xa4, 0x70, 0x7c, 0xbc, 0xc9, 0xcd,
  0x78, 0x70, 0xd8, 0x43, 0xcd, 0x78, 0x70, 0xd8, 0x78, 0x83, 0xfe, 0x28,
  0xd2, 0xc8, 0x70, 0xcd, 0x78, 0x70, 0xd8, 0xcd, 0x78, 0x70, 0xd8, 0x37,
  0x7c, 0x1f, 0x67, 0xaf, 0xc9, 0x21, 0x63, 0x72, 0xe5, 0x21, 0x4d, 0xfe,
  0x35, 0xc0, 0x36, 0x03, 0x21, 0x57, 0xfe, 0x11, 0x60, 0xfe, 0x3e, 0xff,
  0xd3, 0xb9, 0xdb, 0xba, 0xe6, 0xfe, 0xd3, 0xba, 0xdb, 0xe8, 0xf5, 0xdb,
  0xba, 0x3c, 0xd3, 0xba, 0xf1, 0x2f, 0xbe, 0x77, 0xc2, 0xfb, 0x70, 0x1a,
  0x47, 0x7e, 0x12, 0xaf, 0xd3, 0xb9, 0xdb, 0xe8, 0x3c, 0x3e, 0xff, 0xd3,
  0xb9, 0xca, 0x6c, 0x72, 0x3e, 0x7f, 0x0e, 0x07, 0x47, 0xd3, 0xb9, 0xdb,
  0xe8, 0x2f, 0x2b, 0x1b, 0xbe, 0x77, 0x3e, 0xff, 0xd3, 0xb9, 0xc2, 0x22,
  0x71, 0x1a, 0xbe, 0xc4, 0x51, 0x71, 0x78, 0x0f, 0x0d, 0xf2, 0x0c, 0x71,
  0x2b, 0x36, 0x02, 0x21, 0x63, 0xfe, 0x35, 0xca, 0x8d, 0x71, 0x34, 0xf8,
  0x3a, 0x65, 0xfe, 0x2a, 0x66, 0xfe, 0xa6, 0xc8, 0x3a, 0x68, 0xfe, 0xfe,
  0x02, 0xd0, 0x21, 0x62, 0xfe, 0x35, 0xc0, 0x36, 0x06, 0x3e, 0x01, 0x32,
  0xb8, 0xfe, 0xc3, 0x95, 0x71, 0xc5, 0xe5, 0xd5, 0x47, 0x3e, 0x80, 0x1e,
  0x07, 0x57, 0xa6, 0xca, 0x62, 0x71, 0xa0, 0xca, 0x6e, 0x71, 0x7a, 0x0f,
  0x1d, 0xf2, 0x59, 0x71, 0xd1, 0xe1, 0x7e, 0x12, 0xc1, 0xc9, 0x21, 0x63,
  0xfe, 0x3c, 0xbe, 0xc2, 0x7a, 0x71, 0xd1, 0xe1, 0xc1, 0xc9, 0x77, 0x79,
  0x07, 0x07, 0x07, 0xb3, 0x23, 0x77, 0x23, 0x72, 0xd1, 0xeb, 0x22, 0x66,
  0xfe, 0xeb, 0xc3, 0x69, 0x71, 0x2b, 0x36, 0x54, 0x2b, 0x3a, 0x60, 0xfe,
  0x77, 0x21, 0x24, 0x72, 0xe5, 0x21, 0x64, 0xfe, 0x7e, 0x4f, 0x11, 0x2e,
  0x00, 0x42, 0xfe, 0x35, 0x78, 0x98, 0x23, 0xa6, 0x77, 0x3a, 0x61, 0xfe,
  0x0f, 0xf5, 0x79, 0xbb, 0xda, 0xd5, 0x71, 0xf1, 0x5f, 0x0f, 0xd2, 0xc7,
  0x71, 0x79, 0xfe, 0x31, 0xda, 0xc7, 0x71, 0xfe, 0x35, 0x21, 0xea, 0x71,
  0xda, 0xd2, 0x71, 0x21, 0xfd, 0x7b, 0x7b, 0x07, 0xd2, 0xd2, 0x71, 0x21,
  0x0f, 0x7c, 0x09, 0x7e, 0xc9, 0xf1, 0x58, 0xd2, 0xdc, 0x71, 0x1e, 0x15,
  0xf5, 0x21, 0xe9, 0x7b, 0xe6, 0x20, 0xca, 0xe8, 0x71, 0x21, 0x4f, 0x7c,
  0x09, 0xf1, 0x0f, 0xda, 0x06, 0x72, 0x0f, 0xda, 0xd8, 0x7a, 0x1d, 0xf2,
  0xfd, 0x71, 0xe6, 0x02, 0x7e, 0xc8, 0xc3, 0x1a, 0x7b, 0x79, 0xfe, 0x1a,
  0xda, 0xf8, 0x71, 0x19, 0x7e, 0xc9, 0xe6, 0x10, 0x79, 0x0e, 0x1b, 0xc4,
  0x15, 0x72, 0xb9, 0x7e, 0xda, 0x1f, 0x72, 0xaf, 0xc9, 0x0d, 0xfe, 0x22,
  0xc0, 0xaf, 0xc9, 0x17, 0x1a, 0x11, 0x12, 0x7e, 0xe6, 0x1f, 0xe1, 0xda,
  0xb7, 0xc8, 0x4f, 0xd6, 0xf0, 0xda, 0x30, 0x72, 0x4f, 0xc3, 0x52, 0x72,
  0x79, 0xfe, 0x11, 0xca, 0x3d, 0x72, 0xe6, 0xef, 0xfe, 0x03, 0xc2, 0x53,
  0x72, 0x3a, 0xfc, 0xf3, 0xe6, 0xc0, 0xc2, 0x53, 0x72, 0x79, 0x32, 0xa9,
  0xfe, 0xfe, 0x03, 0xc0, 0x21, 0x68, 0xfe, 0x36, 0x00, 0x04, 0x05, 0x21,
  0x68, 0xfe, 0x7e, 0xfe, 0x20, 0xd0, 0x34, 0x07, 0x23, 0x5f, 0x19, 0x71,
  0x23, 0x70, 0xf1, 0x3e, 0x09, 0x30, 0xf1, 0xc1, 0xd1, 0xe1, 0xfb, 0xc9,
  0x21, 0x4e, 0xfe, 0x35, 0xc0, 0x21, 0x4f, 0xfe, 0x06, 0x11, 0xc3, 0xa0,
  0x50, 0xcd, 0xe5, 0x76, 0x3a, 0x68, 0xfe, 0xb7, 0xca, 0xa0, 0x72, 0x21,
  0x6a, 0xfe, 0x7e, 0xc6, 0x02, 0x2b, 0x7e, 0xf5, 0x2b, 0x35, 0x7e, 0x07,
  0x4f, 0x11, 0x6b, 0xfe, 0x23, 0x0d, 0xfa, 0xa1, 0x72, 0x1a, 0x77, 0x23,
  0x13, 0xc3, 0x95, 0x72, 0xf5, 0x3e, 0x09, 0x30, 0xf1, 0xc9, 0xcd, 0xb9,
  0x72, 0xca, 0xb4, 0x72, 0xfe, 0x03, 0xc2, 0xb4, 0x72, 0xb7, 0x37, 0xc9,
  0x3a, 0x68, 0xfe, 0xb7, 0xc9, 0xe5, 0x3a, 0xe9, 0xf3, 0xb7, 0xca, 0xd6,
  0x72, 0x3a, 0x60, 0xfe, 0x6f, 0x3a, 0xaa, 0xfe, 0xad, 0xe6, 0x01, 0xca,
  0xd6, 0x72, 0xa5, 0xd5, 0xc5, 0xcd, 0xe5, 0x42, 0xc1, 0xd1, 0x21, 0xa9,
  0xfe, 0x7e, 0x36, 0x00, 0xe1, 0xb7, 0xc9, 0xc5, 0xdb, 0xba, 0x47, 0xf6,
  0x01, 0xd3, 0xba, 0xdb, 0xb9, 0x4f, 0x3e, 0x7f, 0xd3, 0xb9, 0xdb, 0xe8,
  0xf5, 0x3e, 0xff, 0xd3, 0xb9, 0x78, 0xe6, 0xfe, 0xd3, 0xba, 0xdb, 0xe8,
  0x0f, 0x79, 0xd3, 0xb9, 0x78, 0xd3, 0xba, 0xc1, 0x78, 0x1f, 0xe6, 0xc0,
  0xc1, 0xc0, 0x3c, 0x37, 0xc9, 0xf3, 0x7b, 0xd3, 0xbc, 0x7a, 0xf6, 0x40,
  0xd3, 0xbd, 0x3e, 0xc3, 0xd3, 0xb8, 0xdb, 0xba, 0xe6, 0xf8, 0xf6, 0x20,
  0xd3, 0xba, 0xcd, 0xdf, 0x72, 0xd2, 0x30, 0x73, 0x3e, 0x03, 0x32, 0xa9,
  0xfe, 0xc3, 0x3c, 0x73, 0xc5, 0x01, 0x2f, 0x01, 0xcd, 0x47, 0x73, 0xc1,
  0x05, 0xc2, 0x22, 0x73, 0xdb, 0xba, 0xf6, 0x04, 0xd3, 0xba, 0xcd, 0x2f,
  0x6f, 0xfb, 0xc9, 0x79, 0xc5, 0x0e, 0x48, 0x0d, 0xc2, 0x4b, 0x73, 0xc1,
  0x3d, 0xc2, 0x48, 0x73, 0x05, 0xc2, 0x47, 0x73, 0xc9, 0xf6, 0xaf, 0xf5,
  0xcd, 0xe5, 0x76, 0x3e, 0x03, 0xc4, 0xb3, 0x73, 0x3e, 0x01, 0xcd, 0xb3,
  0x73, 0x0e, 0x07, 0xcd, 0xe0, 0x76, 0x06, 0x0a, 0x0e, 0x04, 0x56, 0xf1,
  0xf5, 0xca, 0x82, 0x73, 0xdb, 0xbb, 0x1f, 0x7a, 0x1f, 0x57, 0xaf, 0xc3,
  0x8d, 0x73, 0x7a, 0x0f, 0x57, 0x3e, 0x10, 0x1f, 0x1f, 0x1f, 0x1f, 0xd3,
  0xb9, 0xf6, 0x09, 0xd3, 0xb9, 0xe6, 0xf7, 0xd3, 0xb9, 0x0d, 0xc2, 0x73,
  0x73, 0x7a, 0x0f, 0x0f, 0x0f, 0x0f, 0xe6, 0x0f, 0x77, 0x23, 0x05, 0xc2,
  0x70, 0x73, 0xf1, 0x3e, 0x02, 0xcc, 0xb3, 0x73, 0xaf, 0xcd, 0xb3, 0x73,
  0xc3, 0xc0, 0x74, 0xd3, 0xb9, 0x3a, 0x44, 0xfe, 0xf6, 0x10, 0xd3, 0x90,
  0xe6, 0xef, 0xd3, 0x90, 0xc9, 0xcd, 0xe5, 0x76, 0x21, 0xcd, 0x70, 0xe5,
  0x21, 0xb8, 0xfe, 0x35, 0xc0, 0x36, 0x7d, 0x2b, 0x7e, 0xb7, 0xf2, 0xd6,
  0x73, 0xe0, 0xee, 0x01, 0x77, 0x3a, 0x31, 0xf8, 0xb7, 0xca, 0x09, 0x74,
  0xe5, 0xcd, 0x26, 0x75, 0x3a, 0xb7, 0xfe, 0x0f, 0xd2, 0x23, 0x74, 0xd5,
  0x3a, 0xdc, 0xf3, 0x5f, 0x3e, 0x06, 0x21, 0xb1, 0xfe, 0x01, 0xab, 0xfe,
  0xc5, 0xf5, 0x7e, 0xb3, 0x02, 0x03, 0x23, 0xf1, 0x3d, 0xc2, 0xf9, 0x73,
  0xe1, 0xd1, 0xc3, 0x1e, 0x74, 0xe5, 0x21, 0xab, 0xfe, 0x16, 0x00, 0xcd,
  0x2b, 0x75, 0x06, 0x06, 0x2b, 0x7e, 0x2f, 0x77, 0x2b, 0x05, 0xc2, 0x15,
  0x74, 0x23, 0x16, 0x01, 0xcd, 0x2b, 0x75, 0xe1, 0xc9, 0xf6, 0xaf, 0xe5,
  0xd5, 0xc5, 0xf5, 0xcd, 0xe5, 0x76, 0x21, 0xb7, 0xfe, 0x7e, 0x0f, 0x36,
  0x80, 0xdc, 0x26, 0x75, 0xf1, 0xf5, 0xca, 0x63, 0x72, 0x16, 0x00, 0xcd,
  0x28, 0x75, 0xaf, 0x32, 0xb7, 0xfe, 0x3c, 0x32, 0xb8, 0xfe, 0xc3, 0x63,
  0x72, 0xcd, 0xe5, 0x76, 0x21, 0x00, 0x00, 0x39, 0x22, 0xbd, 0xfe, 0x15,
  0x1d, 0xeb, 0x22, 0xb9, 0xfe, 0x79, 0x11, 0xb7, 0x78, 0xd6, 0x20, 0xca,
  0x94, 0x74, 0xfe, 0x60, 0xd2, 0x7d, 0x74, 0x21, 0xff, 0x7a, 0x06, 0x09,
  0xbe, 0xca, 0xea, 0x7a, 0x23, 0x05, 0xc2, 0x70, 0x74, 0x37, 0xc3, 0x94,
  0x74, 0xd6, 0x63, 0xd2, 0x88, 0x74, 0xc6, 0x53, 0xb7, 0xc3, 0x94, 0x74,
  0x47, 0x1b, 0x2a, 0xbf, 0xfe, 0x7d, 0xb4, 0xca, 0x94, 0x74, 0xeb, 0x78,
  0xf5, 0x6f, 0x26, 0x00, 0x44, 0x4d, 0x29, 0x29, 0x09, 0xf1, 0xf5, 0xda,
  0xa3, 0x74, 0x09, 0x19, 0xf1, 0xd2, 0xb4, 0x74, 0x11, 0xab, 0xfe, 0xd5,
  0x06, 0x05, 0xcd, 0xfd, 0x28, 0xaf, 0x12, 0xe1, 0x16, 0x01, 0xcd, 0x2b,
  0x75, 0xaf, 0x32, 0xbe, 0xfe, 0xcd, 0xb4, 0x75, 0x3e, 0x09, 0x30, 0xc9,
  0xcd, 0xe5, 0x76, 0x15, 0x1d, 0xeb, 0x22, 0xb9, 0xfe, 0xc3, 0xc0, 0x74,
  0xf6, 0xaf, 0xf5, 0xcd, 0xe5, 0x76, 0xd5, 0x0e, 0xfe, 0x7a, 0x0c, 0x0c,
  0x57, 0xd6, 0x32, 0xd2, 0xda, 0x74, 0x06, 0x00, 0x21, 0xcc, 0x76, 0x7b,
  0x17, 0x17, 0x17, 0xd2, 0xf1, 0x74, 0x21, 0xd6, 0x76, 0x09, 0x47, 0xcd,
  0xc4, 0x75, 0x78, 0xe6, 0xc0, 0xb2, 0x47, 0x1e, 0x01, 0x21, 0xab, 0xfe,
  0xcd, 0x7e, 0x75, 0xd1, 0x50, 0x7b, 0xe6, 0x07, 0x87, 0x4f, 0x06, 0x00,
  0x21, 0xcc, 0x76, 0x09, 0xf1, 0x7e, 0x21, 0xab, 0xfe, 0xc2, 0x1b, 0x75,
  0x2f, 0xa6, 0x06, 0xb6, 0x77, 0x42, 0x1e, 0x01, 0xcd, 0x7f, 0x75, 0xc3,
  0xc0, 0x74, 0x16, 0x01, 0x21, 0xb1, 0xfe, 0xe5, 0x1e, 0x06, 0x3a, 0xba,
  0xfe, 0xfe, 0x08, 0xca, 0x40, 0x75, 0xfe, 0x10, 0xca, 0x42, 0x75, 0xfe,
  0x21, 0xc2, 0x44, 0x75, 0x1d, 0x1d, 0x1d, 0x1d, 0x4f, 0x81, 0x81, 0x4f,
  0x06, 0x00, 0x3a, 0xb9, 0xfe, 0x1f, 0x1f, 0x1f, 0x21, 0x52, 0x76, 0xda,
  0x59, 0x75, 0x21, 0xda, 0x75, 0x09, 0x47, 0xcd, 0xc4, 0x75, 0x22, 0xbb,
  0xfe, 0x78, 0xb6, 0x47, 0xe1, 0x15, 0xcd, 0x80, 0x75, 0x14, 0x3e, 0x06,
  0x93, 0xc8, 0x5f, 0xe5, 0x2a, 0xbb, 0xfe, 0x23, 0xcd, 0xc4, 0x75, 0xe1,
  0x78, 0xe6, 0xc0, 0x47, 0x15, 0xda, 0xf6, 0xaf, 0xd5, 0xf5, 0x78, 0xcd,
  0xd1, 0x75, 0xd3, 0xfe, 0xca, 0x90, 0x75, 0xcd, 0xd1, 0x75, 0xdb, 0xff,
  0xf1, 0xc2, 0xa4, 0x75, 0xdb, 0xfe, 0x17, 0xda, 0x94, 0x75, 0x7e, 0xd3,
  0xff, 0x23, 0x1d, 0xc2, 0x94, 0x75, 0xd1, 0xc9, 0xdb, 0xfe, 0x17, 0xda,
  0xa4, 0x75, 0xdb, 0xff, 0x77, 0x23, 0x1d, 0xc2, 0xa4, 0x75, 0xd1, 0xc9,
  0xcd, 0xbc, 0x75, 0x3e, 0x3e, 0xd3, 0xfe, 0xc9, 0x0e, 0x03, 0xcd, 0xe0,
  0x76, 0x21, 0xca, 0x76, 0x7e, 0xd3, 0xb9, 0x23, 0xdb, 0xba, 0xe6, 0xfc,
  0xb6, 0xd3, 0xba, 0x23, 0xc9, 0xf5, 0xdb, 0xfe, 0x17, 0xda, 0xd2, 0x75,
  0xf1, 0xc9, 0x01, 0x00, 0x00, 0x01, 0x00, 0x06, 0x01, 0x00, 0x0c, 0x01,
  0x00, 0x12, 0x01, 0x00, 0x18, 0x01, 0x00, 0x1e, 0x01, 0x00, 0x24, 0x01,
  0x00, 0x2a, 0x01, 0x00, 0x30, 0x02, 0x00, 0x04, 0x02, 0x00, 0x0a, 0x02,
  0x00, 0x10, 0x02, 0x00, 0x16, 0x02, 0x00, 0x1c, 0x02, 0x00, 0x22, 0x02,
  0x00, 0x28, 0x02, 0x00, 0x2e, 0x04, 0x00, 0x02, 0x04, 0x00, 0x08, 0x04,
  0x00, 0x0e, 0x04, 0x00, 0x14, 0x04, 0x00, 0x1a, 0x04, 0x00, 0x20, 0x04,
  0x00, 0x26, 0x04, 0x00, 0x2c, 0x08, 0x00, 0x00, 0x08, 0x00, 0x06, 0x08,
  0x00, 0x0c, 0x08, 0x00, 0x12, 0x08, 0x00, 0x18, 0x08, 0x00, 0x1e, 0x08,
  0x00, 0x24, 0x08, 0x00, 0x2a, 0x08, 0x00, 0x30, 0x10, 0x00, 0x04, 0x10,
  0x00, 0x0a, 0x10, 0x00, 0x10, 0x10, 0x00, 0x16, 0x10, 0x00, 0x1c, 0x10,
  0x00, 0x22, 0x20, 0x00, 0x00, 0x20, 0x00, 0x06, 0x20, 0x00, 0x0c, 0x20,
  0x00, 0x12, 0x20, 0x00, 0x18, 0x20, 0x00, 0x1e, 0x20, 0x00, 0x24, 0x20,
  0x00, 0x2a, 0x20, 0x00, 0x30, 0x40, 0x00, 0x04, 0x40, 0x00, 0x0a, 0x40,
  0x00, 0x10, 0x40, 0x00, 0x16, 0x40, 0x00, 0x1c, 0x40, 0x00, 0x22, 0x40,
  0x00, 0x28, 0x40, 0x00, 0x2e, 0x80, 0x00, 0x02, 0x80, 0x00, 0x08, 0x80,
  0x00, 0x0e, 0x80, 0x00, 0x14, 0x80, 0x00, 0x1a, 0x80, 0x00, 0x20, 0x80,
  0x00, 0x26, 0x80, 0x00, 0x2c, 0x00, 0x01, 0x00, 0x00, 0x01, 0x06, 0x00,
  0x01, 0x0c, 0x00, 0x01, 0x12, 0x00, 0x01, 0x18, 0x00, 0x01, 0x1e, 0x00,
  0x01, 0x24, 0x00, 0x01, 0x2a, 0x00, 0x01, 0x30, 0x00, 0x02, 0x04, 0x00,
  0x02, 0x0a, 0x00, 0x02, 0x10, 0x00, 0x02, 0x16, 0x00, 0x02, 0x1c, 0x00,
  0x02, 0x22, 0xff, 0x03, 0x01, 0x00, 0x02, 0x00, 0x04, 0x00, 0x08, 0x00,
  0x10, 0x00, 0x20, 0x00, 0x40, 0x00, 0x80, 0x00, 0x00, 0x01, 0x00, 0x02,
  0x0d, 0xc2, 0xe0, 0x76, 0xc9, 0xf3, 0x3e, 0x1d, 0x30, 0xfb, 0xc9, 0xcd,
  0xe5, 0x76, 0x06, 0x00, 0xcd, 0xff, 0x76, 0x0e, 0x50, 0xcd, 0xe0, 0x76,
  0x05, 0xc2, 0xf0, 0x76, 0xc3, 0xc0, 0x74, 0xdb, 0xba, 0xee, 0x20, 0xd3,
  0xba, 0xc9, 0xcd, 0x46, 0x77, 0xc8, 0x3e, 0x91, 0xd3, 0x73, 0xcd, 0x46,
  0x77, 0xc0, 0x0e, 0x00, 0x3e, 0x0f, 0xd3, 0x73, 0xcd, 0xbf, 0x77, 0xdb,
  0x72, 0xe6, 0x02, 0xca, 0x18, 0x77, 0x3e, 0x0e, 0xd3, 0x73, 0x79, 0xd3,
  0x71, 0x3e, 0x09, 0xd3, 0x73, 0xcd, 0xbf, 0x77, 0xdb, 0x72, 0xe6, 0x04,
  0xca, 0x2d, 0x77, 0x3e, 0x08, 0xd3, 0x73, 0xcd, 0xbf, 0x77, 0xdb, 0x72,
  0xe6, 0x04, 0xc2, 0x3b, 0x77, 0xc9, 0xc5, 0x3e, 0x55, 0x47, 0xd3, 0x71,
  0xdb, 0x71, 0xb8, 0xc1, 0xc9, 0x3e, 0x0b, 0xd3, 0x73, 0xcd, 0xbf, 0x77,
  0xdb, 0x72, 0xe6, 0x01, 0xca, 0x55, 0x77, 0x3e, 0x0a, 0xd3, 0x73, 0xdb,
  0x70, 0x4f, 0x3e, 0x0d, 0xd3, 0x73, 0xcd, 0xbf, 0x77, 0xdb, 0x72, 0xe6,
  0x01, 0xc2, 0x6a, 0x77, 0x3e, 0x0c, 0xd3, 0x73, 0xc9, 0xdb, 0xba, 0xe6,
  0x7f, 0xd3, 0xba, 0x16, 0x00, 0xcd, 0x8f, 0x77, 0xf5, 0xdb, 0xba, 0xf6,
  0x80, 0xd3, 0xba, 0xf1, 0xd8, 0x16, 0x10, 0x3a, 0xc2, 0xfe, 0x5f, 0x01,
  0xf4, 0x01, 0xcd, 0xbf, 0x77, 0xdb, 0xbb, 0xe6, 0x10, 0xaa, 0xc8, 0x0b,
  0x79, 0xb0, 0xc2, 0x96, 0x77, 0x1d, 0xc2, 0x93, 0x77, 0x37, 0xc9, 0xc5,
  0xcd, 0x79, 0x77, 0xc1, 0xd8, 0xcd, 0xbf, 0x77, 0xdb, 0xd8, 0xe6, 0x10,
  0xca, 0xb1, 0x77, 0x79, 0xd3, 0xc8, 0xc9, 0xcd, 0xdf, 0x72, 0xd0, 0xe3,
  0xe1, 0xc9, 0xcd, 0x52, 0x6f, 0xc3, 0xcf, 0x77, 0xcd, 0x55, 0x6f, 0x21,
  0xae, 0x6f, 0xe5, 0x3e, 0x01, 0x32, 0xc2, 0xfe, 0x0e, 0x04, 0xcd, 0xab,
  0x77, 0xd8, 0xaf, 0x32, 0xc2, 0xfe, 0xcd, 0x3e, 0x78, 0xe6, 0x3f, 0xc0,
  0xcd, 0x45, 0x78, 0x11, 0x06, 0x00, 0xdf, 0xc0, 0xcd, 0x45, 0x78, 0xd8,
  0xeb, 0xcd, 0x45, 0x78, 0xd8, 0xcd, 0x9f, 0x78, 0xd8, 0xcd, 0x45, 0x78,
  0xd8, 0xeb, 0xc1, 0x3e, 0xff, 0x32, 0xc3, 0xfe, 0xf9, 0xd5, 0x11, 0x00,
  0x00, 0xd5, 0xc5, 0x0e, 0x47, 0xcd, 0xab, 0x77, 0xd8, 0x0e, 0x04, 0xcd,
  0xb1, 0x77, 0xd8, 0xcd, 0x3e, 0x78, 0xd8, 0xe6, 0x3f, 0xca, 0x2a, 0x78,
  0xfe, 0x0e, 0xc0, 0xe1, 0xe1, 0xc9, 0xeb, 0xcd, 0x45, 0x78, 0xd8, 0xeb,
  0xcd, 0x3e, 0x78, 0x77, 0x23, 0x1b, 0x7a, 0xb3, 0xc2, 0x30, 0x78, 0xc3,
  0x0f, 0x78, 0xcd, 0xd3, 0x6d, 0xc8, 0xf1, 0x37, 0xc9, 0xcd, 0x3e, 0x78,
  0x67, 0xcd, 0x3e, 0x78, 0x6f, 0xc9, 0xcd, 0x06, 0x77, 0xc0, 0x21, 0x12,
  0x77, 0xe5, 0x0e, 0x1b, 0xcd, 0x18, 0x77, 0xd8, 0x0e, 0x2a, 0xcd, 0x18,
  0x77, 0xd8, 0xcd, 0x91, 0x78, 0xd8, 0xeb, 0xcd, 0x91, 0x78, 0xd8, 0xcd,
  0x9f, 0x78, 0xd8, 0x44, 0x4d, 0xcd, 0x91, 0x78, 0xd8, 0x3e, 0xff, 0x32,
  0xc3, 0xfe, 0xeb, 0xf9, 0xd5, 0x11, 0x00, 0x00, 0xd5, 0x50, 0x59, 0xcd,
  0x51, 0x77, 0xd8, 0x71, 0x23, 0x1b, 0x7a, 0xb3, 0xc2, 0x83, 0x78, 0xf1,
  0xc9, 0xc5, 0xcd, 0x51, 0x77, 0x61, 0xc1, 0xd8, 0xc5, 0xcd, 0x51, 0x77,
  0x69, 0xc1, 0xc9, 0xe5, 0x2a, 0xe5, 0xfa, 0x01, 0x40, 0x00, 0x09, 0xdf,
  0xe1, 0x3f, 0xd8, 0xe5, 0xd5, 0x19, 0xeb, 0x2a, 0x84, 0xf3, 0xdf, 0xd1,
  0xe1, 0xc9, 0x00, 0x00, 0x00, 0x00, 0x00, 0x00, 0x00, 0x00, 0x4f, 0x00,
  0x00, 0x00, 0x07, 0x00, 0x07, 0x00, 0x14, 0x7f, 0x14, 0x7f, 0x14, 0x24,
  0x2a, 0x7f, 0x2a, 0x12, 0x23, 0x13, 0x08, 0x64, 0x62, 0x3a, 0x45, 0x4a,
  0x30, 0x28, 0x00, 0x04, 0x02, 0x01, 0x00, 0x00, 0x1c, 0x22, 0x41, 0x00,
  0x00, 0x41, 0x22, 0x1c, 0x00, 0x22, 0x14, 0x7f, 0x14, 0x22, 0x08, 0x08,
  0x3e, 0x08, 0x08, 0x00, 0x80, 0x60, 0x00, 0x00, 0x08, 0x08, 0x08, 0x08,
  0x08, 0x00, 0x60, 0x60, 0x00, 0x00, 0x40, 0x20, 0x10, 0x08, 0x04, 0x3e,
  0x51, 0x49, 0x45, 0x3e, 0x44, 0x42, 0x7f, 0x40, 0x40, 0x62, 0x51, 0x51,
  0x49, 0x46, 0x22, 0x41, 0x49, 0x49, 0x36, 0x18, 0x14, 0x12, 0x7f, 0x10,
  0x47, 0x45, 0x45, 0x29, 0x11, 0x3c, 0x4a, 0x49, 0x49, 0x30, 0x03, 0x01,
  0x79, 0x05, 0x03, 0x36, 0x49, 0x49, 0x49, 0x36, 0x06, 0x49, 0x49, 0x29,
  0x1e, 0x00, 0x00, 0x24, 0x00, 0x00, 0x00, 0x80, 0x64, 0x00, 0x00, 0x08,
  0x1c, 0x36, 0x63, 0x41, 0x14, 0x14, 0x14, 0x14, 0x14, 0x41, 0x63, 0x36,
  0x1c, 0x08, 0x02, 0x01, 0x51, 0x09, 0x06, 0x32, 0x49, 0x79, 0x41, 0x3e,
  0x7c, 0x12, 0x11, 0x12, 0x7c, 0x41, 0x7f, 0x49, 0x49, 0x36, 0x1c, 0x22,
  0x41, 0x41, 0x22, 0x41, 0x7f, 0x41, 0x22, 0x1c, 0x7f, 0x49, 0x49, 0x49,
  0x41, 0x7f, 0x09, 0x09, 0x09, 0x01, 0x3e, 0x41, 0x49, 0x49, 0x3a, 0x7f,
  0x08, 0x08, 0x08, 0x7f, 0x00, 0x41, 0x7f, 0x41, 0x00, 0x30, 0x40, 0x41,
  0x3f, 0x01, 0x7f, 0x08, 0x14, 0x22, 0x41, 0x7f, 0x40, 0x40, 0x40, 0x40,
  0x7f, 0x02, 0x0c, 0x02, 0x7f, 0x7f, 0x06, 0x08, 0x30, 0x7f, 0x3e, 0x41,
  0x41, 0x41, 0x3e, 0x7f, 0x09, 0x09, 0x09, 0x06, 0x3e, 0x41, 0x51, 0x21,
  0x5e, 0x7f, 0x09, 0x19, 0x29, 0x46, 0x26, 0x49, 0x49, 0x49, 0x32, 0x01,
  0x01, 0x7f, 0x01, 0x01, 0x3f, 0x40, 0x40, 0x40, 0x3f, 0x0f, 0x30, 0x40,
  0x30, 0x0f, 0x7f, 0x20, 0x18, 0x20, 0x7f, 0x63, 0x14, 0x08, 0x14, 0x63,
  0x07, 0x08, 0x78, 0x08, 0x07, 0x61, 0x51, 0x49, 0x45, 0x43, 0x00, 0x7f,
  0x41, 0x41, 0x00, 0x04, 0x08, 0x10, 0x20, 0x40, 0x00, 0x41, 0x41, 0x7f,
  0x00, 0x04, 0x02, 0x01, 0x02, 0x04, 0x80, 0x80, 0x80, 0x80, 0x80, 0x00,
  0x01, 0x02, 0x04, 0x00, 0x20, 0x54, 0x54, 0x54, 0x78, 0x7f, 0x28, 0x44,
  0x44, 0x38, 0x38, 0x44, 0x44, 0x44, 0x20, 0x38, 0x44, 0x44, 0x28, 0x7f,
  0x38, 0x54, 0x54, 0x54, 0x18, 0x08, 0x08, 0x7e, 0x09, 0x0a, 0x18, 0xa4,
  0xa4, 0x98, 0x7c, 0x7f, 0x04, 0x04, 0x04, 0x78, 0x00, 0x44, 0x7d, 0x40,
  0x00, 0x40, 0x80, 0x84, 0x7d, 0x00, 0x00, 0x7f, 0x10, 0x28, 0x44, 0x00,
  0x41, 0x7f, 0x40, 0x00, 0x7c, 0x04, 0x78, 0x04, 0x78, 0x7c, 0x08, 0x04,
  0x04, 0x78, 0x38, 0x44, 0x44, 0x44, 0x38, 0xfc, 0x18, 0x24, 0x24, 0x18,
  0x18, 0x24, 0x24, 0x18, 0xfc, 0x7c, 0x08, 0x04, 0x04, 0x08, 0x58, 0x54,
  0x54, 0x54, 0x24, 0x04, 0x3f, 0x44, 0x44, 0x20, 0x3c, 0x40, 0x40, 0x3c,
  0x40, 0x1c, 0x20, 0x40, 0x20, 0x1c, 0x3c, 0x40, 0x38, 0x40, 0x3c, 0x44,
  0x28, 0x10, 0x28, 0x44, 0x1c, 0xa0, 0xa0, 0x90, 0x7c, 0x44, 0x64, 0x54,
  0x4c, 0x00, 0x00, 0x08, 0x36, 0x41, 0x41, 0x00, 0x00, 0x7f, 0x00, 0x00,
  0x41, 0x41, 0x36, 0x08, 0x00, 0x02, 0x01, 0x02, 0x04, 0x02, 0x00, 0x00,
  0x00, 0x00, 0x00, 0x00, 0x08, 0x1c, 0x3e, 0x7f, 0x00, 0x20, 0x70, 0xf8,
  0x20, 0x3e, 0x00, 0x55, 0xaa, 0x55, 0xaa, 0x55, 0xaa, 0x00, 0x00, 0x44,
  0x7f, 0x45, 0x45, 0x20, 0x18, 0xa7, 0xa5, 0xe5, 0x18, 0x79, 0x24, 0x22,
  0x24, 0x79, 0x3d, 0x42, 0x42, 0x42, 0x3d, 0x3d, 0x40, 0x40, 0x40, 0x3d,
  0x20, 0x55, 0x54, 0x55, 0x78, 0x38, 0x45, 0x44, 0x45, 0x38, 0x3c, 0x41,
  0x40, 0x7d, 0x40, 0x7e, 0x25, 0x25, 0x25, 0x1a, 0x1d, 0xfa, 0xde, 0x7a,
  0x06, 0x20, 0x79, 0xfe, 0x20, 0xd2, 0xe8, 0x7a, 0xc6, 0x80, 0x80, 0xc9,
  0xaf, 0xc9, 0x3a, 0x61, 0xfe, 0x07, 0xd2, 0xfa, 0x7a, 0x01, 0x09, 0x00,
  0x09, 0x07, 0xd2, 0xfa, 0x7a, 0x09, 0x7e, 0x37, 0xc3, 0x94, 0x74, 0x03,
  0x20, 0x3b, 0x3c, 0x3d, 0x5b, 0x5c, 0x5d, 0x5e, 0x64, 0x20, 0x3b, 0x3c,
  0x3d, 0x5b, 0x5c, 0x5d, 0x5e, 0x03, 0x65, 0x66, 0x67, 0x68, 0x69, 0x6a,
  0x6b, 0x6c, 0x4f, 0xfe, 0x61, 0xd8, 0x3a, 0x61, 0xfe, 0xe6, 0x40, 0x79,
  0xc2, 0x2d, 0x7b, 0xfe, 0x7b, 0xd0, 0xe6, 0x5f, 0xc9, 0xfe, 0x7e, 0xd0,
  0xe6, 0x5f, 0xc9, 0x44, 0x20, 0x10, 0x0f, 0xcd, 0x45, 0x17, 0xcd, 0x92,
  0x22, 0xc9, 0xd5, 0xc5, 0xcd, 0x45, 0x17, 0xc1, 0xd1, 0x2a, 0x5d, 0xf4,
  0xc9, 0x44, 0x4d, 0xe3, 0x22, 0x2a, 0xfb, 0x2a, 0x8e, 0xfa, 0x22, 0x24,
  0xfb, 0x2a, 0x90, 0xfa, 0x22, 0x26, 0xfb, 0x2a, 0x92, 0xfa, 0x22, 0x28,
  0xfb, 0x60, 0x69, 0xcd, 0xf9, 0x3f, 0x44, 0x4d, 0x2a, 0x28, 0xfb, 0x22,
  0x92, 0xfa, 0x2a, 0x26, 0xfb, 0x22, 0x90, 0xfa, 0x2a, 0x24, 0xfb, 0x22,
  0x8e, 0xfa, 0x2a, 0x2a, 0xfb, 0xe5, 0x60, 0x69, 0xc9, 0xcd, 0x15, 0x33,
  0xe5, 0x2a, 0x28, 0xfb, 0x11, 0x80, 0xf3, 0xdf, 0xeb, 0xdc, 0x52, 0x2b,
  0xe1, 0xc9, 0xdb, 0xa2, 0xf5, 0x21, 0x00, 0x00, 0x39, 0x22, 0xae, 0xf9,
  0x3a, 0x82, 0xf3, 0xa7, 0xc2, 0xa7, 0x7b, 0x3d, 0x32, 0x82, 0xf3, 0xcd,
  0xf4, 0x1e, 0xc3, 0xbf, 0x18, 0x25, 0x1c, 0x00, 0x1f, 0x40, 0xc3, 0x00,
  0x7d, 0x3e, 0x00, 0x7f, 0x20, 0x00, 0x7f, 0x40, 0x20, 0x18, 0x7e, 0x42,
  0x42, 0x42, 0x7e, 0x07, 0x01, 0x41, 0x21, 0x1f, 0x42, 0x42, 0x40, 0x20,
  0x18, 0x01, 0x02, 0x00, 0x01, 0x02, 0x02, 0x05, 0x05, 0x02, 0x00, 0x00,
  0x08, 0x1c, 0x3e, 0x7f, 0x00, 0x20, 0x70, 0xf8, 0x20, 0x3e, 0x00, 0x55,
  0xaa, 0x55, 0xaa, 0x55, 0xaa, 0x7a, 0x78, 0x63, 0x76, 0x62, 0x6e, 0x6d,
  0x6c, 0x61, 0x73, 0x64, 0x66, 0x67, 0x68, 0x6a, 0x6b, 0x71, 0x77, 0x65,
  0x72, 0x74, 0x79, 0x75, 0x69, 0x6f, 0x70, 0x40, 0x5c, 0x2c, 0x2e, 0x2f,
  0x5d, 0x31, 0x32, 0x33, 0x34, 0x35, 0x36, 0x37, 0x38, 0x39, 0x30, 0x3b,
  0x3a, 0x2d, 0x5b, 0x5e, 0x7c, 0x3c, 0x3e, 0x3f, 0x7d, 0x21, 0x22, 0x23,
  0x24, 0x25, 0x26, 0x27, 0x28, 0x29, 0x5f, 0x2b, 0x2a, 0x3d, 0x7b, 0x20,
  0x12, 0x08, 0x1e, 0x1f, 0x1d, 0x1c, 0x09, 0x1b, 0x0d, 0xf0, 0xf1, 0xf2,
  0xf3, 0xf4, 0x00, 0x00, 0x03, 0x20, 0xfa, 0x7f, 0x14, 0x02, 0x01, 0x06,
  0x09, 0x1b, 0x0d, 0xf5, 0xf6, 0xf7, 0xf8, 0xf9, 0x00, 0x00, 0x03, 0x79,
  0x78, 0x63, 0x76, 0x62, 0x6e, 0x6d, 0x6c, 0x61, 0x73, 0x64, 0x66, 0x67,
  0x68, 0x6a, 0x6b, 0x71, 0x77, 0x65, 0x72, 0x74, 0x7a, 0x75, 0x69, 0x6f,
  0x70, 0x7d, 0x23, 0x2c, 0x2e, 0x2d, 0x2b, 0x31, 0x32, 0x33, 0x34, 0x35,
  0x36, 0x37, 0x38, 0x39, 0x30, 0x7c, 0x7b, 0x7e, 0x3c, 0x5d, 0x5e, 0x3b,
  0x3a, 0x27, 0x2a, 0x21, 0x22, 0x40, 0x24, 0x25, 0x26, 0x2f, 0x28, 0x29,
  0x3d, 0x5c, 0x5b, 0x3f, 0x3e, 0x00, 0x00, 0x00, 0xf3, 0x31, 0xc0, 0xfb,
  0x21, 0x30, 0x75, 0x2b, 0x7c, 0xb5, 0xc2, 0x9b, 0x7c, 0xdb, 0xd8, 0xa7,
  0xf2, 0x9b, 0x7c, 0x3e, 0x43, 0xd3, 0xb8, 0x3e, 0xec, 0xd3, 0xba, 0x3e,
  0xff, 0xd3, 0xb9, 0xdb, 0xe8, 0xe6, 0x03, 0x3e, 0xed, 0xd3, 0xba, 0xca,
  0x83, 0x7d, 0x2a, 0x80, 0xf3, 0x11, 0x4d, 0x8a, 0xdf, 0xc2, 0x83, 0x7d,
  0xdb, 0xa0, 0xe6, 0x0c, 0xc2, 0xe5, 0x7c, 0x3a, 0xdb, 0xf3, 0xa7, 0xca,
  0xe5, 0x7c, 0x11, 0xdc, 0x7c, 0xc3, 0xcf, 0x7e, 0xca, 0xe5, 0x7c, 0xaf,
  0xd3, 0xa1, 0x32, 0xdb, 0xf3, 0x3a, 0xb1, 0xf9, 0x57, 0xcd, 0x81, 0x7e,
  0xba, 0xc2, 0x83, 0x7d, 0xcd, 0x95, 0xf3, 0x3e, 0x00, 0xc2, 0xf9, 0x7c,
  0x3d, 0x21, 0xbf, 0xf3, 0xbe, 0xc2, 0x83, 0x7d, 0x2a, 0x82, 0xf3, 0xeb,
  0x21, 0x00, 0x00, 0x22, 0x82, 0xf3, 0x21, 0x0b, 0x9c, 0xdf, 0xc2, 0x49,
  0x7d, 0x2a, 0xae, 0xf9, 0xf9, 0xcd, 0x86, 0xf3, 0xcd, 0x6f, 0x7d, 0x2a,
  0xbd, 0xfe, 0xe5, 0x2a, 0xba, 0xf9, 0x7d, 0xa7, 0xca, 0x2c, 0x7d, 0x7c,
  0xa7, 0xca, 0x5c, 0x7d, 0x21, 0xc3, 0xfe, 0xaf, 0xbe, 0x77, 0xc2, 0x5c,
  0x7d, 0x3a, 0xe4, 0xf3, 0xa7, 0xc2, 0x60, 0x7d, 0xcd, 0x84, 0x46, 0xe1,
  0x7c, 0xa7, 0xca, 0x5d, 0x19, 0xf9, 0xc3, 0xb9, 0x74, 0x3a, 0xfd, 0xf3,
  0xa7, 0xca, 0x5c, 0x7d, 0xcd, 0x6f, 0x7d, 0xcd, 0x8f, 0x5f, 0xcd, 0x84,
  0x46, 0xc3, 0xb6, 0x61, 0x3c, 0x32, 0x99, 0xf9, 0x2a, 0x59, 0xf4, 0xf9,
  0xcd, 0x86, 0xf3, 0xcd, 0xe4, 0x7f, 0x21, 0x45, 0x56, 0xe5, 0xf6, 0xaf,
  0xcd, 0x44, 0x6d, 0xaf, 0x32, 0x01, 0xf4, 0x3a, 0x43, 0xfe, 0xfe, 0x03,
  0xc0, 0x21, 0x06, 0xf4, 0xc3, 0x4e, 0x1c, 0x31, 0x76, 0xf3, 0xcd, 0x81,
  0x7e, 0x06, 0xe1, 0x11, 0x80, 0xf3, 0x21, 0x2b, 0x04, 0xcd, 0xfd, 0x28,
  0xcd, 0x66, 0x7e, 0x3e, 0x0c, 0x32, 0x3f, 0xf8, 0x3e, 0x64, 0x32, 0x40,
  0xf8, 0x21, 0x06, 0x5f, 0xcd, 0xdc, 0x5d, 0xcd, 0xf7, 0x6c, 0x06, 0x42,
  0x11, 0x8e, 0x6c, 0x21, 0x4f, 0xf8, 0xcd, 0xf7, 0x31, 0x06, 0xe7, 0xcd,
  0xa0, 0x50, 0x36, 0xff, 0xcd, 0x95, 0xf3, 0xc2, 0xda, 0x7d, 0x3d, 0x32,
  0xbf, 0xf3, 0x21, 0x91, 0xf8, 0x36, 0xf0, 0x23, 0x23, 0x23, 0x11, 0x93,
  0xf9, 0x06, 0x06, 0xcd, 0xf7, 0x31, 0x36, 0x20, 0x23, 0x70, 0xaf, 0x32,
  0xa3, 0xf6, 0x32, 0x8c, 0xfb, 0x32, 0x41, 0xf8, 0x3e, 0x3a, 0x32, 0x61,
  0xf4, 0x21, 0x07, 0xfb, 0x22, 0x0c, 0xfb, 0x22, 0x59, 0xf4, 0x01, 0x00,
  0x01, 0x09, 0x22, 0x9a, 0xfa, 0x3e, 0x01, 0x32, 0xe6, 0xfa, 0xcd, 0x1c,
  0x7f, 0xcd, 0x37, 0x40, 0x2a, 0xb0, 0xf9, 0xaf, 0x77, 0x23, 0x22, 0x5d,
  0xf4, 0x22, 0x71, 0xf8, 0x77, 0x23, 0x77, 0x23, 0x22, 0xe1, 0xfa, 0x22,
  0x7c, 0xf8, 0x36, 0x1a, 0x23, 0x22, 0xe3, 0xfa, 0x22, 0xe5, 0xfa, 0x21,
  0x70, 0xf8, 0x22, 0x79, 0xf9, 0xcd, 0xee, 0x22, 0xcd, 0x3a, 0x6d, 0x21,
  0x33, 0x38, 0x22, 0x3c, 0xf8, 0x21, 0xa1, 0x7e, 0xcd, 0x5a, 0x73, 0xc3,
  0x45, 0x56, 0x21, 0x95, 0x7f, 0xcd, 0x72, 0x2b, 0xcd, 0x61, 0x4d, 0xff,
  0x58, 0xcd, 0x52, 0x7e, 0x21, 0x89, 0x7f, 0xc3, 0x72, 0x2b, 0x2a, 0xe5,
  0xfa, 0xeb, 0x2a, 0x59, 0xf4, 0x7d, 0x93, 0x6f, 0x7c, 0x9a, 0x67, 0x01,
  0xf2, 0xff, 0x09, 0xc3, 0x98, 0x38, 0x21, 0xcc, 0xf9, 0x01, 0x02, 0x2f,
  0x11, 0xdb, 0x7f, 0x73, 0x23, 0x72, 0x23, 0x05, 0xc2, 0x6f, 0x7e, 0x06,
  0x1b, 0x11, 0x87, 0x0b, 0x0d, 0xc2, 0x6f, 0x7e, 0xc9, 0x21, 0x00, 0xc0,
  0x7e, 0x2f, 0x77, 0xbe, 0x2f, 0x77, 0x7c, 0xc2, 0x98, 0x7e, 0x2c, 0xc2,
  0x84, 0x7e, 0xd6, 0x20, 0x67, 0xfa, 0x84, 0x7e, 0x2e, 0x00, 0xc6, 0x20,
  0x67, 0x22, 0xb0, 0xf9, 0xc9, 0x00, 0x00, 0x00, 0x00, 0x00, 0x00, 0x01,
  0x00, 0x00, 0x01, 0xf3, 0xdb, 0xa0, 0xc6, 0x04, 0xe6, 0x0c, 0xfe, 0x04,
  0xca, 0xae, 0x7e, 0x11, 0xbd, 0x7e, 0xc3, 0xcf, 0x7e, 0xc2, 0xab, 0x7e,
  0xdb, 0xa0, 0x4f, 0xaf, 0xd3, 0xa1, 0x79, 0x32, 0xdb, 0xf3, 0xd3, 0xa1,
  0xc3, 0x00, 0x00, 0xd3, 0xa1, 0x21, 0x00, 0xe0, 0x7e, 0x2f, 0x77, 0xbe,
  0x2f, 0x77, 0xc2, 0xe1, 0x7e, 0x2c, 0xc2, 0xd4, 0x7e, 0xeb, 0xe9, 0xd2,
  0x68, 0x05, 0x06, 0x00, 0xe6, 0x0f, 0x57, 0xf6, 0x37, 0xdb, 0xa0, 0x4f,
  0x78, 0xd3, 0xa1, 0xda, 0xf7, 0x7e, 0x72, 0x56, 0x79, 0xd3, 0xa1, 0xc9,
  0xcf, 0xcd, 0xcf, 0xf1, 0xcd, 0xe3, 0x13, 0xc2, 0x68, 0x05, 0xfe, 0x10,
  0xd2, 0x87, 0x0b, 0x22, 0xcb, 0xfa, 0xf5, 0xcd, 0xbf, 0x4f, 0xf1, 0xcd,
  0x1c, 0x7f, 0xcd, 0xfc, 0x3f, 0xc3, 0x1d, 0x0a, 0xf5, 0x2a, 0x84, 0xf3,
  0x11, 0xf5, 0xfe, 0x19, 0x3d, 0xf2, 0x23, 0x7f, 0xeb, 0x2a, 0x59, 0xf4,
  0x44, 0x4d, 0x2a, 0x9a, 0xfa, 0x7d, 0x91, 0x6f, 0x7c, 0x98, 0x67, 0xf1,
  0xe5, 0xf5, 0x01, 0x8c, 0x00, 0x09, 0x44, 0x4d, 0x2a, 0xe5, 0xfa, 0x09,
  0xdf, 0xd2, 0xe4, 0x3f, 0xf1, 0x32, 0x62, 0xfb, 0x6b, 0x62, 0x22, 0x63,
  0xfb, 0x2b, 0x2b, 0x22, 0x9a, 0xfa, 0xc1, 0x7d, 0x91, 0x6f, 0x7c, 0x98,
  0x67, 0x22, 0x59, 0xf4, 0x2b, 0x2b, 0xc1, 0xf9, 0xc5, 0x3a, 0x62, 0xfb,
  0x6f, 0x2c, 0x26, 0x00, 0x29, 0x19, 0xeb, 0xd5, 0x01, 0x09, 0x01, 0x73,
  0x23, 0x72, 0x23, 0xeb, 0x36, 0x00, 0x09, 0xeb, 0x3d, 0xf2, 0x73, 0x7f,
  0xe1, 0x01, 0x09, 0x00, 0x09, 0x22, 0x67, 0xfb, 0xc9, 0x20, 0x42, 0x79,
  0x74, 0x65, 0x73, 0x20, 0x66, 0x72, 0x65, 0x65, 0x00, 0x4e, 0x45, 0x43,
  0x20, 0x50, 0x43, 0x2d, 0x38, 0x32, 0x30, 0x31, 0x20, 0x42, 0x41, 0x53,
  0x49, 0x43, 0x20, 0x56, 0x65, 0x72, 0x20, 0x31, 0x2e, 0x30, 0x20, 0x28,
  0x43, 0x29, 0x20, 0x4d, 0x69, 0x63, 0x72, 0x6f, 0x73, 0x6f, 0x66, 0x74,
  0x20, 0x00, 0xe3, 0xf5, 0x7e, 0x32, 0xbc, 0xf9, 0xf1, 0x23, 0xe3, 0xe5,
  0xc5, 0xf5, 0x21, 0xcc, 0xf9, 0x3a, 0xbc, 0xf9, 0x4f, 0x06, 0x00, 0x09,
  0x7e, 0x23, 0x66, 0x6f, 0xf1, 0xc1, 0xe3, 0xc9, 0x3a, 0xea, 0xf3, 0xa7,
  0xc8, 0xc3, 0x9a, 0x49, 0xaf, 0x32, 0x55, 0xf4, 0xc3, 0x37, 0x40, 0x06,
  0x00, 0xdb, 0xbb, 0xe6, 0x04, 0xc8, 0x05, 0xc2, 0xed, 0x7f, 0x0d, 0xc2,
  0xeb, 0x7f, 0xc9, 0xeb, 0x7f, 0xc3, 0xbb, 0x6d
};
